지역,시기,대분류,항목,유형,하위 10%,하위 25%,중간값,상위 25%,상위 10%
전국,4월,스튜디오,"20페이지 앨범, 20R 액자 제공",필수,70,112,136,154,200
수도권,4월,스튜디오,"20페이지 앨범, 20R 액자 제공",필수,76,120,142,171,220
비수도권,4월,스튜디오,"20페이지 앨범, 20R 액자 제공",필수,66,110,130,150,176
서울(강남),4월,스튜디오,"20페이지 앨범, 20R 액자 제공",필수,115,132,151,189,231
서울(강남외),4월,스튜디오,"20페이지 앨범, 20R 액자 제공",필수,48,100,139,149,208
부산,4월,스튜디오,"20페이지 앨범, 20R 액자 제공",필수,110,120,130,154,176
대구,4월,스튜디오,"20페이지 앨범, 20R 액자 제공",필수,120,123,140,150,169
인천,4월,스튜디오,"20페이지 앨범, 20R 액자 제공",필수,83,120,130,136,150
광주,4월,스튜디오,"20페이지 앨범, 20R 액자 제공",필수,66,77,150,176,319
대전,4월,스튜디오,"20페이지 앨범, 20R 액자 제공",필수,102,125,140,143,154
울산,4월,스튜디오,"20페이지 앨범, 20R 액자 제공",필수,77,120,130,143,172
경기도,4월,스튜디오,"20페이지 앨범, 20R 액자 제공",필수,46,65,88,120,149
강원도,4월,스튜디오,"20페이지 앨범, 20R 액자 제공",필수,80,132,154,164,189
충청도,4월,스튜디오,"20페이지 앨범, 20R 액자 제공",필수,61,75,100,129,149
전라도,4월,스튜디오,"20페이지 앨범, 20R 액자 제공",필수,66,85,110,150,175
경상도,4월,스튜디오,"20페이지 앨범, 20R 액자 제공",필수,113,119,130,133,142
제주도,4월,스튜디오,"20페이지 앨범, 20R 액자 제공",필수,105,105,112,-,-
전국,3월,스튜디오,"20페이지 앨범, 20R 액자 제공",필수,70,115,139,155,200
수도권,3월,스튜디오,"20페이지 앨범, 20R 액자 제공",필수,75,120,141,171,220
비수도권,3월,스튜디오,"20페이지 앨범, 20R 액자 제공",필수,70,110,130,150,179
서울(강남),3월,스튜디오,"20페이지 앨범, 20R 액자 제공",필수,109,132,150,186,231
서울(강남외),3월,스튜디오,"20페이지 앨범, 20R 액자 제공",필수,48,100,139,149,208
부산,3월,스튜디오,"20페이지 앨범, 20R 액자 제공",필수,110,120,130,150,180
대구,3월,스튜디오,"20페이지 앨범, 20R 액자 제공",필수,120,129,140,153,180
인천,3월,스튜디오,"20페이지 앨범, 20R 액자 제공",필수,83,120,130,136,150
광주,3월,스튜디오,"20페이지 앨범, 20R 액자 제공",필수,66,77,150,176,319
대전,3월,스튜디오,"20페이지 앨범, 20R 액자 제공",필수,102,125,140,143,154
울산,3월,스튜디오,"20페이지 앨범, 20R 액자 제공",필수,77,120,130,143,172
경기도,3월,스튜디오,"20페이지 앨범, 20R 액자 제공",필수,46,65,88,120,149
강원도,3월,스튜디오,"20페이지 앨범, 20R 액자 제공",필수,80,132,154,164,189
충청도,3월,스튜디오,"20페이지 앨범, 20R 액자 제공",필수,61,75,100,129,149
전라도,3월,스튜디오,"20페이지 앨범, 20R 액자 제공",필수,66,85,110,150,175
경상도,3월,스튜디오,"20페이지 앨범, 20R 액자 제공",필수,113,119,130,133,142
제주도,3월,스튜디오,"20페이지 앨범, 20R 액자 제공",필수,105,105,112,-,-
전국,2월,스튜디오,"20페이지 앨범, 20R 액자 제공",필수,70,115,137,154,200
수도권,2월,스튜디오,"20페이지 앨범, 20R 액자 제공",필수,75,117,140,171,220
비수도권,2월,스튜디오,"20페이지 앨범, 20R 액자 제공",필수,70,110,130,150,179
서울(강남),2월,스튜디오,"20페이지 앨범, 20R 액자 제공",필수,105,132,150,191,234
서울(강남외),2월,스튜디오,"20페이지 앨범, 20R 액자 제공",필수,68,116,132,149,164
부산,2월,스튜디오,"20페이지 앨범, 20R 액자 제공",필수,110,120,130,150,180
대구,2월,스튜디오,"20페이지 앨범, 20R 액자 제공",필수,120,129,140,153,180
인천,2월,스튜디오,"20페이지 앨범, 20R 액자 제공",필수,83,120,130,136,150
광주,2월,스튜디오,"20페이지 앨범, 20R 액자 제공",필수,66,77,150,176,319
대전,2월,스튜디오,"20페이지 앨범, 20R 액자 제공",필수,102,125,140,143,154
울산,2월,스튜디오,"20페이지 앨범, 20R 액자 제공",필수,77,120,130,143,172
경기도,2월,스튜디오,"20페이지 앨범, 20R 액자 제공",필수,44,62,89,120,149
강원도,2월,스튜디오,"20페이지 앨범, 20R 액자 제공",필수,80,132,154,164,189
충청도,2월,스튜디오,"20페이지 앨범, 20R 액자 제공",필수,60,70,100,129,149
전라도,2월,스튜디오,"20페이지 앨범, 20R 액자 제공",필수,66,85,110,150,183
경상도,2월,스튜디오,"20페이지 앨범, 20R 액자 제공",필수,113,119,130,133,142
제주도,2월,스튜디오,"20페이지 앨범, 20R 액자 제공",필수,105,105,112,-,-
전국,1월,스튜디오,"20페이지 앨범, 20R 액자 제공",필수,70,115,139,154,200
수도권,1월,스튜디오,"20페이지 앨범, 20R 액자 제공",필수,72,116,140,171,220
비수도권,1월,스튜디오,"20페이지 앨범, 20R 액자 제공",필수,70,112,132,150,179
서울(강남),1월,스튜디오,"20페이지 앨범, 20R 액자 제공",필수,105,131,152,200,245
서울(강남외),1월,스튜디오,"20페이지 앨범, 20R 액자 제공",필수,68,116,132,149,164
부산,1월,스튜디오,"20페이지 앨범, 20R 액자 제공",필수,110,120,130,150,177
대구,1월,스튜디오,"20페이지 앨범, 20R 액자 제공",필수,120,129,140,153,180
인천,1월,스튜디오,"20페이지 앨범, 20R 액자 제공",필수,83,120,130,136,150
광주,1월,스튜디오,"20페이지 앨범, 20R 액자 제공",필수,66,100,150,170,257
대전,1월,스튜디오,"20페이지 앨범, 20R 액자 제공",필수,125,125,140,140,-
울산,1월,스튜디오,"20페이지 앨범, 20R 액자 제공",필수,77,120,130,143,172
경기도,1월,스튜디오,"20페이지 앨범, 20R 액자 제공",필수,44,60,88,117,143
강원도,1월,스튜디오,"20페이지 앨범, 20R 액자 제공",필수,85,133,152,164,184
충청도,1월,스튜디오,"20페이지 앨범, 20R 액자 제공",필수,60,70,100,129,149
전라도,1월,스튜디오,"20페이지 앨범, 20R 액자 제공",필수,66,85,110,150,183
경상도,1월,스튜디오,"20페이지 앨범, 20R 액자 제공",필수,113,119,130,133,142
제주도,1월,스튜디오,"20페이지 앨범, 20R 액자 제공",필수,105,105,112,-,-
전국,12월,스튜디오,"20페이지 앨범, 20R 액자 제공",필수,70,115,139,154,200
수도권,12월,스튜디오,"20페이지 앨범, 20R 액자 제공",필수,71,116,140,171,220
비수도권,12월,스튜디오,"20페이지 앨범, 20R 액자 제공",필수,70,112,133,150,179
서울(강남),12월,스튜디오,"20페이지 앨범, 20R 액자 제공",필수,105,131,153,201,250
서울(강남외),12월,스튜디오,"20페이지 앨범, 20R 액자 제공",필수,68,116,132,149,164
부산,12월,스튜디오,"20페이지 앨범, 20R 액자 제공",필수,110,120,130,150,177
대구,12월,스튜디오,"20페이지 앨범, 20R 액자 제공",필수,120,129,140,153,180
인천,12월,스튜디오,"20페이지 앨범, 20R 액자 제공",필수,83,120,130,136,150
광주,12월,스튜디오,"20페이지 앨범, 20R 액자 제공",필수,66,100,150,170,257
대전,12월,스튜디오,"20페이지 앨범, 20R 액자 제공",필수,125,125,140,140,-
울산,12월,스튜디오,"20페이지 앨범, 20R 액자 제공",필수,86,120,130,142,167
경기도,12월,스튜디오,"20페이지 앨범, 20R 액자 제공",필수,44,62,88,116,142
강원도,12월,스튜디오,"20페이지 앨범, 20R 액자 제공",필수,85,133,152,164,184
충청도,12월,스튜디오,"20페이지 앨범, 20R 액자 제공",필수,60,70,100,129,149
전라도,12월,스튜디오,"20페이지 앨범, 20R 액자 제공",필수,66,85,110,150,183
경상도,12월,스튜디오,"20페이지 앨범, 20R 액자 제공",필수,113,119,130,133,142
제주도,12월,스튜디오,"20페이지 앨범, 20R 액자 제공",필수,105,105,112,-,-
전국,11월,스튜디오,"20페이지 앨범, 20R 액자 제공",필수,70,114,135,154,190
수도권,11월,스튜디오,"20페이지 앨범, 20R 액자 제공",필수,72,116,139,171,220
비수도권,11월,스튜디오,"20페이지 앨범, 20R 액자 제공",필수,70,111,132,150,179
서울(강남),11월,스튜디오,"20페이지 앨범, 20R 액자 제공",필수,105,129,152,200,237
서울(강남외),11월,스튜디오,"20페이지 앨범, 20R 액자 제공",필수,68,116,132,149,164
부산,11월,스튜디오,"20페이지 앨범, 20R 액자 제공",필수,110,120,130,150,177
대구,11월,스튜디오,"20페이지 앨범, 20R 액자 제공",필수,119,129,140,153,180
인천,11월,스튜디오,"20페이지 앨범, 20R 액자 제공",필수,83,120,130,136,150
광주,11월,스튜디오,"20페이지 앨범, 20R 액자 제공",필수,66,100,150,170,257
대전,11월,스튜디오,"20페이지 앨범, 20R 액자 제공",필수,125,125,140,140,-
울산,11월,스튜디오,"20페이지 앨범, 20R 액자 제공",필수,86,120,130,142,167
경기도,11월,스튜디오,"20페이지 앨범, 20R 액자 제공",필수,44,64,88,117,143
강원도,11월,스튜디오,"20페이지 앨범, 20R 액자 제공",필수,85,133,152,164,184
충청도,11월,스튜디오,"20페이지 앨범, 20R 액자 제공",필수,60,70,100,128,147
전라도,11월,스튜디오,"20페이지 앨범, 20R 액자 제공",필수,66,85,110,150,183
경상도,11월,스튜디오,"20페이지 앨범, 20R 액자 제공",필수,110,120,130,140,143
제주도,11월,스튜디오,"20페이지 앨범, 20R 액자 제공",필수,105,105,112,-,-
전국,10월,스튜디오,"20페이지 앨범, 20R 액자 제공",필수,70,115,139,154,200
수도권,10월,스튜디오,"20페이지 앨범, 20R 액자 제공",필수,70,116,140,171,220
비수도권,10월,스튜디오,"20페이지 앨범, 20R 액자 제공",필수,70,111,132,150,179
서울(강남),10월,스튜디오,"20페이지 앨범, 20R 액자 제공",필수,105,129,153,202,237
서울(강남외),10월,스튜디오,"20페이지 앨범, 20R 액자 제공",필수,68,116,132,149,164
부산,10월,스튜디오,"20페이지 앨범, 20R 액자 제공",필수,110,120,130,150,177
대구,10월,스튜디오,"20페이지 앨범, 20R 액자 제공",필수,119,129,140,150,180
인천,10월,스튜디오,"20페이지 앨범, 20R 액자 제공",필수,83,120,130,140,150
광주,10월,스튜디오,"20페이지 앨범, 20R 액자 제공",필수,66,100,150,176,319
대전,10월,스튜디오,"20페이지 앨범, 20R 액자 제공",필수,125,125,140,140,-
울산,10월,스튜디오,"20페이지 앨범, 20R 액자 제공",필수,80,120,130,142,167
경기도,10월,스튜디오,"20페이지 앨범, 20R 액자 제공",필수,44,63,88,117,143
강원도,10월,스튜디오,"20페이지 앨범, 20R 액자 제공",필수,85,135,152,164,184
충청도,10월,스튜디오,"20페이지 앨범, 20R 액자 제공",필수,60,70,100,125,150
전라도,10월,스튜디오,"20페이지 앨범, 20R 액자 제공",필수,66,70,110,150,183
경상도,10월,스튜디오,"20페이지 앨범, 20R 액자 제공",필수,110,120,130,140,143
제주도,10월,스튜디오,"20페이지 앨범, 20R 액자 제공",필수,105,105,112,-,-
전국,9월,스튜디오,"20페이지 앨범, 20R 액자 제공",필수,69,112,132,153,200
수도권,9월,스튜디오,"20페이지 앨범, 20R 액자 제공",필수,69,115,140,171,220
비수도권,9월,스튜디오,"20페이지 앨범, 20R 액자 제공",필수,67,110,130,150,179
서울(강남),9월,스튜디오,"20페이지 앨범, 20R 액자 제공",필수,105,129,150,202,230
서울(강남외),9월,스튜디오,"20페이지 앨범, 20R 액자 제공",필수,68,116,131,154,164
부산,9월,스튜디오,"20페이지 앨범, 20R 액자 제공",필수,110,120,130,150,177
대구,9월,스튜디오,"20페이지 앨범, 20R 액자 제공",필수,119,124,139,150,170
인천,9월,스튜디오,"20페이지 앨범, 20R 액자 제공",필수,83,120,130,136,150
광주,9월,스튜디오,"20페이지 앨범, 20R 액자 제공",필수,66,77,150,176,319
대전,9월,스튜디오,"20페이지 앨범, 20R 액자 제공",필수,125,125,140,143,-
울산,9월,스튜디오,"20페이지 앨범, 20R 액자 제공",필수,68,120,130,143,172
경기도,9월,스튜디오,"20페이지 앨범, 20R 액자 제공",필수,44,55,75,120,143
강원도,9월,스튜디오,"20페이지 앨범, 20R 액자 제공",필수,85,135,152,164,184
충청도,9월,스튜디오,"20페이지 앨범, 20R 액자 제공",필수,60,70,100,126,150
전라도,9월,스튜디오,"20페이지 앨범, 20R 액자 제공",필수,66,70,110,150,183
경상도,9월,스튜디오,"20페이지 앨범, 20R 액자 제공",필수,110,120,130,140,143
제주도,9월,스튜디오,"20페이지 앨범, 20R 액자 제공",필수,105,105,112,-,-
전국,8월,스튜디오,"20페이지 앨범, 20R 액자 제공",필수,69,111,132,154,200
수도권,8월,스튜디오,"20페이지 앨범, 20R 액자 제공",필수,66,113,140,171,220
비수도권,8월,스튜디오,"20페이지 앨범, 20R 액자 제공",필수,70,110,130,150,179
서울(강남),8월,스튜디오,"20페이지 앨범, 20R 액자 제공",필수,99,129,150,202,244
서울(강남외),8월,스튜디오,"20페이지 앨범, 20R 액자 제공",필수,68,116,131,154,164
부산,8월,스튜디오,"20페이지 앨범, 20R 액자 제공",필수,110,120,130,150,177
대구,8월,스튜디오,"20페이지 앨범, 20R 액자 제공",필수,119,129,139,153,180
인천,8월,스튜디오,"20페이지 앨범, 20R 액자 제공",필수,83,120,130,136,150
광주,8월,스튜디오,"20페이지 앨범, 20R 액자 제공",필수,66,77,150,176,319
대전,8월,스튜디오,"20페이지 앨범, 20R 액자 제공",필수,125,125,140,143,-
울산,8월,스튜디오,"20페이지 앨범, 20R 액자 제공",필수,68,120,130,143,172
경기도,8월,스튜디오,"20페이지 앨범, 20R 액자 제공",필수,44,55,75,120,143
강원도,8월,스튜디오,"20페이지 앨범, 20R 액자 제공",필수,85,135,152,164,184
충청도,8월,스튜디오,"20페이지 앨범, 20R 액자 제공",필수,60,70,100,125,150
전라도,8월,스튜디오,"20페이지 앨범, 20R 액자 제공",필수,66,70,110,150,183
경상도,8월,스튜디오,"20페이지 앨범, 20R 액자 제공",필수,110,120,130,140,143
제주도,8월,스튜디오,"20페이지 앨범, 20R 액자 제공",필수,105,105,112,-,-
전국,7월,스튜디오,"20페이지 앨범, 20R 액자 제공",필수,70,111,132,154,200
수도권,7월,스튜디오,"20페이지 앨범, 20R 액자 제공",필수,66,105,133,171,220
비수도권,7월,스튜디오,"20페이지 앨범, 20R 액자 제공",필수,70,114,131,150,179
서울(강남),7월,스튜디오,"20페이지 앨범, 20R 액자 제공",필수,99,125,150,202,247
서울(강남외),7월,스튜디오,"20페이지 앨범, 20R 액자 제공",필수,66,80,123,150,164
부산,7월,스튜디오,"20페이지 앨범, 20R 액자 제공",필수,110,120,130,150,177
대구,7월,스튜디오,"20페이지 앨범, 20R 액자 제공",필수,119,129,139,153,180
인천,7월,스튜디오,"20페이지 앨범, 20R 액자 제공",필수,83,120,130,138,150
광주,7월,스튜디오,"20페이지 앨범, 20R 액자 제공",필수,66,77,150,176,319
대전,7월,스튜디오,"20페이지 앨범, 20R 액자 제공",필수,125,125,140,143,-
울산,7월,스튜디오,"20페이지 앨범, 20R 액자 제공",필수,68,120,130,143,172
경기도,7월,스튜디오,"20페이지 앨범, 20R 액자 제공",필수,44,55,75,120,143
강원도,7월,스튜디오,"20페이지 앨범, 20R 액자 제공",필수,85,135,152,164,184
충청도,7월,스튜디오,"20페이지 앨범, 20R 액자 제공",필수,60,70,100,125,150
전라도,7월,스튜디오,"20페이지 앨범, 20R 액자 제공",필수,66,88,113,150,202
경상도,7월,스튜디오,"20페이지 앨범, 20R 액자 제공",필수,110,120,130,140,143
제주도,7월,스튜디오,"20페이지 앨범, 20R 액자 제공",필수,105,105,112,-,-
전국,6월,스튜디오,"20페이지 앨범, 20R 액자 제공",필수,69,110,132,154,200
수도권,6월,스튜디오,"20페이지 앨범, 20R 액자 제공",필수,66,105,135,173,220
비수도권,6월,스튜디오,"20페이지 앨범, 20R 액자 제공",필수,70,112,132,150,179
서울(강남),6월,스튜디오,"20페이지 앨범, 20R 액자 제공",필수,99,125,150,202,225
서울(강남외),6월,스튜디오,"20페이지 앨범, 20R 액자 제공",필수,49,80,115,143,164
부산,6월,스튜디오,"20페이지 앨범, 20R 액자 제공",필수,110,120,130,148,177
대구,6월,스튜디오,"20페이지 앨범, 20R 액자 제공",필수,120,129,140,153,180
인천,6월,스튜디오,"20페이지 앨범, 20R 액자 제공",필수,83,120,130,150,150
광주,6월,스튜디오,"20페이지 앨범, 20R 액자 제공",필수,66,77,150,176,319
대전,6월,스튜디오,"20페이지 앨범, 20R 액자 제공",필수,125,125,140,143,-
울산,6월,스튜디오,"20페이지 앨범, 20R 액자 제공",필수,68,120,130,143,172
경기도,6월,스튜디오,"20페이지 앨범, 20R 액자 제공",필수,44,55,70,113,143
강원도,6월,스튜디오,"20페이지 앨범, 20R 액자 제공",필수,85,139,159,167,184
충청도,6월,스튜디오,"20페이지 앨범, 20R 액자 제공",필수,59,70,100,125,150
전라도,6월,스튜디오,"20페이지 앨범, 20R 액자 제공",필수,66,88,110,150,202
경상도,6월,스튜디오,"20페이지 앨범, 20R 액자 제공",필수,110,120,130,140,143
제주도,6월,스튜디오,"20페이지 앨범, 20R 액자 제공",필수,105,105,112,-,-
전국,5월,스튜디오,"20페이지 앨범, 20R 액자 제공",필수,66,110,132,154,200
수도권,5월,스튜디오,"20페이지 앨범, 20R 액자 제공",필수,66,100,135,173,220
비수도권,5월,스튜디오,"20페이지 앨범, 20R 액자 제공",필수,70,112,132,150,180
서울(강남),5월,스튜디오,"20페이지 앨범, 20R 액자 제공",필수,99,125,150,202,225
서울(강남외),5월,스튜디오,"20페이지 앨범, 20R 액자 제공",필수,44,77,95,143,163
부산,5월,스튜디오,"20페이지 앨범, 20R 액자 제공",필수,110,120,130,148,177
대구,5월,스튜디오,"20페이지 앨범, 20R 액자 제공",필수,120,129,140,153,180
인천,5월,스튜디오,"20페이지 앨범, 20R 액자 제공",필수,83,120,130,150,150
광주,5월,스튜디오,"20페이지 앨범, 20R 액자 제공",필수,66,77,150,176,319
대전,5월,스튜디오,"20페이지 앨범, 20R 액자 제공",필수,125,125,125,-,-
울산,5월,스튜디오,"20페이지 앨범, 20R 액자 제공",필수,68,120,130,143,172
경기도,5월,스튜디오,"20페이지 앨범, 20R 액자 제공",필수,44,55,70,113,143
강원도,5월,스튜디오,"20페이지 앨범, 20R 액자 제공",필수,85,139,159,167,184
충청도,5월,스튜디오,"20페이지 앨범, 20R 액자 제공",필수,59,70,100,125,150
전라도,5월,스튜디오,"20페이지 앨범, 20R 액자 제공",필수,66,88,110,150,202
경상도,5월,스튜디오,"20페이지 앨범, 20R 액자 제공",필수,110,120,130,140,143
제주도,5월,스튜디오,"20페이지 앨범, 20R 액자 제공",필수,105,105,112,-,-
전국,4월,스튜디오,앨범페이지 추가,선택,3,3,3,4,5
수도권,4월,스튜디오,앨범페이지 추가,선택,3,3,3,4,5
비수도권,4월,스튜디오,앨범페이지 추가,선택,3,3,3,5,5
서울,4월,스튜디오,앨범페이지 추가,선택,3,3,3,3,4
경인,4월,스튜디오,앨범페이지 추가,선택,3,3,3,4,7
5대 광역시,4월,스튜디오,앨범페이지 추가,선택,3,3,4,5,5
이외 지역,4월,스튜디오,앨범페이지 추가,선택,3,3,3,5,5
전국,3월,스튜디오,앨범페이지 추가,선택,3,3,3,4,5
수도권,3월,스튜디오,앨범페이지 추가,선택,3,3,3,4,5
비수도권,3월,스튜디오,앨범페이지 추가,선택,3,3,3,5,5
서울,3월,스튜디오,앨범페이지 추가,선택,3,3,3,3,4
경인,3월,스튜디오,앨범페이지 추가,선택,3,3,3,4,7
5대 광역시,3월,스튜디오,앨범페이지 추가,선택,3,3,4,5,5
이외 지역,3월,스튜디오,앨범페이지 추가,선택,3,3,3,5,5
전국,2월,스튜디오,앨범페이지 추가,선택,3,3,3,4,5
수도권,2월,스튜디오,앨범페이지 추가,선택,3,3,3,4,4
비수도권,2월,스튜디오,앨범페이지 추가,선택,3,3,3,5,5
서울,2월,스튜디오,앨범페이지 추가,선택,3,3,3,3,4
경인,2월,스튜디오,앨범페이지 추가,선택,3,3,3,4,7
5대 광역시,2월,스튜디오,앨범페이지 추가,선택,3,3,4,5,5
이외 지역,2월,스튜디오,앨범페이지 추가,선택,3,3,3,5,6
전국,1월,스튜디오,앨범페이지 추가,선택,3,3,3,4,5
수도권,1월,스튜디오,앨범페이지 추가,선택,3,3,3,4,5
비수도권,1월,스튜디오,앨범페이지 추가,선택,3,3,3,5,5
서울,1월,스튜디오,앨범페이지 추가,선택,3,3,3,3,4
경인,1월,스튜디오,앨범페이지 추가,선택,3,3,3,4,7
5대 광역시,1월,스튜디오,앨범페이지 추가,선택,3,3,4,5,5
이외 지역,1월,스튜디오,앨범페이지 추가,선택,3,3,3,5,6
전국,12월,스튜디오,앨범페이지 추가,선택,3,3,3,4,5
수도권,12월,스튜디오,앨범페이지 추가,선택,3,3,3,4,5
비수도권,12월,스튜디오,앨범페이지 추가,선택,3,3,3,5,5
서울,12월,스튜디오,앨범페이지 추가,선택,3,3,3,3,4
경인,12월,스튜디오,앨범페이지 추가,선택,3,3,3,4,7
5대 광역시,12월,스튜디오,앨범페이지 추가,선택,3,3,4,5,5
이외 지역,12월,스튜디오,앨범페이지 추가,선택,3,3,3,5,6
전국,11월,스튜디오,앨범페이지 추가,선택,3,3,3,4,5
수도권,11월,스튜디오,앨범페이지 추가,선택,3,3,3,4,4
비수도권,11월,스튜디오,앨범페이지 추가,선택,3,3,3,5,5
서울,11월,스튜디오,앨범페이지 추가,선택,3,3,3,3,4
경인,11월,스튜디오,앨범페이지 추가,선택,3,3,3,4,7
5대 광역시,11월,스튜디오,앨범페이지 추가,선택,3,3,4,5,5
이외 지역,11월,스튜디오,앨범페이지 추가,선택,3,3,3,4,5
전국,10월,스튜디오,앨범페이지 추가,선택,3,3,3,4,5
수도권,10월,스튜디오,앨범페이지 추가,선택,3,3,3,4,4
비수도권,10월,스튜디오,앨범페이지 추가,선택,3,3,3,5,5
서울,10월,스튜디오,앨범페이지 추가,선택,3,3,3,3,4
경인,10월,스튜디오,앨범페이지 추가,선택,3,3,3,4,7
5대 광역시,10월,스튜디오,앨범페이지 추가,선택,3,3,4,5,5
이외 지역,10월,스튜디오,앨범페이지 추가,선택,3,3,3,4,5
전국,9월,스튜디오,앨범페이지 추가,선택,3,3,3,4,5
수도권,9월,스튜디오,앨범페이지 추가,선택,3,3,3,4,4
비수도권,9월,스튜디오,앨범페이지 추가,선택,3,3,3,5,5
서울,9월,스튜디오,앨범페이지 추가,선택,3,3,3,3,4
경인,9월,스튜디오,앨범페이지 추가,선택,3,3,4,4,7
5대 광역시,9월,스튜디오,앨범페이지 추가,선택,3,3,4,5,5
이외 지역,9월,스튜디오,앨범페이지 추가,선택,3,3,3,5,5
전국,8월,스튜디오,앨범페이지 추가,선택,3,3,3,4,5
수도권,8월,스튜디오,앨범페이지 추가,선택,3,3,3,4,5
비수도권,8월,스튜디오,앨범페이지 추가,선택,3,3,3,5,5
서울,8월,스튜디오,앨범페이지 추가,선택,3,3,3,3,4
경인,8월,스튜디오,앨범페이지 추가,선택,3,3,4,4,7
5대 광역시,8월,스튜디오,앨범페이지 추가,선택,3,3,4,5,5
이외 지역,8월,스튜디오,앨범페이지 추가,선택,3,3,3,5,5
전국,7월,스튜디오,앨범페이지 추가,선택,3,3,3,4,5
수도권,7월,스튜디오,앨범페이지 추가,선택,3,3,3,4,5
비수도권,7월,스튜디오,앨범페이지 추가,선택,3,3,3,5,5
서울,7월,스튜디오,앨범페이지 추가,선택,3,3,3,3,4
경인,7월,스튜디오,앨범페이지 추가,선택,3,3,4,4,7
5대 광역시,7월,스튜디오,앨범페이지 추가,선택,3,3,4,5,5
이외 지역,7월,스튜디오,앨범페이지 추가,선택,3,3,3,5,5
전국,6월,스튜디오,앨범페이지 추가,선택,3,3,3,4,5
수도권,6월,스튜디오,앨범페이지 추가,선택,3,3,3,4,5
비수도권,6월,스튜디오,앨범페이지 추가,선택,3,3,3,5,5
서울,6월,스튜디오,앨범페이지 추가,선택,3,3,3,3,4
경인,6월,스튜디오,앨범페이지 추가,선택,3,3,4,4,7
5대 광역시,6월,스튜디오,앨범페이지 추가,선택,3,3,4,5,5
이외 지역,6월,스튜디오,앨범페이지 추가,선택,3,3,3,5,5
전국,5월,스튜디오,앨범페이지 추가,선택,3,3,3,4,5
수도권,5월,스튜디오,앨범페이지 추가,선택,3,3,3,4,5
비수도권,5월,스튜디오,앨범페이지 추가,선택,3,3,4,5,5
서울,5월,스튜디오,앨범페이지 추가,선택,3,3,3,3,4
경인,5월,스튜디오,앨범페이지 추가,선택,3,3,4,4,7
5대 광역시,5월,스튜디오,앨범페이지 추가,선택,3,3,4,5,5
이외 지역,5월,스튜디오,앨범페이지 추가,선택,3,3,3,5,5
전국,4월,스튜디오,드레스 추가,선택,9,11,11,17,22
수도권,4월,스튜디오,드레스 추가,선택,10,11,11,17,25
비수도권,4월,스튜디오,드레스 추가,선택,9,10,11,17,22
서울,4월,스튜디오,드레스 추가,선택,10,11,11,17,25
경인,4월,스튜디오,드레스 추가,선택,4,10,11,16,33
5대 광역시,4월,스튜디오,드레스 추가,선택,8,9,11,15,22
이외 지역,4월,스튜디오,드레스 추가,선택,10,11,13,18,22
전국,3월,스튜디오,드레스 추가,선택,9,11,11,17,22
수도권,3월,스튜디오,드레스 추가,선택,10,11,11,17,25
비수도권,3월,스튜디오,드레스 추가,선택,9,10,11,17,22
서울,3월,스튜디오,드레스 추가,선택,10,11,11,17,25
경인,3월,스튜디오,드레스 추가,선택,4,10,11,16,33
5대 광역시,3월,스튜디오,드레스 추가,선택,8,9,11,17,22
이외 지역,3월,스튜디오,드레스 추가,선택,10,11,13,18,22
전국,2월,스튜디오,드레스 추가,선택,9,11,11,17,22
수도권,2월,스튜디오,드레스 추가,선택,10,11,11,17,25
비수도권,2월,스튜디오,드레스 추가,선택,9,10,11,17,22
서울,2월,스튜디오,드레스 추가,선택,10,11,11,17,25
경인,2월,스튜디오,드레스 추가,선택,4,10,11,16,33
5대 광역시,2월,스튜디오,드레스 추가,선택,8,9,11,17,22
이외 지역,2월,스튜디오,드레스 추가,선택,10,11,12,19,22
전국,1월,스튜디오,드레스 추가,선택,9,11,11,17,22
수도권,1월,스튜디오,드레스 추가,선택,10,11,11,17,25
비수도권,1월,스튜디오,드레스 추가,선택,9,10,11,17,22
서울,1월,스튜디오,드레스 추가,선택,10,11,11,17,25
경인,1월,스튜디오,드레스 추가,선택,4,10,11,16,33
5대 광역시,1월,스튜디오,드레스 추가,선택,8,9,11,17,22
이외 지역,1월,스튜디오,드레스 추가,선택,10,11,12,19,22
전국,12월,스튜디오,드레스 추가,선택,9,11,11,17,22
수도권,12월,스튜디오,드레스 추가,선택,10,11,11,17,25
비수도권,12월,스튜디오,드레스 추가,선택,9,10,11,17,22
서울,12월,스튜디오,드레스 추가,선택,10,11,11,17,25
경인,12월,스튜디오,드레스 추가,선택,4,10,11,16,33
5대 광역시,12월,스튜디오,드레스 추가,선택,8,9,11,17,22
이외 지역,12월,스튜디오,드레스 추가,선택,10,11,12,19,22
전국,11월,스튜디오,드레스 추가,선택,9,11,11,17,22
수도권,11월,스튜디오,드레스 추가,선택,10,11,11,17,25
비수도권,11월,스튜디오,드레스 추가,선택,9,10,11,17,22
서울,11월,스튜디오,드레스 추가,선택,10,11,11,17,25
경인,11월,스튜디오,드레스 추가,선택,4,10,11,16,33
5대 광역시,11월,스튜디오,드레스 추가,선택,8,9,11,17,22
이외 지역,11월,스튜디오,드레스 추가,선택,10,11,11,17,22
전국,10월,스튜디오,드레스 추가,선택,9,11,11,17,22
수도권,10월,스튜디오,드레스 추가,선택,10,11,11,17,25
비수도권,10월,스튜디오,드레스 추가,선택,9,10,11,17,22
서울,10월,스튜디오,드레스 추가,선택,11,11,11,17,25
경인,10월,스튜디오,드레스 추가,선택,4,9,11,33,33
5대 광역시,10월,스튜디오,드레스 추가,선택,8,9,11,17,22
이외 지역,10월,스튜디오,드레스 추가,선택,10,11,11,17,22
전국,9월,스튜디오,드레스 추가,선택,9,11,11,17,22
수도권,9월,스튜디오,드레스 추가,선택,10,11,11,17,25
비수도권,9월,스튜디오,드레스 추가,선택,9,10,11,17,22
서울,9월,스튜디오,드레스 추가,선택,11,11,11,17,25
경인,9월,스튜디오,드레스 추가,선택,4,10,14,18,33
5대 광역시,9월,스튜디오,드레스 추가,선택,8,9,11,17,22
이외 지역,9월,스튜디오,드레스 추가,선택,10,11,11,17,22
전국,8월,스튜디오,드레스 추가,선택,9,11,11,17,22
수도권,8월,스튜디오,드레스 추가,선택,10,11,11,17,25
비수도권,8월,스튜디오,드레스 추가,선택,9,10,11,17,22
서울,8월,스튜디오,드레스 추가,선택,11,11,11,17,25
경인,8월,스튜디오,드레스 추가,선택,4,10,14,18,33
5대 광역시,8월,스튜디오,드레스 추가,선택,8,9,11,17,22
이외 지역,8월,스튜디오,드레스 추가,선택,10,11,11,17,22
전국,7월,스튜디오,드레스 추가,선택,9,11,11,17,22
수도권,7월,스튜디오,드레스 추가,선택,10,11,11,17,25
비수도권,7월,스튜디오,드레스 추가,선택,9,10,11,17,22
서울,7월,스튜디오,드레스 추가,선택,11,11,11,17,22
경인,7월,스튜디오,드레스 추가,선택,4,10,14,18,33
5대 광역시,7월,스튜디오,드레스 추가,선택,8,9,11,17,22
이외 지역,7월,스튜디오,드레스 추가,선택,10,11,11,17,22
전국,6월,스튜디오,드레스 추가,선택,9,11,11,17,22
수도권,6월,스튜디오,드레스 추가,선택,8,11,11,17,25
비수도권,6월,스튜디오,드레스 추가,선택,9,10,11,17,22
서울,6월,스튜디오,드레스 추가,선택,10,11,11,17,22
경인,6월,스튜디오,드레스 추가,선택,4,10,14,18,33
5대 광역시,6월,스튜디오,드레스 추가,선택,8,9,11,17,22
이외 지역,6월,스튜디오,드레스 추가,선택,10,11,11,17,22
전국,5월,스튜디오,드레스 추가,선택,9,11,11,17,22
수도권,5월,스튜디오,드레스 추가,선택,10,11,11,17,25
비수도권,5월,스튜디오,드레스 추가,선택,9,10,11,17,22
서울,5월,스튜디오,드레스 추가,선택,11,11,11,17,23
경인,5월,스튜디오,드레스 추가,선택,8,10,14,30,33
5대 광역시,5월,스튜디오,드레스 추가,선택,8,9,11,17,22
이외 지역,5월,스튜디오,드레스 추가,선택,10,11,11,16,22
전국,4월,스튜디오,드레스 외 의상 추가,선택,10,11,12,17,20
수도권,4월,스튜디오,드레스 외 의상 추가,선택,11,11,11,17,19
비수도권,4월,스튜디오,드레스 외 의상 추가,선택,6,10,13,19,20
서울,4월,스튜디오,드레스 외 의상 추가,선택,11,11,11,17,19
경인,4월,스튜디오,드레스 외 의상 추가,선택,10,11,11,16,27
5대 광역시,4월,스튜디오,드레스 외 의상 추가,선택,6,10,13,19,20
이외 지역,4월,스튜디오,드레스 외 의상 추가,선택,6,10,15,18,20
전국,3월,스튜디오,드레스 외 의상 추가,선택,10,11,12,17,20
수도권,3월,스튜디오,드레스 외 의상 추가,선택,11,11,11,17,19
비수도권,3월,스튜디오,드레스 외 의상 추가,선택,6,10,13,19,20
서울,3월,스튜디오,드레스 외 의상 추가,선택,11,11,11,17,19
경인,3월,스튜디오,드레스 외 의상 추가,선택,10,11,11,16,27
5대 광역시,3월,스튜디오,드레스 외 의상 추가,선택,6,10,13,19,20
이외 지역,3월,스튜디오,드레스 외 의상 추가,선택,6,10,15,18,20
전국,2월,스튜디오,드레스 외 의상 추가,선택,10,11,11,17,20
수도권,2월,스튜디오,드레스 외 의상 추가,선택,11,11,11,17,19
비수도권,2월,스튜디오,드레스 외 의상 추가,선택,6,10,13,19,20
서울,2월,스튜디오,드레스 외 의상 추가,선택,11,11,11,17,19
경인,2월,스튜디오,드레스 외 의상 추가,선택,10,11,11,16,27
5대 광역시,2월,스튜디오,드레스 외 의상 추가,선택,6,10,13,19,20
이외 지역,2월,스튜디오,드레스 외 의상 추가,선택,6,10,15,17,21
전국,1월,스튜디오,드레스 외 의상 추가,선택,10,11,13,17,20
수도권,1월,스튜디오,드레스 외 의상 추가,선택,11,11,11,17,19
비수도권,1월,스튜디오,드레스 외 의상 추가,선택,6,10,13,19,20
서울,1월,스튜디오,드레스 외 의상 추가,선택,11,11,11,17,19
경인,1월,스튜디오,드레스 외 의상 추가,선택,10,11,11,16,29
5대 광역시,1월,스튜디오,드레스 외 의상 추가,선택,6,10,13,19,20
이외 지역,1월,스튜디오,드레스 외 의상 추가,선택,6,10,15,17,21
전국,12월,스튜디오,드레스 외 의상 추가,선택,10,11,13,17,20
수도권,12월,스튜디오,드레스 외 의상 추가,선택,11,11,11,17,19
비수도권,12월,스튜디오,드레스 외 의상 추가,선택,6,10,13,19,20
서울,12월,스튜디오,드레스 외 의상 추가,선택,11,11,11,17,19
경인,12월,스튜디오,드레스 외 의상 추가,선택,10,11,11,16,29
5대 광역시,12월,스튜디오,드레스 외 의상 추가,선택,6,10,13,19,20
이외 지역,12월,스튜디오,드레스 외 의상 추가,선택,6,10,15,17,21
전국,11월,스튜디오,드레스 외 의상 추가,선택,10,11,13,17,20
수도권,11월,스튜디오,드레스 외 의상 추가,선택,11,11,11,17,19
비수도권,11월,스튜디오,드레스 외 의상 추가,선택,6,10,13,19,20
서울,11월,스튜디오,드레스 외 의상 추가,선택,11,11,11,17,19
경인,11월,스튜디오,드레스 외 의상 추가,선택,10,11,11,17,32
5대 광역시,11월,스튜디오,드레스 외 의상 추가,선택,6,10,13,19,20
이외 지역,11월,스튜디오,드레스 외 의상 추가,선택,6,10,15,17,20
전국,10월,스튜디오,드레스 외 의상 추가,선택,10,11,13,17,20
수도권,10월,스튜디오,드레스 외 의상 추가,선택,11,11,11,17,19
비수도권,10월,스튜디오,드레스 외 의상 추가,선택,6,10,14,19,20
서울,10월,스튜디오,드레스 외 의상 추가,선택,11,11,11,17,19
경인,10월,스튜디오,드레스 외 의상 추가,선택,10,11,11,19,33
5대 광역시,10월,스튜디오,드레스 외 의상 추가,선택,6,10,13,19,20
이외 지역,10월,스튜디오,드레스 외 의상 추가,선택,6,10,15,17,21
전국,9월,스튜디오,드레스 외 의상 추가,선택,10,11,13,17,20
수도권,9월,스튜디오,드레스 외 의상 추가,선택,11,11,11,17,19
비수도권,9월,스튜디오,드레스 외 의상 추가,선택,6,10,14,19,20
서울,9월,스튜디오,드레스 외 의상 추가,선택,11,11,11,17,19
경인,9월,스튜디오,드레스 외 의상 추가,선택,11,11,11,19,33
5대 광역시,9월,스튜디오,드레스 외 의상 추가,선택,6,10,13,19,20
이외 지역,9월,스튜디오,드레스 외 의상 추가,선택,6,10,15,17,21
전국,8월,스튜디오,드레스 외 의상 추가,선택,10,11,13,17,20
수도권,8월,스튜디오,드레스 외 의상 추가,선택,11,11,11,17,19
비수도권,8월,스튜디오,드레스 외 의상 추가,선택,6,10,14,19,20
서울,8월,스튜디오,드레스 외 의상 추가,선택,11,11,11,17,19
경인,8월,스튜디오,드레스 외 의상 추가,선택,11,11,11,19,33
5대 광역시,8월,스튜디오,드레스 외 의상 추가,선택,6,10,13,19,20
이외 지역,8월,스튜디오,드레스 외 의상 추가,선택,6,10,15,17,21
전국,7월,스튜디오,드레스 외 의상 추가,선택,10,11,13,17,20
수도권,7월,스튜디오,드레스 외 의상 추가,선택,11,11,11,17,19
비수도권,7월,스튜디오,드레스 외 의상 추가,선택,6,10,14,19,20
서울,7월,스튜디오,드레스 외 의상 추가,선택,11,11,11,17,19
경인,7월,스튜디오,드레스 외 의상 추가,선택,11,11,11,19,33
5대 광역시,7월,스튜디오,드레스 외 의상 추가,선택,6,10,13,19,20
이외 지역,7월,스튜디오,드레스 외 의상 추가,선택,6,10,15,16,22
전국,6월,스튜디오,드레스 외 의상 추가,선택,10,11,13,17,20
수도권,6월,스튜디오,드레스 외 의상 추가,선택,11,11,11,17,19
비수도권,6월,스튜디오,드레스 외 의상 추가,선택,6,10,14,19,20
서울,6월,스튜디오,드레스 외 의상 추가,선택,11,11,11,17,19
경인,6월,스튜디오,드레스 외 의상 추가,선택,11,11,11,19,33
5대 광역시,6월,스튜디오,드레스 외 의상 추가,선택,6,10,13,19,20
이외 지역,6월,스튜디오,드레스 외 의상 추가,선택,6,10,15,16,22
전국,5월,스튜디오,드레스 외 의상 추가,선택,10,11,13,18,20
수도권,5월,스튜디오,드레스 외 의상 추가,선택,11,11,11,17,19
비수도권,5월,스튜디오,드레스 외 의상 추가,선택,6,10,14,19,20
서울,5월,스튜디오,드레스 외 의상 추가,선택,11,11,11,17,19
경인,5월,스튜디오,드레스 외 의상 추가,선택,11,11,11,19,33
5대 광역시,5월,스튜디오,드레스 외 의상 추가,선택,6,10,13,19,20
이외 지역,5월,스튜디오,드레스 외 의상 추가,선택,6,10,15,16,22
전국,4월,스튜디오,수정비용,선택,2,5,5,8,11
수도권,4월,스튜디오,수정비용,선택,5,5,7,10,11
비수도권,4월,스튜디오,수정비용,선택,2,5,5,5,8
서울,4월,스튜디오,수정비용,선택,2,5,5,7,10
경인,4월,스튜디오,수정비용,선택,5,5,10,11,11
5대 광역시,4월,스튜디오,수정비용,선택,5,5,5,5,8
이외 지역,4월,스튜디오,수정비용,선택,1,2,5,5,8
전국,3월,스튜디오,수정비용,선택,3,5,5,7,10
수도권,3월,스튜디오,수정비용,선택,5,5,7,10,11
비수도권,3월,스튜디오,수정비용,선택,2,5,5,5,8
서울,3월,스튜디오,수정비용,선택,2,5,5,9,10
경인,3월,스튜디오,수정비용,선택,5,5,10,11,11
5대 광역시,3월,스튜디오,수정비용,선택,5,5,5,5,8
이외 지역,3월,스튜디오,수정비용,선택,1,2,5,5,8
전국,2월,스튜디오,수정비용,선택,3,5,5,7,11
수도권,2월,스튜디오,수정비용,선택,5,5,7,10,11
비수도권,2월,스튜디오,수정비용,선택,2,5,5,5,8
서울,2월,스튜디오,수정비용,선택,2,5,5,8,10
경인,2월,스튜디오,수정비용,선택,5,5,10,11,11
5대 광역시,2월,스튜디오,수정비용,선택,5,5,5,5,8
이외 지역,2월,스튜디오,수정비용,선택,1,2,5,5,8
전국,1월,스튜디오,수정비용,선택,3,5,5,7,10
수도권,1월,스튜디오,수정비용,선택,5,5,7,10,11
비수도권,1월,스튜디오,수정비용,선택,2,5,5,5,8
서울,1월,스튜디오,수정비용,선택,2,5,5,8,10
경인,1월,스튜디오,수정비용,선택,5,5,10,11,11
5대 광역시,1월,스튜디오,수정비용,선택,5,5,5,5,8
이외 지역,1월,스튜디오,수정비용,선택,1,2,5,5,8
전국,12월,스튜디오,수정비용,선택,3,5,5,7,10
수도권,12월,스튜디오,수정비용,선택,5,5,7,10,11
비수도권,12월,스튜디오,수정비용,선택,2,5,5,5,8
서울,12월,스튜디오,수정비용,선택,2,5,5,9,10
경인,12월,스튜디오,수정비용,선택,5,5,10,11,11
5대 광역시,12월,스튜디오,수정비용,선택,5,5,5,5,8
이외 지역,12월,스튜디오,수정비용,선택,1,2,5,5,8
전국,11월,스튜디오,수정비용,선택,3,5,5,7,10
수도권,11월,스튜디오,수정비용,선택,4,5,7,10,11
비수도권,11월,스튜디오,수정비용,선택,2,5,5,5,8
서울,11월,스튜디오,수정비용,선택,1,5,5,10,10
경인,11월,스튜디오,수정비용,선택,5,5,10,11,11
5대 광역시,11월,스튜디오,수정비용,선택,5,5,5,5,8
이외 지역,11월,스튜디오,수정비용,선택,1,2,5,5,8
전국,10월,스튜디오,수정비용,선택,3,5,5,5,10
수도권,10월,스튜디오,수정비용,선택,4,5,7,10,11
비수도권,10월,스튜디오,수정비용,선택,2,5,5,5,8
서울,10월,스튜디오,수정비용,선택,1,5,5,10,10
경인,10월,스튜디오,수정비용,선택,5,5,10,11,11
5대 광역시,10월,스튜디오,수정비용,선택,5,5,5,5,8
이외 지역,10월,스튜디오,수정비용,선택,1,2,5,5,8
전국,9월,스튜디오,수정비용,선택,3,5,5,7,10
수도권,9월,스튜디오,수정비용,선택,4,5,7,10,11
비수도권,9월,스튜디오,수정비용,선택,2,5,5,5,8
서울,9월,스튜디오,수정비용,선택,1,5,5,10,10
경인,9월,스튜디오,수정비용,선택,5,5,10,11,11
5대 광역시,9월,스튜디오,수정비용,선택,5,5,5,5,8
이외 지역,9월,스튜디오,수정비용,선택,1,2,5,5,8
전국,8월,스튜디오,수정비용,선택,3,5,5,7,10
수도권,8월,스튜디오,수정비용,선택,4,5,7,10,11
비수도권,8월,스튜디오,수정비용,선택,2,5,5,5,8
서울,8월,스튜디오,수정비용,선택,1,5,5,10,10
경인,8월,스튜디오,수정비용,선택,5,5,10,11,11
5대 광역시,8월,스튜디오,수정비용,선택,5,5,5,5,8
이외 지역,8월,스튜디오,수정비용,선택,1,2,5,5,8
전국,7월,스튜디오,수정비용,선택,3,5,5,7,10
수도권,7월,스튜디오,수정비용,선택,4,5,7,10,11
비수도권,7월,스튜디오,수정비용,선택,2,5,5,5,8
서울,7월,스튜디오,수정비용,선택,1,5,5,10,10
경인,7월,스튜디오,수정비용,선택,5,5,10,11,11
5대 광역시,7월,스튜디오,수정비용,선택,5,5,5,5,8
이외 지역,7월,스튜디오,수정비용,선택,1,2,5,5,8
전국,6월,스튜디오,수정비용,선택,3,5,5,7,10
수도권,6월,스튜디오,수정비용,선택,4,5,7,10,11
비수도권,6월,스튜디오,수정비용,선택,2,5,5,5,8
서울,6월,스튜디오,수정비용,선택,1,5,5,10,10
경인,6월,스튜디오,수정비용,선택,5,5,10,11,11
5대 광역시,6월,스튜디오,수정비용,선택,5,5,5,5,8
이외 지역,6월,스튜디오,수정비용,선택,1,2,5,5,8
전국,5월,스튜디오,수정비용,선택,3,5,5,5,11
수도권,5월,스튜디오,수정비용,선택,4,5,7,10,11
비수도권,5월,스튜디오,수정비용,선택,2,5,5,5,8
서울,5월,스튜디오,수정비용,선택,1,5,5,8,10
경인,5월,스튜디오,수정비용,선택,5,5,11,11,11
5대 광역시,5월,스튜디오,수정비용,선택,5,5,5,5,8
이외 지역,5월,스튜디오,수정비용,선택,1,2,5,5,6
전국,4월,스튜디오,액자변경,선택,15,20,25,28,50
수도권,4월,스튜디오,액자변경,선택,10,20,25,33,55
비수도권,4월,스튜디오,액자변경,선택,15,20,25,25,50
서울,4월,스튜디오,액자변경,선택,12,20,25,30,53
경인,4월,스튜디오,액자변경,선택,10,18,25,38,61
5대 광역시,4월,스튜디오,액자변경,선택,15,20,25,25,40
이외 지역,4월,스튜디오,액자변경,선택,15,15,20,28,60
전국,3월,스튜디오,액자변경,선택,15,20,25,28,55
수도권,3월,스튜디오,액자변경,선택,10,20,25,33,55
비수도권,3월,스튜디오,액자변경,선택,15,20,25,28,55
서울,3월,스튜디오,액자변경,선택,12,20,25,30,53
경인,3월,스튜디오,액자변경,선택,10,18,25,38,61
5대 광역시,3월,스튜디오,액자변경,선택,15,20,25,25,55
이외 지역,3월,스튜디오,액자변경,선택,15,15,20,28,60
전국,2월,스튜디오,액자변경,선택,15,20,25,28,55
수도권,2월,스튜디오,액자변경,선택,10,20,25,35,55
비수도권,2월,스튜디오,액자변경,선택,15,20,25,28,55
서울,2월,스튜디오,액자변경,선택,10,20,25,31,52
경인,2월,스튜디오,액자변경,선택,10,18,25,38,61
5대 광역시,2월,스튜디오,액자변경,선택,15,20,25,25,55
이외 지역,2월,스튜디오,액자변경,선택,15,15,20,28,61
전국,1월,스튜디오,액자변경,선택,15,20,25,28,55
수도권,1월,스튜디오,액자변경,선택,10,20,25,35,55
비수도권,1월,스튜디오,액자변경,선택,15,20,25,26,55
서울,1월,스튜디오,액자변경,선택,10,20,25,35,54
경인,1월,스튜디오,액자변경,선택,10,18,25,38,61
5대 광역시,1월,스튜디오,액자변경,선택,15,20,25,25,55
이외 지역,1월,스튜디오,액자변경,선택,15,15,20,28,61
전국,12월,스튜디오,액자변경,선택,15,20,25,28,55
수도권,12월,스튜디오,액자변경,선택,10,20,25,35,52
비수도권,12월,스튜디오,액자변경,선택,15,20,25,28,55
서울,12월,스튜디오,액자변경,선택,10,20,25,33,50
경인,12월,스튜디오,액자변경,선택,10,19,25,38,61
5대 광역시,12월,스튜디오,액자변경,선택,15,20,25,25,55
이외 지역,12월,스튜디오,액자변경,선택,15,15,20,28,61
전국,11월,스튜디오,액자변경,선택,15,20,25,28,55
수도권,11월,스튜디오,액자변경,선택,12,20,25,35,53
비수도권,11월,스튜디오,액자변경,선택,15,20,25,28,55
서울,11월,스튜디오,액자변경,선택,14,20,25,31,51
경인,11월,스튜디오,액자변경,선택,10,19,25,38,61
5대 광역시,11월,스튜디오,액자변경,선택,15,20,25,25,55
이외 지역,11월,스튜디오,액자변경,선택,15,16,21,28,60
전국,10월,스튜디오,액자변경,선택,15,20,25,28,55
수도권,10월,스튜디오,액자변경,선택,10,20,25,35,55
비수도권,10월,스튜디오,액자변경,선택,15,20,25,28,55
서울,10월,스튜디오,액자변경,선택,14,20,25,31,51
경인,10월,스튜디오,액자변경,선택,10,20,25,38,61
5대 광역시,10월,스튜디오,액자변경,선택,15,20,25,25,55
이외 지역,10월,스튜디오,액자변경,선택,15,16,21,28,60
전국,9월,스튜디오,액자변경,선택,15,20,25,28,55
수도권,9월,스튜디오,액자변경,선택,13,20,25,35,52
비수도권,9월,스튜디오,액자변경,선택,15,20,25,28,55
서울,9월,스튜디오,액자변경,선택,15,20,21,30,50
경인,9월,스튜디오,액자변경,선택,10,18,25,38,61
5대 광역시,9월,스튜디오,액자변경,선택,15,20,25,25,55
이외 지역,9월,스튜디오,액자변경,선택,15,17,21,28,61
전국,8월,스튜디오,액자변경,선택,15,20,25,28,55
수도권,8월,스튜디오,액자변경,선택,11,20,25,35,54
비수도권,8월,스튜디오,액자변경,선택,15,20,25,28,55
서울,8월,스튜디오,액자변경,선택,13,20,25,33,52
경인,8월,스튜디오,액자변경,선택,10,18,25,38,61
5대 광역시,8월,스튜디오,액자변경,선택,15,20,25,25,55
이외 지역,8월,스튜디오,액자변경,선택,15,16,21,28,60
전국,7월,스튜디오,액자변경,선택,15,20,25,28,55
수도권,7월,스튜디오,액자변경,선택,10,20,25,35,55
비수도권,7월,스튜디오,액자변경,선택,15,20,25,28,55
서울,7월,스튜디오,액자변경,선택,11,20,22,35,54
경인,7월,스튜디오,액자변경,선택,10,18,25,38,61
5대 광역시,7월,스튜디오,액자변경,선택,15,20,25,25,55
이외 지역,7월,스튜디오,액자변경,선택,15,15,20,28,56
전국,6월,스튜디오,액자변경,선택,15,20,25,28,55
수도권,6월,스튜디오,액자변경,선택,10,20,25,31,55
비수도권,6월,스튜디오,액자변경,선택,15,20,25,28,55
서울,6월,스튜디오,액자변경,선택,10,20,20,28,55
경인,6월,스튜디오,액자변경,선택,10,18,25,38,61
5대 광역시,6월,스튜디오,액자변경,선택,15,20,25,25,55
이외 지역,6월,스튜디오,액자변경,선택,15,15,20,28,56
전국,5월,스튜디오,액자변경,선택,15,20,25,28,55
수도권,5월,스튜디오,액자변경,선택,10,20,20,35,55
비수도권,5월,스튜디오,액자변경,선택,15,20,25,28,55
서울,5월,스튜디오,액자변경,선택,10,20,20,28,55
경인,5월,스튜디오,액자변경,선택,10,16,25,38,61
5대 광역시,5월,스튜디오,액자변경,선택,15,20,25,25,55
이외 지역,5월,스튜디오,액자변경,선택,15,15,20,28,56
전국,4월,스튜디오,촬영시간 추가,선택,8,10,11,11,15
수도권,4월,스튜디오,촬영시간 추가,선택,10,11,11,11,11
비수도권,4월,스튜디오,촬영시간 추가,선택,8,10,11,15,15
서울,4월,스튜디오,촬영시간 추가,선택,10,11,11,11,11
경인,4월,스튜디오,촬영시간 추가,선택,8,10,11,11,33
5대 광역시,4월,스튜디오,촬영시간 추가,선택,8,10,11,13,15
이외 지역,4월,스튜디오,촬영시간 추가,선택,8,10,11,15,15
전국,3월,스튜디오,촬영시간 추가,선택,8,10,11,11,15
수도권,3월,스튜디오,촬영시간 추가,선택,10,11,11,11,11
비수도권,3월,스튜디오,촬영시간 추가,선택,8,8,11,15,15
서울,3월,스튜디오,촬영시간 추가,선택,10,11,11,11,11
경인,3월,스튜디오,촬영시간 추가,선택,8,10,11,11,33
5대 광역시,3월,스튜디오,촬영시간 추가,선택,8,8,10,11,15
이외 지역,3월,스튜디오,촬영시간 추가,선택,8,10,11,15,15
전국,2월,스튜디오,촬영시간 추가,선택,8,10,11,11,15
수도권,2월,스튜디오,촬영시간 추가,선택,10,11,11,11,11
비수도권,2월,스튜디오,촬영시간 추가,선택,8,8,11,15,15
서울,2월,스튜디오,촬영시간 추가,선택,10,11,11,11,11
경인,2월,스튜디오,촬영시간 추가,선택,8,10,11,11,33
5대 광역시,2월,스튜디오,촬영시간 추가,선택,8,8,10,11,15
이외 지역,2월,스튜디오,촬영시간 추가,선택,8,10,11,15,15
전국,1월,스튜디오,촬영시간 추가,선택,8,10,11,11,15
수도권,1월,스튜디오,촬영시간 추가,선택,10,11,11,11,12
비수도권,1월,스튜디오,촬영시간 추가,선택,8,8,11,15,15
서울,1월,스튜디오,촬영시간 추가,선택,10,11,11,11,11
경인,1월,스튜디오,촬영시간 추가,선택,8,10,11,12,33
5대 광역시,1월,스튜디오,촬영시간 추가,선택,8,8,10,13,15
이외 지역,1월,스튜디오,촬영시간 추가,선택,8,10,11,15,15
전국,12월,스튜디오,촬영시간 추가,선택,8,10,11,11,15
수도권,12월,스튜디오,촬영시간 추가,선택,10,11,11,11,11
비수도권,12월,스튜디오,촬영시간 추가,선택,8,8,11,15,15
서울,12월,스튜디오,촬영시간 추가,선택,10,11,11,11,11
경인,12월,스튜디오,촬영시간 추가,선택,8,10,11,12,33
5대 광역시,12월,스튜디오,촬영시간 추가,선택,8,8,10,13,15
이외 지역,12월,스튜디오,촬영시간 추가,선택,8,10,11,15,15
전국,11월,스튜디오,촬영시간 추가,선택,8,10,11,11,15
수도권,11월,스튜디오,촬영시간 추가,선택,10,11,11,11,11
비수도권,11월,스튜디오,촬영시간 추가,선택,8,8,11,15,15
서울,11월,스튜디오,촬영시간 추가,선택,10,11,11,11,11
경인,11월,스튜디오,촬영시간 추가,선택,8,10,11,12,33
5대 광역시,11월,스튜디오,촬영시간 추가,선택,8,8,10,13,15
이외 지역,11월,스튜디오,촬영시간 추가,선택,6,8,11,15,15
전국,10월,스튜디오,촬영시간 추가,선택,8,10,11,11,15
수도권,10월,스튜디오,촬영시간 추가,선택,10,10,11,11,13
비수도권,10월,스튜디오,촬영시간 추가,선택,8,8,10,15,15
서울,10월,스튜디오,촬영시간 추가,선택,10,11,11,11,11
경인,10월,스튜디오,촬영시간 추가,선택,8,8,10,33,33
5대 광역시,10월,스튜디오,촬영시간 추가,선택,8,8,10,15,15
이외 지역,10월,스튜디오,촬영시간 추가,선택,6,8,11,15,15
전국,9월,스튜디오,촬영시간 추가,선택,8,10,11,11,15
수도권,9월,스튜디오,촬영시간 추가,선택,10,10,11,11,11
비수도권,9월,스튜디오,촬영시간 추가,선택,8,8,10,15,15
서울,9월,스튜디오,촬영시간 추가,선택,10,11,11,11,11
경인,9월,스튜디오,촬영시간 추가,선택,8,8,10,11,-
5대 광역시,9월,스튜디오,촬영시간 추가,선택,8,8,10,13,15
이외 지역,9월,스튜디오,촬영시간 추가,선택,6,8,11,15,15
전국,8월,스튜디오,촬영시간 추가,선택,8,10,11,11,15
수도권,8월,스튜디오,촬영시간 추가,선택,10,10,11,11,11
비수도권,8월,스튜디오,촬영시간 추가,선택,8,8,10,15,15
서울,8월,스튜디오,촬영시간 추가,선택,10,11,11,11,11
경인,8월,스튜디오,촬영시간 추가,선택,8,8,10,11,-
5대 광역시,8월,스튜디오,촬영시간 추가,선택,8,8,10,13,15
이외 지역,8월,스튜디오,촬영시간 추가,선택,6,8,11,15,15
전국,7월,스튜디오,촬영시간 추가,선택,8,10,11,11,15
수도권,7월,스튜디오,촬영시간 추가,선택,10,10,11,11,11
비수도권,7월,스튜디오,촬영시간 추가,선택,8,8,10,15,15
서울,7월,스튜디오,촬영시간 추가,선택,10,11,11,11,11
경인,7월,스튜디오,촬영시간 추가,선택,8,8,10,11,-
5대 광역시,7월,스튜디오,촬영시간 추가,선택,8,8,10,13,15
이외 지역,7월,스튜디오,촬영시간 추가,선택,6,8,11,15,15
전국,6월,스튜디오,촬영시간 추가,선택,8,10,11,11,15
수도권,6월,스튜디오,촬영시간 추가,선택,10,10,11,11,11
비수도권,6월,스튜디오,촬영시간 추가,선택,8,8,10,15,15
서울,6월,스튜디오,촬영시간 추가,선택,10,11,11,11,11
경인,6월,스튜디오,촬영시간 추가,선택,8,8,10,11,-
5대 광역시,6월,스튜디오,촬영시간 추가,선택,8,8,10,13,15
이외 지역,6월,스튜디오,촬영시간 추가,선택,6,8,11,15,15
전국,5월,스튜디오,촬영시간 추가,선택,8,10,11,11,15
수도권,5월,스튜디오,촬영시간 추가,선택,10,10,11,11,11
비수도권,5월,스튜디오,촬영시간 추가,선택,8,8,10,15,15
서울,5월,스튜디오,촬영시간 추가,선택,10,11,11,11,11
경인,5월,스튜디오,촬영시간 추가,선택,8,8,10,11,-
5대 광역시,5월,스튜디오,촬영시간 추가,선택,8,8,10,13,15
이외 지역,5월,스튜디오,촬영시간 추가,선택,6,8,11,15,15
전국,4월,스튜디오,선수정본,선택,5,6,6,11,15
수도권,4월,스튜디오,선수정본,선택,2,6,6,8,15
비수도권,4월,스튜디오,선수정본,선택,5,6,10,15,15
서울,4월,스튜디오,선수정본,선택,2,6,6,6,15
경인,4월,스튜디오,선수정본,선택,6,6,6,15,15
5대 광역시,4월,스튜디오,선수정본,선택,5,6,11,15,15
이외 지역,4월,스튜디오,선수정본,선택,5,6,8,11,15
전국,3월,스튜디오,선수정본,선택,5,6,6,11,15
수도권,3월,스튜디오,선수정본,선택,2,6,6,8,15
비수도권,3월,스튜디오,선수정본,선택,5,5,10,15,15
서울,3월,스튜디오,선수정본,선택,2,6,6,6,15
경인,3월,스튜디오,선수정본,선택,6,6,6,15,15
5대 광역시,3월,스튜디오,선수정본,선택,5,5,10,15,15
이외 지역,3월,스튜디오,선수정본,선택,5,6,8,11,15
전국,2월,스튜디오,선수정본,선택,5,6,6,11,15
수도권,2월,스튜디오,선수정본,선택,2,6,6,8,15
비수도권,2월,스튜디오,선수정본,선택,5,5,10,15,15
서울,2월,스튜디오,선수정본,선택,2,6,6,6,15
경인,2월,스튜디오,선수정본,선택,6,6,6,15,15
5대 광역시,2월,스튜디오,선수정본,선택,5,5,10,15,15
이외 지역,2월,스튜디오,선수정본,선택,5,6,8,11,15
전국,1월,스튜디오,선수정본,선택,5,6,6,11,15
수도권,1월,스튜디오,선수정본,선택,2,6,6,8,15
비수도권,1월,스튜디오,선수정본,선택,5,5,10,15,15
서울,1월,스튜디오,선수정본,선택,2,6,6,6,15
경인,1월,스튜디오,선수정본,선택,6,6,6,15,15
5대 광역시,1월,스튜디오,선수정본,선택,5,5,10,15,15
이외 지역,1월,스튜디오,선수정본,선택,5,6,8,11,15
전국,12월,스튜디오,선수정본,선택,5,6,6,11,15
수도권,12월,스튜디오,선수정본,선택,2,6,6,8,15
비수도권,12월,스튜디오,선수정본,선택,5,5,10,15,15
서울,12월,스튜디오,선수정본,선택,2,6,6,6,15
경인,12월,스튜디오,선수정본,선택,6,6,6,15,15
5대 광역시,12월,스튜디오,선수정본,선택,5,5,10,15,15
이외 지역,12월,스튜디오,선수정본,선택,5,6,8,11,15
전국,11월,스튜디오,선수정본,선택,5,6,6,11,15
수도권,11월,스튜디오,선수정본,선택,2,6,6,7,15
비수도권,11월,스튜디오,선수정본,선택,5,5,10,15,15
서울,11월,스튜디오,선수정본,선택,2,6,6,6,13
경인,11월,스튜디오,선수정본,선택,6,6,6,15,15
5대 광역시,11월,스튜디오,선수정본,선택,5,5,10,15,15
이외 지역,11월,스튜디오,선수정본,선택,5,6,6,11,15
전국,10월,스튜디오,선수정본,선택,5,6,6,11,15
수도권,10월,스튜디오,선수정본,선택,2,6,6,8,15
비수도권,10월,스튜디오,선수정본,선택,5,5,10,15,15
서울,10월,스튜디오,선수정본,선택,2,6,6,6,13
경인,10월,스튜디오,선수정본,선택,6,6,7,15,15
5대 광역시,10월,스튜디오,선수정본,선택,5,5,10,15,15
이외 지역,10월,스튜디오,선수정본,선택,5,6,6,11,15
전국,9월,스튜디오,선수정본,선택,5,6,6,11,15
수도권,9월,스튜디오,선수정본,선택,2,6,6,8,15
비수도권,9월,스튜디오,선수정본,선택,5,5,10,15,15
서울,9월,스튜디오,선수정본,선택,2,6,6,6,13
경인,9월,스튜디오,선수정본,선택,6,6,6,15,15
5대 광역시,9월,스튜디오,선수정본,선택,5,5,10,15,15
이외 지역,9월,스튜디오,선수정본,선택,5,6,10,11,15
전국,8월,스튜디오,선수정본,선택,5,6,6,11,15
수도권,8월,스튜디오,선수정본,선택,2,6,6,8,15
비수도권,8월,스튜디오,선수정본,선택,5,5,10,15,15
서울,8월,스튜디오,선수정본,선택,2,6,6,6,15
경인,8월,스튜디오,선수정본,선택,6,6,6,15,15
5대 광역시,8월,스튜디오,선수정본,선택,5,5,10,15,15
이외 지역,8월,스튜디오,선수정본,선택,5,6,10,11,15
전국,7월,스튜디오,선수정본,선택,5,6,6,11,15
수도권,7월,스튜디오,선수정본,선택,2,6,6,6,15
비수도권,7월,스튜디오,선수정본,선택,5,5,10,15,15
서울,7월,스튜디오,선수정본,선택,2,6,6,6,15
경인,7월,스튜디오,선수정본,선택,6,6,6,15,15
5대 광역시,7월,스튜디오,선수정본,선택,5,5,10,15,15
이외 지역,7월,스튜디오,선수정본,선택,5,6,10,11,15
전국,6월,스튜디오,선수정본,선택,5,6,6,11,15
수도권,6월,스튜디오,선수정본,선택,2,6,6,6,15
비수도권,6월,스튜디오,선수정본,선택,5,5,10,15,15
서울,6월,스튜디오,선수정본,선택,2,6,6,6,15
경인,6월,스튜디오,선수정본,선택,6,6,6,15,15
5대 광역시,6월,스튜디오,선수정본,선택,5,5,10,15,15
이외 지역,6월,스튜디오,선수정본,선택,5,6,10,11,15
전국,5월,스튜디오,선수정본,선택,5,5,6,11,15
수도권,5월,스튜디오,선수정본,선택,2,6,6,6,15
비수도권,5월,스튜디오,선수정본,선택,5,5,10,15,15
서울,5월,스튜디오,선수정본,선택,2,6,6,6,15
경인,5월,스튜디오,선수정본,선택,6,6,6,15,15
5대 광역시,5월,스튜디오,선수정본,선택,5,5,11,15,15
이외 지역,5월,스튜디오,선수정본,선택,5,5,10,13,15
전국,4월,스튜디오,컨펌비,선택,7,8,8,10,11
수도권,4월,스튜디오,컨펌비,선택,8,8,8,8,11
비수도권,4월,스튜디오,컨펌비,선택,6,8,10,11,33
서울,4월,스튜디오,컨펌비,선택,8,8,8,8,11
경인,4월,스튜디오,컨펌비,선택,6,6,6,8,-
5대 광역시,4월,스튜디오,컨펌비,선택,6,10,10,24,33
이외 지역,4월,스튜디오,컨펌비,선택,6,6,8,10,-
전국,3월,스튜디오,컨펌비,선택,7,8,8,10,11
수도권,3월,스튜디오,컨펌비,선택,8,8,8,8,11
비수도권,3월,스튜디오,컨펌비,선택,6,8,10,11,33
서울,3월,스튜디오,컨펌비,선택,8,8,8,8,11
경인,3월,스튜디오,컨펌비,선택,6,6,6,8,-
5대 광역시,3월,스튜디오,컨펌비,선택,7,10,10,14,33
이외 지역,3월,스튜디오,컨펌비,선택,6,6,8,10,-
전국,2월,스튜디오,컨펌비,선택,7,8,8,10,11
수도권,2월,스튜디오,컨펌비,선택,7,8,8,8,11
비수도권,2월,스튜디오,컨펌비,선택,6,8,10,11,33
서울,2월,스튜디오,컨펌비,선택,8,8,8,8,11
경인,2월,스튜디오,컨펌비,선택,6,6,6,8,-
5대 광역시,2월,스튜디오,컨펌비,선택,7,10,10,14,33
이외 지역,2월,스튜디오,컨펌비,선택,6,6,8,10,-
전국,1월,스튜디오,컨펌비,선택,7,8,8,10,11
수도권,1월,스튜디오,컨펌비,선택,7,8,8,8,11
비수도권,1월,스튜디오,컨펌비,선택,6,8,10,11,33
서울,1월,스튜디오,컨펌비,선택,8,8,8,8,11
경인,1월,스튜디오,컨펌비,선택,6,6,6,8,-
5대 광역시,1월,스튜디오,컨펌비,선택,7,10,10,14,33
이외 지역,1월,스튜디오,컨펌비,선택,6,6,8,10,-
전국,12월,스튜디오,컨펌비,선택,7,8,8,10,11
수도권,12월,스튜디오,컨펌비,선택,7,8,8,8,11
비수도권,12월,스튜디오,컨펌비,선택,6,8,10,11,33
서울,12월,스튜디오,컨펌비,선택,8,8,8,8,11
경인,12월,스튜디오,컨펌비,선택,6,6,6,10,-
5대 광역시,12월,스튜디오,컨펌비,선택,7,10,10,13,33
이외 지역,12월,스튜디오,컨펌비,선택,6,6,8,10,-
전국,11월,스튜디오,컨펌비,선택,7,8,8,10,11
수도권,11월,스튜디오,컨펌비,선택,8,8,8,8,11
비수도권,11월,스튜디오,컨펌비,선택,6,8,10,11,33
서울,11월,스튜디오,컨펌비,선택,8,8,8,8,11
경인,11월,스튜디오,컨펌비,선택,6,6,8,-,-
5대 광역시,11월,스튜디오,컨펌비,선택,7,10,10,13,33
이외 지역,11월,스튜디오,컨펌비,선택,6,6,8,10,-
전국,10월,스튜디오,컨펌비,선택,7,8,8,10,11
수도권,10월,스튜디오,컨펌비,선택,8,8,8,8,11
비수도권,10월,스튜디오,컨펌비,선택,6,8,10,11,33
서울,10월,스튜디오,컨펌비,선택,8,8,8,8,11
경인,10월,스튜디오,컨펌비,선택,6,6,8,-,-
5대 광역시,10월,스튜디오,컨펌비,선택,7,10,10,13,33
이외 지역,10월,스튜디오,컨펌비,선택,6,6,8,10,-
전국,9월,스튜디오,컨펌비,선택,8,8,8,10,11
수도권,9월,스튜디오,컨펌비,선택,8,8,8,8,11
비수도권,9월,스튜디오,컨펌비,선택,8,10,10,11,33
서울,9월,스튜디오,컨펌비,선택,8,8,8,8,11
경인,9월,스튜디오,컨펌비,선택,8,8,8,-,-
5대 광역시,9월,스튜디오,컨펌비,선택,10,10,10,15,33
이외 지역,9월,스튜디오,컨펌비,선택,6,6,8,11,-
전국,8월,스튜디오,컨펌비,선택,8,8,8,10,11
수도권,8월,스튜디오,컨펌비,선택,8,8,8,8,11
비수도권,8월,스튜디오,컨펌비,선택,8,10,10,11,33
서울,8월,스튜디오,컨펌비,선택,8,8,8,8,11
경인,8월,스튜디오,컨펌비,선택,8,8,8,-,-
5대 광역시,8월,스튜디오,컨펌비,선택,10,10,10,15,33
이외 지역,8월,스튜디오,컨펌비,선택,6,6,8,11,-
전국,7월,스튜디오,컨펌비,선택,8,8,8,10,11
수도권,7월,스튜디오,컨펌비,선택,8,8,8,8,11
비수도권,7월,스튜디오,컨펌비,선택,8,10,10,11,33
서울,7월,스튜디오,컨펌비,선택,8,8,8,8,11
경인,7월,스튜디오,컨펌비,선택,8,8,8,-,-
5대 광역시,7월,스튜디오,컨펌비,선택,10,10,10,15,33
이외 지역,7월,스튜디오,컨펌비,선택,6,6,8,11,-
전국,6월,스튜디오,컨펌비,선택,8,8,8,10,11
수도권,6월,스튜디오,컨펌비,선택,8,8,8,8,10
비수도권,6월,스튜디오,컨펌비,선택,8,10,10,11,33
서울,6월,스튜디오,컨펌비,선택,8,8,8,8,10
경인,6월,스튜디오,컨펌비,선택,8,8,8,-,-
5대 광역시,6월,스튜디오,컨펌비,선택,10,10,10,20,33
이외 지역,6월,스튜디오,컨펌비,선택,8,8,8,11,-
전국,5월,스튜디오,컨펌비,선택,8,8,8,10,11
수도권,5월,스튜디오,컨펌비,선택,8,8,8,8,10
비수도권,5월,스튜디오,컨펌비,선택,8,10,10,11,33
서울,5월,스튜디오,컨펌비,선택,8,8,8,8,10
경인,5월,스튜디오,컨펌비,선택,8,8,8,-,-
5대 광역시,5월,스튜디오,컨펌비,선택,10,10,10,20,33
이외 지역,5월,스튜디오,컨펌비,선택,8,8,8,11,-
전국,4월,스튜디오,담당자 지정,선택,10,15,18,22,30
수도권,4월,스튜디오,담당자 지정,선택,14,17,17,28,33
비수도권,4월,스튜디오,담당자 지정,선택,10,14,19,22,30
서울,4월,스튜디오,담당자 지정,선택,15,17,17,30,33
경인,4월,스튜디오,담당자 지정,선택,10,15,18,22,30
5대 광역시,4월,스튜디오,담당자 지정,선택,10,15,19,22,30
이외 지역,4월,스튜디오,담당자 지정,선택,10,10,19,22,31
전국,3월,스튜디오,담당자 지정,선택,10,15,20,22,30
수도권,3월,스튜디오,담당자 지정,선택,14,17,17,28,33
비수도권,3월,스튜디오,담당자 지정,선택,10,15,20,22,30
서울,3월,스튜디오,담당자 지정,선택,15,17,17,30,33
경인,3월,스튜디오,담당자 지정,선택,10,15,18,22,30
5대 광역시,3월,스튜디오,담당자 지정,선택,10,15,20,22,30
이외 지역,3월,스튜디오,담당자 지정,선택,10,10,19,22,31
전국,2월,스튜디오,담당자 지정,선택,10,15,20,22,30
수도권,2월,스튜디오,담당자 지정,선택,14,17,17,28,33
비수도권,2월,스튜디오,담당자 지정,선택,10,15,20,22,30
서울,2월,스튜디오,담당자 지정,선택,15,17,17,30,33
경인,2월,스튜디오,담당자 지정,선택,10,15,18,22,30
5대 광역시,2월,스튜디오,담당자 지정,선택,10,15,20,22,30
이외 지역,2월,스튜디오,담당자 지정,선택,10,10,20,22,31
전국,1월,스튜디오,담당자 지정,선택,10,15,20,22,30
수도권,1월,스튜디오,담당자 지정,선택,14,17,18,28,33
비수도권,1월,스튜디오,담당자 지정,선택,10,15,20,22,30
서울,1월,스튜디오,담당자 지정,선택,15,17,17,30,33
경인,1월,스튜디오,담당자 지정,선택,10,15,18,23,30
5대 광역시,1월,스튜디오,담당자 지정,선택,10,15,20,22,30
이외 지역,1월,스튜디오,담당자 지정,선택,10,10,20,22,31
전국,12월,스튜디오,담당자 지정,선택,10,15,20,22,30
수도권,12월,스튜디오,담당자 지정,선택,14,17,18,28,33
비수도권,12월,스튜디오,담당자 지정,선택,10,15,20,22,30
서울,12월,스튜디오,담당자 지정,선택,15,17,17,30,33
경인,12월,스튜디오,담당자 지정,선택,10,15,18,22,30
5대 광역시,12월,스튜디오,담당자 지정,선택,10,15,20,22,30
이외 지역,12월,스튜디오,담당자 지정,선택,10,10,20,22,31
전국,11월,스튜디오,담당자 지정,선택,10,15,20,22,30
수도권,11월,스튜디오,담당자 지정,선택,14,17,18,28,33
비수도권,11월,스튜디오,담당자 지정,선택,10,15,22,22,30
서울,11월,스튜디오,담당자 지정,선택,15,17,17,30,33
경인,11월,스튜디오,담당자 지정,선택,10,14,18,25,30
5대 광역시,11월,스튜디오,담당자 지정,선택,10,15,20,22,30
이외 지역,11월,스튜디오,담당자 지정,선택,10,14,22,22,30
전국,10월,스튜디오,담당자 지정,선택,10,15,20,22,30
수도권,10월,스튜디오,담당자 지정,선택,15,17,18,28,33
비수도권,10월,스튜디오,담당자 지정,선택,10,15,22,22,30
서울,10월,스튜디오,담당자 지정,선택,15,17,17,30,33
경인,10월,스튜디오,담당자 지정,선택,10,17,22,28,30
5대 광역시,10월,스튜디오,담당자 지정,선택,10,15,20,22,30
이외 지역,10월,스튜디오,담당자 지정,선택,10,12,22,22,26
전국,9월,스튜디오,담당자 지정,선택,10,15,20,22,30
수도권,9월,스튜디오,담당자 지정,선택,15,17,17,28,33
비수도권,9월,스튜디오,담당자 지정,선택,10,15,20,22,30
서울,9월,스튜디오,담당자 지정,선택,15,17,17,30,33
경인,9월,스튜디오,담당자 지정,선택,10,15,18,22,28
5대 광역시,9월,스튜디오,담당자 지정,선택,10,15,20,22,30
이외 지역,9월,스튜디오,담당자 지정,선택,10,11,22,22,22
전국,8월,스튜디오,담당자 지정,선택,10,15,20,22,30
수도권,8월,스튜디오,담당자 지정,선택,15,17,17,22,33
비수도권,8월,스튜디오,담당자 지정,선택,10,15,20,22,30
서울,8월,스튜디오,담당자 지정,선택,15,17,17,29,33
경인,8월,스튜디오,담당자 지정,선택,10,15,18,22,28
5대 광역시,8월,스튜디오,담당자 지정,선택,10,15,20,22,30
이외 지역,8월,스튜디오,담당자 지정,선택,10,11,22,22,22
전국,7월,스튜디오,담당자 지정,선택,10,15,20,22,30
수도권,7월,스튜디오,담당자 지정,선택,15,17,17,22,33
비수도권,7월,스튜디오,담당자 지정,선택,10,15,20,22,30
서울,7월,스튜디오,담당자 지정,선택,15,17,17,28,33
경인,7월,스튜디오,담당자 지정,선택,10,15,18,22,28
5대 광역시,7월,스튜디오,담당자 지정,선택,10,15,20,22,30
이외 지역,7월,스튜디오,담당자 지정,선택,10,11,22,22,22
전국,6월,스튜디오,담당자 지정,선택,10,15,19,22,30
수도권,6월,스튜디오,담당자 지정,선택,15,17,17,22,30
비수도권,6월,스튜디오,담당자 지정,선택,10,15,20,22,30
서울,6월,스튜디오,담당자 지정,선택,15,17,17,22,30
경인,6월,스튜디오,담당자 지정,선택,10,15,18,22,28
5대 광역시,6월,스튜디오,담당자 지정,선택,10,15,20,22,30
이외 지역,6월,스튜디오,담당자 지정,선택,10,11,22,22,22
전국,5월,스튜디오,담당자 지정,선택,10,15,19,22,30
수도권,5월,스튜디오,담당자 지정,선택,15,17,17,22,30
비수도권,5월,스튜디오,담당자 지정,선택,10,15,22,22,30
서울,5월,스튜디오,담당자 지정,선택,15,17,17,20,30
경인,5월,스튜디오,담당자 지정,선택,10,16,18,23,29
5대 광역시,5월,스튜디오,담당자 지정,선택,10,15,20,22,30
이외 지역,5월,스튜디오,담당자 지정,선택,10,10,22,22,22
전국,4월,스튜디오,야외촬영,선택,8,11,15,20,28
수도권,4월,스튜디오,야외촬영,선택,8,8,11,17,22
비수도권,4월,스튜디오,야외촬영,선택,10,13,15,20,28
서울,4월,스튜디오,야외촬영,선택,8,8,11,17,20
경인,4월,스튜디오,야외촬영,선택,11,13,17,22,28
5대 광역시,4월,스튜디오,야외촬영,선택,10,13,15,20,28
이외 지역,4월,스튜디오,야외촬영,선택,10,11,16,23,28
전국,3월,스튜디오,야외촬영,선택,8,10,15,20,28
수도권,3월,스튜디오,야외촬영,선택,8,8,11,17,22
비수도권,3월,스튜디오,야외촬영,선택,10,13,15,20,28
서울,3월,스튜디오,야외촬영,선택,8,8,11,17,20
경인,3월,스튜디오,야외촬영,선택,11,13,17,22,28
5대 광역시,3월,스튜디오,야외촬영,선택,10,13,15,20,28
이외 지역,3월,스튜디오,야외촬영,선택,10,11,16,23,28
전국,2월,스튜디오,야외촬영,선택,8,10,15,20,28
수도권,2월,스튜디오,야외촬영,선택,8,8,11,17,22
비수도권,2월,스튜디오,야외촬영,선택,10,13,15,20,28
서울,2월,스튜디오,야외촬영,선택,8,8,11,17,20
경인,2월,스튜디오,야외촬영,선택,11,13,17,22,28
5대 광역시,2월,스튜디오,야외촬영,선택,10,13,15,20,28
이외 지역,2월,스튜디오,야외촬영,선택,10,11,16,26,28
전국,1월,스튜디오,야외촬영,선택,8,10,15,20,28
수도권,1월,스튜디오,야외촬영,선택,8,8,12,17,22
비수도권,1월,스튜디오,야외촬영,선택,10,13,15,20,28
서울,1월,스튜디오,야외촬영,선택,8,8,11,17,21
경인,1월,스튜디오,야외촬영,선택,11,15,17,22,28
5대 광역시,1월,스튜디오,야외촬영,선택,10,13,15,20,28
이외 지역,1월,스튜디오,야외촬영,선택,10,11,16,26,28
전국,12월,스튜디오,야외촬영,선택,8,11,15,20,28
수도권,12월,스튜디오,야외촬영,선택,8,8,11,17,22
비수도권,12월,스튜디오,야외촬영,선택,10,13,15,20,28
서울,12월,스튜디오,야외촬영,선택,8,8,11,17,21
경인,12월,스튜디오,야외촬영,선택,11,15,17,22,28
5대 광역시,12월,스튜디오,야외촬영,선택,10,13,15,20,28
이외 지역,12월,스튜디오,야외촬영,선택,10,11,16,26,28
전국,11월,스튜디오,야외촬영,선택,8,11,15,20,28
수도권,11월,스튜디오,야외촬영,선택,8,8,11,17,22
비수도권,11월,스튜디오,야외촬영,선택,10,13,15,22,28
서울,11월,스튜디오,야외촬영,선택,8,8,11,17,22
경인,11월,스튜디오,야외촬영,선택,11,14,17,21,28
5대 광역시,11월,스튜디오,야외촬영,선택,10,13,15,20,28
이외 지역,11월,스튜디오,야외촬영,선택,10,15,17,28,28
전국,10월,스튜디오,야외촬영,선택,8,10,15,20,28
수도권,10월,스튜디오,야외촬영,선택,8,8,11,17,22
비수도권,10월,스튜디오,야외촬영,선택,10,13,15,22,28
서울,10월,스튜디오,야외촬영,선택,8,8,11,17,20
경인,10월,스튜디오,야외촬영,선택,12,16,17,21,28
5대 광역시,10월,스튜디오,야외촬영,선택,10,13,15,20,28
이외 지역,10월,스튜디오,야외촬영,선택,10,11,17,28,28
전국,9월,스튜디오,야외촬영,선택,8,11,15,20,28
수도권,9월,스튜디오,야외촬영,선택,8,8,13,17,22
비수도권,9월,스튜디오,야외촬영,선택,10,13,15,22,28
서울,9월,스튜디오,야외촬영,선택,8,8,11,17,20
경인,9월,스튜디오,야외촬영,선택,14,17,17,22,28
5대 광역시,9월,스튜디오,야외촬영,선택,10,13,15,20,28
이외 지역,9월,스튜디오,야외촬영,선택,10,15,17,28,28
전국,8월,스튜디오,야외촬영,선택,8,10,15,20,28
수도권,8월,스튜디오,야외촬영,선택,8,8,11,17,23
비수도권,8월,스튜디오,야외촬영,선택,10,13,15,20,28
서울,8월,스튜디오,야외촬영,선택,8,8,10,17,20
경인,8월,스튜디오,야외촬영,선택,14,17,17,22,28
5대 광역시,8월,스튜디오,야외촬영,선택,10,13,15,20,28
이외 지역,8월,스튜디오,야외촬영,선택,10,15,17,28,28
전국,7월,스튜디오,야외촬영,선택,8,10,15,20,28
수도권,7월,스튜디오,야외촬영,선택,8,8,11,17,24
비수도권,7월,스튜디오,야외촬영,선택,10,13,15,21,28
서울,7월,스튜디오,야외촬영,선택,8,8,10,17,20
경인,7월,스튜디오,야외촬영,선택,14,17,17,22,28
5대 광역시,7월,스튜디오,야외촬영,선택,10,13,15,20,28
이외 지역,7월,스튜디오,야외촬영,선택,10,15,17,28,28
전국,6월,스튜디오,야외촬영,선택,8,10,15,20,28
수도권,6월,스튜디오,야외촬영,선택,8,8,11,17,23
비수도권,6월,스튜디오,야외촬영,선택,10,13,15,21,28
서울,6월,스튜디오,야외촬영,선택,8,8,10,17,20
경인,6월,스튜디오,야외촬영,선택,14,17,17,22,28
5대 광역시,6월,스튜디오,야외촬영,선택,10,13,15,20,28
이외 지역,6월,스튜디오,야외촬영,선택,10,15,17,28,28
전국,5월,스튜디오,야외촬영,선택,8,10,15,20,28
수도권,5월,스튜디오,야외촬영,선택,8,8,11,17,25
비수도권,5월,스튜디오,야외촬영,선택,10,13,15,20,28
서울,5월,스튜디오,야외촬영,선택,8,8,10,17,20
경인,5월,스튜디오,야외촬영,선택,14,17,17,22,28
5대 광역시,5월,스튜디오,야외촬영,선택,10,13,15,20,28
이외 지역,5월,스튜디오,야외촬영,선택,10,15,17,28,28
전국,4월,스튜디오,야간촬영,선택,8,10,15,22,28
수도권,4월,스튜디오,야간촬영,선택,8,8,12,17,22
비수도권,4월,스튜디오,야간촬영,선택,10,10,15,22,28
서울,4월,스튜디오,야간촬영,선택,8,8,11,17,22
경인,4월,스튜디오,야간촬영,선택,8,11,17,22,27
5대 광역시,4월,스튜디오,야간촬영,선택,10,10,13,22,28
이외 지역,4월,스튜디오,야간촬영,선택,10,10,20,22,28
전국,3월,스튜디오,야간촬영,선택,8,10,15,22,28
수도권,3월,스튜디오,야간촬영,선택,8,8,13,18,22
비수도권,3월,스튜디오,야간촬영,선택,10,10,15,22,28
서울,3월,스튜디오,야간촬영,선택,8,8,11,17,22
경인,3월,스튜디오,야간촬영,선택,8,11,17,22,27
5대 광역시,3월,스튜디오,야간촬영,선택,10,10,15,22,28
이외 지역,3월,스튜디오,야간촬영,선택,10,10,20,22,28
전국,2월,스튜디오,야간촬영,선택,8,10,15,22,28
수도권,2월,스튜디오,야간촬영,선택,8,8,11,17,22
비수도권,2월,스튜디오,야간촬영,선택,10,10,15,22,28
서울,2월,스튜디오,야간촬영,선택,8,8,11,17,22
경인,2월,스튜디오,야간촬영,선택,8,11,17,22,27
5대 광역시,2월,스튜디오,야간촬영,선택,10,10,15,22,28
이외 지역,2월,스튜디오,야간촬영,선택,10,10,19,22,28
전국,1월,스튜디오,야간촬영,선택,8,10,15,22,28
수도권,1월,스튜디오,야간촬영,선택,8,8,11,17,22
비수도권,1월,스튜디오,야간촬영,선택,10,10,15,22,28
서울,1월,스튜디오,야간촬영,선택,8,8,11,17,22
경인,1월,스튜디오,야간촬영,선택,10,11,17,22,28
5대 광역시,1월,스튜디오,야간촬영,선택,10,10,15,22,28
이외 지역,1월,스튜디오,야간촬영,선택,10,10,19,22,28
전국,12월,스튜디오,야간촬영,선택,8,10,15,22,28
수도권,12월,스튜디오,야간촬영,선택,8,8,11,17,22
비수도권,12월,스튜디오,야간촬영,선택,10,10,15,22,28
서울,12월,스튜디오,야간촬영,선택,8,8,11,17,22
경인,12월,스튜디오,야간촬영,선택,10,11,17,22,27
5대 광역시,12월,스튜디오,야간촬영,선택,10,10,15,22,28
이외 지역,12월,스튜디오,야간촬영,선택,10,10,19,22,28
전국,11월,스튜디오,야간촬영,선택,8,10,15,22,28
수도권,11월,스튜디오,야간촬영,선택,8,8,11,17,22
비수도권,11월,스튜디오,야간촬영,선택,10,10,15,22,28
서울,11월,스튜디오,야간촬영,선택,8,8,11,17,22
경인,11월,스튜디오,야간촬영,선택,10,11,17,22,27
5대 광역시,11월,스튜디오,야간촬영,선택,10,10,15,22,28
이외 지역,11월,스튜디오,야간촬영,선택,10,11,20,28,28
전국,10월,스튜디오,야간촬영,선택,8,10,15,22,28
수도권,10월,스튜디오,야간촬영,선택,8,8,11,17,22
비수도권,10월,스튜디오,야간촬영,선택,10,10,15,22,28
서울,10월,스튜디오,야간촬영,선택,8,8,11,17,22
경인,10월,스튜디오,야간촬영,선택,8,11,17,22,28
5대 광역시,10월,스튜디오,야간촬영,선택,10,10,15,22,28
이외 지역,10월,스튜디오,야간촬영,선택,10,11,20,28,28
전국,9월,스튜디오,야간촬영,선택,8,10,15,22,28
수도권,9월,스튜디오,야간촬영,선택,8,8,12,17,22
비수도권,9월,스튜디오,야간촬영,선택,10,10,15,22,28
서울,9월,스튜디오,야간촬영,선택,8,8,11,17,22
경인,9월,스튜디오,야간촬영,선택,9,11,17,22,28
5대 광역시,9월,스튜디오,야간촬영,선택,10,10,15,22,28
이외 지역,9월,스튜디오,야간촬영,선택,10,11,20,28,28
전국,8월,스튜디오,야간촬영,선택,8,10,15,22,28
수도권,8월,스튜디오,야간촬영,선택,8,8,11,17,22
비수도권,8월,스튜디오,야간촬영,선택,10,10,15,22,28
서울,8월,스튜디오,야간촬영,선택,8,8,11,17,22
경인,8월,스튜디오,야간촬영,선택,9,11,17,22,28
5대 광역시,8월,스튜디오,야간촬영,선택,10,10,15,22,28
이외 지역,8월,스튜디오,야간촬영,선택,10,11,20,28,28
전국,7월,스튜디오,야간촬영,선택,8,10,15,22,28
수도권,7월,스튜디오,야간촬영,선택,8,8,11,17,22
비수도권,7월,스튜디오,야간촬영,선택,10,10,15,22,28
서울,7월,스튜디오,야간촬영,선택,8,8,11,17,22
경인,7월,스튜디오,야간촬영,선택,9,11,17,22,28
5대 광역시,7월,스튜디오,야간촬영,선택,10,10,15,22,28
이외 지역,7월,스튜디오,야간촬영,선택,10,11,20,28,28
전국,6월,스튜디오,야간촬영,선택,8,10,15,22,28
수도권,6월,스튜디오,야간촬영,선택,8,8,11,17,22
비수도권,6월,스튜디오,야간촬영,선택,10,10,15,22,28
서울,6월,스튜디오,야간촬영,선택,8,8,11,17,22
경인,6월,스튜디오,야간촬영,선택,9,11,17,22,28
5대 광역시,6월,스튜디오,야간촬영,선택,10,10,15,22,28
이외 지역,6월,스튜디오,야간촬영,선택,10,11,20,28,28
전국,5월,스튜디오,야간촬영,선택,8,10,15,22,28
수도권,5월,스튜디오,야간촬영,선택,8,8,11,17,22
비수도권,5월,스튜디오,야간촬영,선택,10,10,15,22,28
서울,5월,스튜디오,야간촬영,선택,8,8,10,17,22
경인,5월,스튜디오,야간촬영,선택,8,11,17,20,28
5대 광역시,5월,스튜디오,야간촬영,선택,10,10,14,22,28
이외 지역,5월,스튜디오,야간촬영,선택,10,11,20,28,28
전국,4월,스튜디오,촬영 출장비,선택,15,15,20,22,33
수도권,4월,스튜디오,촬영 출장비,선택,8,15,20,22,36
비수도권,4월,스튜디오,촬영 출장비,선택,15,15,20,22,28
서울,4월,스튜디오,촬영 출장비,선택,8,15,20,22,38
경인,4월,스튜디오,촬영 출장비,선택,8,15,20,33,33
5대 광역시,4월,스튜디오,촬영 출장비,선택,15,15,20,22,28
이외 지역,4월,스튜디오,촬영 출장비,선택,15,17,20,20,65
전국,3월,스튜디오,촬영 출장비,선택,15,15,20,22,33
수도권,3월,스튜디오,촬영 출장비,선택,8,15,20,22,36
비수도권,3월,스튜디오,촬영 출장비,선택,15,15,20,22,28
서울,3월,스튜디오,촬영 출장비,선택,8,15,20,22,38
경인,3월,스튜디오,촬영 출장비,선택,8,15,20,33,33
5대 광역시,3월,스튜디오,촬영 출장비,선택,15,15,20,22,28
이외 지역,3월,스튜디오,촬영 출장비,선택,15,17,20,20,65
전국,2월,스튜디오,촬영 출장비,선택,15,15,20,22,33
수도권,2월,스튜디오,촬영 출장비,선택,8,15,20,22,36
비수도권,2월,스튜디오,촬영 출장비,선택,15,15,20,22,28
서울,2월,스튜디오,촬영 출장비,선택,8,15,20,22,38
경인,2월,스튜디오,촬영 출장비,선택,8,15,20,33,33
5대 광역시,2월,스튜디오,촬영 출장비,선택,15,15,20,22,28
이외 지역,2월,스튜디오,촬영 출장비,선택,15,16,18,20,61
전국,1월,스튜디오,촬영 출장비,선택,15,15,20,22,33
수도권,1월,스튜디오,촬영 출장비,선택,8,15,20,22,36
비수도권,1월,스튜디오,촬영 출장비,선택,15,15,16,22,28
서울,1월,스튜디오,촬영 출장비,선택,8,15,20,22,38
경인,1월,스튜디오,촬영 출장비,선택,8,15,20,33,33
5대 광역시,1월,스튜디오,촬영 출장비,선택,15,15,15,22,28
이외 지역,1월,스튜디오,촬영 출장비,선택,15,16,18,20,61
전국,12월,스튜디오,촬영 출장비,선택,15,15,20,22,33
수도권,12월,스튜디오,촬영 출장비,선택,8,15,20,22,37
비수도권,12월,스튜디오,촬영 출장비,선택,15,15,15,22,28
서울,12월,스튜디오,촬영 출장비,선택,8,15,20,22,38
경인,12월,스튜디오,촬영 출장비,선택,8,15,20,33,33
5대 광역시,12월,스튜디오,촬영 출장비,선택,15,15,15,22,28
이외 지역,12월,스튜디오,촬영 출장비,선택,15,16,18,20,61
전국,11월,스튜디오,촬영 출장비,선택,15,15,20,22,33
수도권,11월,스튜디오,촬영 출장비,선택,8,15,20,26,37
비수도권,11월,스튜디오,촬영 출장비,선택,15,15,15,22,28
서울,11월,스튜디오,촬영 출장비,선택,8,15,20,25,38
경인,11월,스튜디오,촬영 출장비,선택,8,15,20,33,33
5대 광역시,11월,스튜디오,촬영 출장비,선택,15,15,15,22,28
이외 지역,11월,스튜디오,촬영 출장비,선택,15,16,18,20,61
전국,10월,스튜디오,촬영 출장비,선택,15,15,20,22,33
수도권,10월,스튜디오,촬영 출장비,선택,8,15,20,28,38
비수도권,10월,스튜디오,촬영 출장비,선택,15,15,15,22,28
서울,10월,스튜디오,촬영 출장비,선택,8,15,20,25,38
경인,10월,스튜디오,촬영 출장비,선택,8,13,19,33,33
5대 광역시,10월,스튜디오,촬영 출장비,선택,15,15,15,22,28
이외 지역,10월,스튜디오,촬영 출장비,선택,15,16,18,20,61
전국,9월,스튜디오,촬영 출장비,선택,15,15,20,22,33
수도권,9월,스튜디오,촬영 출장비,선택,8,15,20,26,37
비수도권,9월,스튜디오,촬영 출장비,선택,15,15,15,22,28
서울,9월,스튜디오,촬영 출장비,선택,8,15,20,25,38
경인,9월,스튜디오,촬영 출장비,선택,8,15,20,33,33
5대 광역시,9월,스튜디오,촬영 출장비,선택,15,15,15,22,28
이외 지역,9월,스튜디오,촬영 출장비,선택,15,16,18,20,61
전국,8월,스튜디오,촬영 출장비,선택,15,15,20,22,33
수도권,8월,스튜디오,촬영 출장비,선택,8,15,20,26,37
비수도권,8월,스튜디오,촬영 출장비,선택,15,15,15,22,28
서울,8월,스튜디오,촬영 출장비,선택,8,15,20,25,38
경인,8월,스튜디오,촬영 출장비,선택,8,15,20,33,33
5대 광역시,8월,스튜디오,촬영 출장비,선택,15,15,15,22,28
이외 지역,8월,스튜디오,촬영 출장비,선택,15,16,18,20,61
전국,7월,스튜디오,촬영 출장비,선택,15,15,20,22,33
수도권,7월,스튜디오,촬영 출장비,선택,8,15,20,26,37
비수도권,7월,스튜디오,촬영 출장비,선택,15,15,15,22,28
서울,7월,스튜디오,촬영 출장비,선택,8,15,20,25,38
경인,7월,스튜디오,촬영 출장비,선택,8,15,20,33,33
5대 광역시,7월,스튜디오,촬영 출장비,선택,15,15,15,22,28
이외 지역,7월,스튜디오,촬영 출장비,선택,15,16,18,20,61
전국,6월,스튜디오,촬영 출장비,선택,15,15,20,22,33
수도권,6월,스튜디오,촬영 출장비,선택,8,15,20,26,37
비수도권,6월,스튜디오,촬영 출장비,선택,15,15,15,22,28
서울,6월,스튜디오,촬영 출장비,선택,8,15,20,25,38
경인,6월,스튜디오,촬영 출장비,선택,8,15,20,33,33
5대 광역시,6월,스튜디오,촬영 출장비,선택,15,15,15,22,28
이외 지역,6월,스튜디오,촬영 출장비,선택,15,16,18,20,61
전국,5월,스튜디오,촬영 출장비,선택,15,15,20,22,33
수도권,5월,스튜디오,촬영 출장비,선택,8,15,20,26,37
비수도권,5월,스튜디오,촬영 출장비,선택,15,15,15,22,28
서울,5월,스튜디오,촬영 출장비,선택,8,15,20,25,38
경인,5월,스튜디오,촬영 출장비,선택,8,15,20,33,33
5대 광역시,5월,스튜디오,촬영 출장비,선택,15,15,15,22,28
이외 지역,5월,스튜디오,촬영 출장비,선택,15,16,18,20,61
전국,4월,스튜디오,서브 스냅,선택,15,15,17,22,39
수도권,4월,스튜디오,서브 스냅,선택,15,17,17,22,38
비수도권,4월,스튜디오,서브 스냅,선택,15,15,18,39,39
서울,4월,스튜디오,서브 스냅,선택,15,17,17,19,33
경인,4월,스튜디오,서브 스냅,선택,15,15,19,34,39
5대 광역시,4월,스튜디오,서브 스냅,선택,15,15,18,39,39
이외 지역,4월,스튜디오,서브 스냅,선택,10,17,20,22,22
전국,3월,스튜디오,서브 스냅,선택,15,15,17,22,39
수도권,3월,스튜디오,서브 스냅,선택,15,17,17,22,38
비수도권,3월,스튜디오,서브 스냅,선택,15,15,18,39,39
서울,3월,스튜디오,서브 스냅,선택,15,17,17,19,33
경인,3월,스튜디오,서브 스냅,선택,15,15,19,34,39
5대 광역시,3월,스튜디오,서브 스냅,선택,15,15,18,39,39
이외 지역,3월,스튜디오,서브 스냅,선택,10,17,20,22,22
전국,2월,스튜디오,서브 스냅,선택,15,15,17,22,39
수도권,2월,스튜디오,서브 스냅,선택,15,17,17,22,33
비수도권,2월,스튜디오,서브 스냅,선택,15,15,18,39,39
서울,2월,스튜디오,서브 스냅,선택,15,17,17,19,33
경인,2월,스튜디오,서브 스냅,선택,15,15,19,34,39
5대 광역시,2월,스튜디오,서브 스냅,선택,15,15,18,39,39
이외 지역,2월,스튜디오,서브 스냅,선택,10,17,20,22,22
전국,1월,스튜디오,서브 스냅,선택,15,15,17,22,39
수도권,1월,스튜디오,서브 스냅,선택,15,17,17,22,35
비수도권,1월,스튜디오,서브 스냅,선택,10,15,18,39,39
서울,1월,스튜디오,서브 스냅,선택,15,17,17,22,33
경인,1월,스튜디오,서브 스냅,선택,15,15,22,39,39
5대 광역시,1월,스튜디오,서브 스냅,선택,11,15,17,39,39
이외 지역,1월,스튜디오,서브 스냅,선택,10,17,20,22,22
전국,12월,스튜디오,서브 스냅,선택,15,15,17,22,39
수도권,12월,스튜디오,서브 스냅,선택,15,17,17,22,35
비수도권,12월,스튜디오,서브 스냅,선택,10,15,18,39,39
서울,12월,스튜디오,서브 스냅,선택,15,17,17,20,33
경인,12월,스튜디오,서브 스냅,선택,15,15,22,34,39
5대 광역시,12월,스튜디오,서브 스냅,선택,12,15,17,39,39
이외 지역,12월,스튜디오,서브 스냅,선택,10,17,20,22,22
전국,11월,스튜디오,서브 스냅,선택,15,15,17,22,39
수도권,11월,스튜디오,서브 스냅,선택,15,17,17,22,33
비수도권,11월,스튜디오,서브 스냅,선택,10,15,18,39,39
서울,11월,스튜디오,서브 스냅,선택,15,17,17,18,33
경인,11월,스튜디오,서브 스냅,선택,15,15,22,34,39
5대 광역시,11월,스튜디오,서브 스냅,선택,12,15,17,39,39
이외 지역,11월,스튜디오,서브 스냅,선택,10,17,20,22,22
전국,10월,스튜디오,서브 스냅,선택,15,15,17,22,39
수도권,10월,스튜디오,서브 스냅,선택,15,17,17,22,33
비수도권,10월,스튜디오,서브 스냅,선택,10,15,18,39,39
서울,10월,스튜디오,서브 스냅,선택,15,17,17,18,33
경인,10월,스튜디오,서브 스냅,선택,15,15,22,34,39
5대 광역시,10월,스튜디오,서브 스냅,선택,12,15,17,39,39
이외 지역,10월,스튜디오,서브 스냅,선택,10,17,20,22,22
전국,9월,스튜디오,서브 스냅,선택,15,15,17,22,39
수도권,9월,스튜디오,서브 스냅,선택,15,17,17,22,33
비수도권,9월,스튜디오,서브 스냅,선택,10,15,17,39,39
서울,9월,스튜디오,서브 스냅,선택,15,17,17,18,33
경인,9월,스튜디오,서브 스냅,선택,15,15,22,39,39
5대 광역시,9월,스튜디오,서브 스냅,선택,12,15,16,39,39
이외 지역,9월,스튜디오,서브 스냅,선택,10,17,20,22,22
전국,8월,스튜디오,서브 스냅,선택,15,15,17,22,39
수도권,8월,스튜디오,서브 스냅,선택,15,17,17,22,33
비수도권,8월,스튜디오,서브 스냅,선택,10,15,18,39,39
서울,8월,스튜디오,서브 스냅,선택,15,17,17,18,33
경인,8월,스튜디오,서브 스냅,선택,15,15,22,39,39
5대 광역시,8월,스튜디오,서브 스냅,선택,12,15,17,39,39
이외 지역,8월,스튜디오,서브 스냅,선택,10,17,20,22,22
전국,7월,스튜디오,서브 스냅,선택,15,15,17,22,39
수도권,7월,스튜디오,서브 스냅,선택,15,17,17,22,33
비수도권,7월,스튜디오,서브 스냅,선택,10,15,18,39,39
서울,7월,스튜디오,서브 스냅,선택,15,17,17,18,33
경인,7월,스튜디오,서브 스냅,선택,15,15,22,39,39
5대 광역시,7월,스튜디오,서브 스냅,선택,12,15,17,39,39
이외 지역,7월,스튜디오,서브 스냅,선택,10,17,20,22,22
전국,6월,스튜디오,서브 스냅,선택,15,15,17,22,39
수도권,6월,스튜디오,서브 스냅,선택,15,17,17,22,33
비수도권,6월,스튜디오,서브 스냅,선택,10,15,18,39,39
서울,6월,스튜디오,서브 스냅,선택,15,17,17,18,33
경인,6월,스튜디오,서브 스냅,선택,15,15,22,39,39
5대 광역시,6월,스튜디오,서브 스냅,선택,12,15,17,39,39
이외 지역,6월,스튜디오,서브 스냅,선택,10,17,20,22,22
전국,5월,스튜디오,서브 스냅,선택,15,15,17,22,39
수도권,5월,스튜디오,서브 스냅,선택,15,17,17,22,33
비수도권,5월,스튜디오,서브 스냅,선택,10,15,18,39,39
서울,5월,스튜디오,서브 스냅,선택,15,17,17,18,33
경인,5월,스튜디오,서브 스냅,선택,15,15,22,39,39
5대 광역시,5월,스튜디오,서브 스냅,선택,12,15,17,39,39
이외 지역,5월,스튜디오,서브 스냅,선택,10,17,20,22,22
전국,4월,스튜디오,소품 활용,선택,0,1,51,61,61
수도권,4월,스튜디오,소품 활용,선택,0,59,61,61,61
비수도권,4월,스튜디오,소품 활용,선택,0,0,48,61,61
서울,4월,스튜디오,소품 활용,선택,0,44,60,61,61
경인,4월,스튜디오,소품 활용,선택,61,61,61,-,-
5대 광역시,4월,스튜디오,소품 활용,선택,0,1,50,61,61
이외 지역,4월,스튜디오,소품 활용,선택,0,0,1,2,-
전국,3월,스튜디오,소품 활용,선택,0,0,46,61,61
수도권,3월,스튜디오,소품 활용,선택,0,59,61,61,61
비수도권,3월,스튜디오,소품 활용,선택,0,0,3,61,61
서울,3월,스튜디오,소품 활용,선택,0,44,60,61,61
경인,3월,스튜디오,소품 활용,선택,61,61,61,-,-
5대 광역시,3월,스튜디오,소품 활용,선택,0,0,5,61,61
이외 지역,3월,스튜디오,소품 활용,선택,0,0,1,2,-
전국,2월,스튜디오,소품 활용,선택,0,0,26,61,61
수도권,2월,스튜디오,소품 활용,선택,0,59,60,61,61
비수도권,2월,스튜디오,소품 활용,선택,0,0,3,61,61
서울,2월,스튜디오,소품 활용,선택,0,30,59,61,-
경인,2월,스튜디오,소품 활용,선택,61,61,61,-,-
5대 광역시,2월,스튜디오,소품 활용,선택,0,0,5,61,61
이외 지역,2월,스튜디오,소품 활용,선택,0,0,1,2,-
전국,1월,스튜디오,소품 활용,선택,0,0,5,61,61
수도권,1월,스튜디오,소품 활용,선택,0,59,60,61,61
비수도권,1월,스튜디오,소품 활용,선택,0,0,3,61,61
서울,1월,스튜디오,소품 활용,선택,0,30,59,61,-
경인,1월,스튜디오,소품 활용,선택,61,61,61,-,-
5대 광역시,1월,스튜디오,소품 활용,선택,0,0,5,61,61
이외 지역,1월,스튜디오,소품 활용,선택,0,0,1,2,-
전국,12월,스튜디오,소품 활용,선택,0,0,5,61,61
수도권,12월,스튜디오,소품 활용,선택,0,59,60,61,61
비수도권,12월,스튜디오,소품 활용,선택,0,0,3,61,61
서울,12월,스튜디오,소품 활용,선택,0,30,59,61,-
경인,12월,스튜디오,소품 활용,선택,61,61,61,-,-
5대 광역시,12월,스튜디오,소품 활용,선택,0,0,3,61,61
이외 지역,12월,스튜디오,소품 활용,선택,0,0,1,2,-
전국,11월,스튜디오,소품 활용,선택,0,0,3,61,61
수도권,11월,스튜디오,소품 활용,선택,0,44,60,61,61
비수도권,11월,스튜디오,소품 활용,선택,0,0,3,61,61
서울,11월,스튜디오,소품 활용,선택,0,0,59,61,-
경인,11월,스튜디오,소품 활용,선택,61,61,61,-,-
5대 광역시,11월,스튜디오,소품 활용,선택,0,0,3,61,61
이외 지역,11월,스튜디오,소품 활용,선택,0,0,0,2,-
전국,10월,스튜디오,소품 활용,선택,0,0,3,61,61
수도권,10월,스튜디오,소품 활용,선택,0,44,60,61,61
비수도권,10월,스튜디오,소품 활용,선택,0,0,3,61,61
서울,10월,스튜디오,소품 활용,선택,0,0,59,61,-
경인,10월,스튜디오,소품 활용,선택,61,61,61,-,-
5대 광역시,10월,스튜디오,소품 활용,선택,0,0,3,61,61
이외 지역,10월,스튜디오,소품 활용,선택,0,0,0,2,-
전국,9월,스튜디오,소품 활용,선택,0,0,3,61,61
수도권,9월,스튜디오,소품 활용,선택,0,44,60,61,61
비수도권,9월,스튜디오,소품 활용,선택,0,0,3,61,61
서울,9월,스튜디오,소품 활용,선택,0,0,59,61,-
경인,9월,스튜디오,소품 활용,선택,61,61,61,-,-
5대 광역시,9월,스튜디오,소품 활용,선택,0,0,3,61,61
이외 지역,9월,스튜디오,소품 활용,선택,0,0,0,2,-
전국,8월,스튜디오,소품 활용,선택,0,0,3,61,61
수도권,8월,스튜디오,소품 활용,선택,0,44,60,61,61
비수도권,8월,스튜디오,소품 활용,선택,0,0,3,61,61
서울,8월,스튜디오,소품 활용,선택,0,0,59,61,-
경인,8월,스튜디오,소품 활용,선택,61,61,61,-,-
5대 광역시,8월,스튜디오,소품 활용,선택,0,0,3,61,61
이외 지역,8월,스튜디오,소품 활용,선택,0,0,0,2,-
전국,7월,스튜디오,소품 활용,선택,0,0,4,61,61
수도권,7월,스튜디오,소품 활용,선택,0,44,60,61,61
비수도권,7월,스튜디오,소품 활용,선택,0,0,3,61,61
서울,7월,스튜디오,소품 활용,선택,0,0,59,61,-
경인,7월,스튜디오,소품 활용,선택,61,61,61,-,-
5대 광역시,7월,스튜디오,소품 활용,선택,0,0,3,61,61
이외 지역,7월,스튜디오,소품 활용,선택,0,0,0,2,-
전국,6월,스튜디오,소품 활용,선택,0,0,4,61,61
수도권,6월,스튜디오,소품 활용,선택,0,44,60,61,61
비수도권,6월,스튜디오,소품 활용,선택,0,0,3,61,61
서울,6월,스튜디오,소품 활용,선택,0,0,59,61,-
경인,6월,스튜디오,소품 활용,선택,61,61,61,-,-
5대 광역시,6월,스튜디오,소품 활용,선택,0,0,3,61,61
이외 지역,6월,스튜디오,소품 활용,선택,0,0,0,2,-
전국,5월,스튜디오,소품 활용,선택,0,0,4,61,61
수도권,5월,스튜디오,소품 활용,선택,0,44,60,61,61
비수도권,5월,스튜디오,소품 활용,선택,0,0,3,61,61
서울,5월,스튜디오,소품 활용,선택,0,0,59,61,-
경인,5월,스튜디오,소품 활용,선택,61,61,61,-,-
5대 광역시,5월,스튜디오,소품 활용,선택,0,0,3,61,61
이외 지역,5월,스튜디오,소품 활용,선택,0,0,0,2,-
전국,4월,스튜디오,들러리 촬영,선택,5,5,7,15,17
수도권,4월,스튜디오,들러리 촬영,선택,5,8,15,17,17
비수도권,4월,스튜디오,들러리 촬영,선택,5,5,7,10,13
서울,4월,스튜디오,들러리 촬영,선택,5,11,17,17,17
경인,4월,스튜디오,들러리 촬영,선택,5,5,8,11,15
5대 광역시,4월,스튜디오,들러리 촬영,선택,5,5,7,11,13
이외 지역,4월,스튜디오,들러리 촬영,선택,5,5,6,8,11
전국,3월,스튜디오,들러리 촬영,선택,5,5,7,13,17
수도권,3월,스튜디오,들러리 촬영,선택,5,8,15,17,17
비수도권,3월,스튜디오,들러리 촬영,선택,5,5,7,10,13
서울,3월,스튜디오,들러리 촬영,선택,5,11,17,17,17
경인,3월,스튜디오,들러리 촬영,선택,5,5,8,11,15
5대 광역시,3월,스튜디오,들러리 촬영,선택,5,5,7,11,13
이외 지역,3월,스튜디오,들러리 촬영,선택,5,5,6,8,11
전국,2월,스튜디오,들러리 촬영,선택,5,5,7,14,17
수도권,2월,스튜디오,들러리 촬영,선택,5,8,15,17,17
비수도권,2월,스튜디오,들러리 촬영,선택,5,5,7,10,13
서울,2월,스튜디오,들러리 촬영,선택,5,11,17,17,17
경인,2월,스튜디오,들러리 촬영,선택,5,5,8,11,15
5대 광역시,2월,스튜디오,들러리 촬영,선택,5,5,7,11,13
이외 지역,2월,스튜디오,들러리 촬영,선택,5,5,6,8,11
전국,1월,스튜디오,들러리 촬영,선택,5,5,7,13,17
수도권,1월,스튜디오,들러리 촬영,선택,5,8,15,17,17
비수도권,1월,스튜디오,들러리 촬영,선택,5,5,7,10,13
서울,1월,스튜디오,들러리 촬영,선택,5,11,17,17,17
경인,1월,스튜디오,들러리 촬영,선택,5,5,8,11,13
5대 광역시,1월,스튜디오,들러리 촬영,선택,5,5,7,11,13
이외 지역,1월,스튜디오,들러리 촬영,선택,5,5,6,8,11
전국,12월,스튜디오,들러리 촬영,선택,5,5,7,13,17
수도권,12월,스튜디오,들러리 촬영,선택,5,8,15,17,17
비수도권,12월,스튜디오,들러리 촬영,선택,5,5,7,10,13
서울,12월,스튜디오,들러리 촬영,선택,5,11,17,17,17
경인,12월,스튜디오,들러리 촬영,선택,5,5,8,11,13
5대 광역시,12월,스튜디오,들러리 촬영,선택,5,5,7,11,15
이외 지역,12월,스튜디오,들러리 촬영,선택,5,5,6,8,11
전국,11월,스튜디오,들러리 촬영,선택,5,5,7,13,17
수도권,11월,스튜디오,들러리 촬영,선택,5,8,15,17,17
비수도권,11월,스튜디오,들러리 촬영,선택,5,5,7,10,13
서울,11월,스튜디오,들러리 촬영,선택,5,11,17,17,17
경인,11월,스튜디오,들러리 촬영,선택,5,5,8,11,13
5대 광역시,11월,스튜디오,들러리 촬영,선택,5,5,7,11,15
이외 지역,11월,스튜디오,들러리 촬영,선택,5,5,6,7,11
전국,10월,스튜디오,들러리 촬영,선택,5,5,7,13,17
수도권,10월,스튜디오,들러리 촬영,선택,5,8,15,17,17
비수도권,10월,스튜디오,들러리 촬영,선택,5,5,6,10,13
서울,10월,스튜디오,들러리 촬영,선택,5,11,17,17,17
경인,10월,스튜디오,들러리 촬영,선택,5,5,8,10,15
5대 광역시,10월,스튜디오,들러리 촬영,선택,5,5,7,10,13
이외 지역,10월,스튜디오,들러리 촬영,선택,5,5,6,7,10
전국,9월,스튜디오,들러리 촬영,선택,5,5,7,13,17
수도권,9월,스튜디오,들러리 촬영,선택,5,8,15,17,17
비수도권,9월,스튜디오,들러리 촬영,선택,5,5,6,10,13
서울,9월,스튜디오,들러리 촬영,선택,5,11,17,17,17
경인,9월,스튜디오,들러리 촬영,선택,5,5,8,8,14
5대 광역시,9월,스튜디오,들러리 촬영,선택,5,5,7,10,13
이외 지역,9월,스튜디오,들러리 촬영,선택,5,5,6,7,10
전국,8월,스튜디오,들러리 촬영,선택,5,5,7,13,17
수도권,8월,스튜디오,들러리 촬영,선택,5,8,15,17,17
비수도권,8월,스튜디오,들러리 촬영,선택,5,5,6,10,13
서울,8월,스튜디오,들러리 촬영,선택,5,11,17,17,17
경인,8월,스튜디오,들러리 촬영,선택,5,5,8,8,14
5대 광역시,8월,스튜디오,들러리 촬영,선택,5,5,7,10,13
이외 지역,8월,스튜디오,들러리 촬영,선택,5,5,6,7,10
전국,7월,스튜디오,들러리 촬영,선택,5,5,7,13,17
수도권,7월,스튜디오,들러리 촬영,선택,5,7,15,17,17
비수도권,7월,스튜디오,들러리 촬영,선택,5,5,6,10,13
서울,7월,스튜디오,들러리 촬영,선택,5,11,17,17,17
경인,7월,스튜디오,들러리 촬영,선택,5,5,8,8,14
5대 광역시,7월,스튜디오,들러리 촬영,선택,5,5,7,10,13
이외 지역,7월,스튜디오,들러리 촬영,선택,5,5,6,7,10
전국,6월,스튜디오,들러리 촬영,선택,5,5,7,13,17
수도권,6월,스튜디오,들러리 촬영,선택,5,7,15,17,17
비수도권,6월,스튜디오,들러리 촬영,선택,5,5,6,10,13
서울,6월,스튜디오,들러리 촬영,선택,5,11,17,17,17
경인,6월,스튜디오,들러리 촬영,선택,5,5,8,8,14
5대 광역시,6월,스튜디오,들러리 촬영,선택,5,5,7,10,13
이외 지역,6월,스튜디오,들러리 촬영,선택,5,5,6,7,10
전국,5월,스튜디오,들러리 촬영,선택,5,5,7,13,17
수도권,5월,스튜디오,들러리 촬영,선택,5,7,15,17,17
비수도권,5월,스튜디오,들러리 촬영,선택,5,5,6,10,13
서울,5월,스튜디오,들러리 촬영,선택,5,11,17,17,17
경인,5월,스튜디오,들러리 촬영,선택,5,5,8,8,14
5대 광역시,5월,스튜디오,들러리 촬영,선택,5,5,7,10,13
이외 지역,5월,스튜디오,들러리 촬영,선택,5,5,6,7,10
전국,4월,스튜디오,반려동물 촬영,선택,5,5,8,14,15
수도권,4월,스튜디오,반려동물 촬영,선택,6,8,14,14,17
비수도권,4월,스튜디오,반려동물 촬영,선택,5,5,6,9,14
서울,4월,스튜디오,반려동물 촬영,선택,6,11,14,14,17
경인,4월,스튜디오,반려동물 촬영,선택,5,6,8,14,44
5대 광역시,4월,스튜디오,반려동물 촬영,선택,3,5,6,8,15
이외 지역,4월,스튜디오,반려동물 촬영,선택,5,5,5,10,13
전국,3월,스튜디오,반려동물 촬영,선택,5,5,8,14,15
수도권,3월,스튜디오,반려동물 촬영,선택,6,8,14,14,17
비수도권,3월,스튜디오,반려동물 촬영,선택,3,5,6,8,14
서울,3월,스튜디오,반려동물 촬영,선택,6,11,14,14,17
경인,3월,스튜디오,반려동물 촬영,선택,5,6,8,14,44
5대 광역시,3월,스튜디오,반려동물 촬영,선택,3,5,6,8,15
이외 지역,3월,스튜디오,반려동물 촬영,선택,5,5,5,10,13
전국,2월,스튜디오,반려동물 촬영,선택,5,5,8,14,15
수도권,2월,스튜디오,반려동물 촬영,선택,6,9,14,14,17
비수도권,2월,스튜디오,반려동물 촬영,선택,3,5,6,8,14
서울,2월,스튜디오,반려동물 촬영,선택,6,11,14,14,17
경인,2월,스튜디오,반려동물 촬영,선택,5,6,8,14,44
5대 광역시,2월,스튜디오,반려동물 촬영,선택,3,5,6,8,15
이외 지역,2월,스튜디오,반려동물 촬영,선택,5,5,5,10,13
전국,1월,스튜디오,반려동물 촬영,선택,5,5,7,14,15
수도권,1월,스튜디오,반려동물 촬영,선택,6,8,14,14,17
비수도권,1월,스튜디오,반려동물 촬영,선택,3,5,6,8,14
서울,1월,스튜디오,반려동물 촬영,선택,6,11,14,14,17
경인,1월,스튜디오,반려동물 촬영,선택,5,6,8,10,44
5대 광역시,1월,스튜디오,반려동물 촬영,선택,3,5,6,8,14
이외 지역,1월,스튜디오,반려동물 촬영,선택,5,5,5,10,13
전국,12월,스튜디오,반려동물 촬영,선택,5,5,7,14,15
수도권,12월,스튜디오,반려동물 촬영,선택,6,8,14,14,17
비수도권,12월,스튜디오,반려동물 촬영,선택,3,5,5,8,14
서울,12월,스튜디오,반려동물 촬영,선택,6,11,14,14,17
경인,12월,스튜디오,반려동물 촬영,선택,5,6,8,11,44
5대 광역시,12월,스튜디오,반려동물 촬영,선택,3,5,6,8,15
이외 지역,12월,스튜디오,반려동물 촬영,선택,5,5,5,10,13
전국,11월,스튜디오,반려동물 촬영,선택,4,5,7,14,15
수도권,11월,스튜디오,반려동물 촬영,선택,6,9,14,14,17
비수도권,11월,스튜디오,반려동물 촬영,선택,3,5,5,8,14
서울,11월,스튜디오,반려동물 촬영,선택,6,11,14,14,17
경인,11월,스튜디오,반려동물 촬영,선택,5,6,8,11,44
5대 광역시,11월,스튜디오,반려동물 촬영,선택,3,5,6,8,15
이외 지역,11월,스튜디오,반려동물 촬영,선택,5,5,5,10,12
전국,10월,스튜디오,반려동물 촬영,선택,3,5,8,14,15
수도권,10월,스튜디오,반려동물 촬영,선택,6,10,14,14,17
비수도권,10월,스튜디오,반려동물 촬영,선택,3,5,5,9,14
서울,10월,스튜디오,반려동물 촬영,선택,8,11,14,14,17
경인,10월,스튜디오,반려동물 촬영,선택,5,7,8,44,44
5대 광역시,10월,스튜디오,반려동물 촬영,선택,3,5,5,8,15
이외 지역,10월,스튜디오,반려동물 촬영,선택,5,5,5,10,13
전국,9월,스튜디오,반려동물 촬영,선택,3,5,8,14,15
수도권,9월,스튜디오,반려동물 촬영,선택,6,10,14,14,17
비수도권,9월,스튜디오,반려동물 촬영,선택,3,5,5,10,14
서울,9월,스튜디오,반려동물 촬영,선택,8,11,14,14,17
경인,9월,스튜디오,반려동물 촬영,선택,5,7,8,29,44
5대 광역시,9월,스튜디오,반려동물 촬영,선택,3,5,5,8,15
이외 지역,9월,스튜디오,반려동물 촬영,선택,5,5,5,10,13
전국,8월,스튜디오,반려동물 촬영,선택,3,5,8,14,15
수도권,8월,스튜디오,반려동물 촬영,선택,6,10,14,14,17
비수도권,8월,스튜디오,반려동물 촬영,선택,3,5,5,10,14
서울,8월,스튜디오,반려동물 촬영,선택,8,11,14,14,17
경인,8월,스튜디오,반려동물 촬영,선택,5,7,8,29,44
5대 광역시,8월,스튜디오,반려동물 촬영,선택,3,5,5,8,15
이외 지역,8월,스튜디오,반려동물 촬영,선택,5,5,5,10,13
전국,7월,스튜디오,반려동물 촬영,선택,3,5,8,14,15
수도권,7월,스튜디오,반려동물 촬영,선택,6,10,14,14,17
비수도권,7월,스튜디오,반려동물 촬영,선택,3,5,5,10,14
서울,7월,스튜디오,반려동물 촬영,선택,8,11,14,14,17
경인,7월,스튜디오,반려동물 촬영,선택,5,7,8,29,44
5대 광역시,7월,스튜디오,반려동물 촬영,선택,3,5,5,8,15
이외 지역,7월,스튜디오,반려동물 촬영,선택,5,5,5,10,13
전국,6월,스튜디오,반려동물 촬영,선택,3,5,8,14,15
수도권,6월,스튜디오,반려동물 촬영,선택,6,10,14,14,17
비수도권,6월,스튜디오,반려동물 촬영,선택,3,5,5,10,14
서울,6월,스튜디오,반려동물 촬영,선택,8,11,14,14,17
경인,6월,스튜디오,반려동물 촬영,선택,5,7,8,29,44
5대 광역시,6월,스튜디오,반려동물 촬영,선택,3,5,5,8,15
이외 지역,6월,스튜디오,반려동물 촬영,선택,5,5,5,10,13
전국,5월,스튜디오,반려동물 촬영,선택,3,5,8,14,15
수도권,5월,스튜디오,반려동물 촬영,선택,6,10,14,14,17
비수도권,5월,스튜디오,반려동물 촬영,선택,3,5,5,10,14
서울,5월,스튜디오,반려동물 촬영,선택,7,11,14,14,17
경인,5월,스튜디오,반려동물 촬영,선택,5,7,8,29,44
5대 광역시,5월,스튜디오,반려동물 촬영,선택,3,5,5,8,15
이외 지역,5월,스튜디오,반려동물 촬영,선택,5,5,5,10,13
전국,4월,스튜디오,원본구매비,선택,17,19,30,39,44
수도권,4월,스튜디오,원본구매비,선택,19,30,39,39,42
비수도권,4월,스튜디오,원본구매비,선택,17,17,25,33,44
서울,4월,스튜디오,원본구매비,선택,19,30,39,39,39
경인,4월,스튜디오,원본구매비,선택,17,22,33,35,44
5대 광역시,4월,스튜디오,원본구매비,선택,17,17,26,30,39
이외 지역,4월,스튜디오,원본구매비,선택,17,17,20,35,50
전국,3월,스튜디오,원본구매비,선택,17,19,30,39,44
수도권,3월,스튜디오,원본구매비,선택,19,30,39,39,42
비수도권,3월,스튜디오,원본구매비,선택,17,17,25,33,44
서울,3월,스튜디오,원본구매비,선택,19,30,39,39,39
경인,3월,스튜디오,원본구매비,선택,17,22,33,35,44
5대 광역시,3월,스튜디오,원본구매비,선택,17,17,25,30,40
이외 지역,3월,스튜디오,원본구매비,선택,17,17,20,35,50
전국,2월,스튜디오,원본구매비,선택,17,18,30,39,44
수도권,2월,스튜디오,원본구매비,선택,19,30,39,39,42
비수도권,2월,스튜디오,원본구매비,선택,17,17,25,33,44
서울,2월,스튜디오,원본구매비,선택,19,30,39,39,39
경인,2월,스튜디오,원본구매비,선택,17,22,33,35,44
5대 광역시,2월,스튜디오,원본구매비,선택,17,17,25,30,40
이외 지역,2월,스튜디오,원본구매비,선택,17,17,20,36,50
전국,1월,스튜디오,원본구매비,선택,17,18,30,39,44
수도권,1월,스튜디오,원본구매비,선택,18,30,39,39,43
비수도권,1월,스튜디오,원본구매비,선택,17,17,22,32,44
서울,1월,스튜디오,원본구매비,선택,19,30,39,39,40
경인,1월,스튜디오,원본구매비,선택,17,22,33,35,44
5대 광역시,1월,스튜디오,원본구매비,선택,17,17,22,30,39
이외 지역,1월,스튜디오,원본구매비,선택,17,17,20,36,50
전국,12월,스튜디오,원본구매비,선택,17,18,30,39,44
수도권,12월,스튜디오,원본구매비,선택,17,30,39,39,44
비수도권,12월,스튜디오,원본구매비,선택,17,17,20,32,44
서울,12월,스튜디오,원본구매비,선택,19,30,39,39,39
경인,12월,스튜디오,원본구매비,선택,17,22,33,35,44
5대 광역시,12월,스튜디오,원본구매비,선택,17,17,22,30,39
이외 지역,12월,스튜디오,원본구매비,선택,17,17,20,36,50
전국,11월,스튜디오,원본구매비,선택,17,17,30,39,44
수도권,11월,스튜디오,원본구매비,선택,17,30,39,39,44
비수도권,11월,스튜디오,원본구매비,선택,17,17,20,32,44
서울,11월,스튜디오,원본구매비,선택,19,30,39,39,39
경인,11월,스튜디오,원본구매비,선택,17,32,33,37,44
5대 광역시,11월,스튜디오,원본구매비,선택,17,17,22,30,39
이외 지역,11월,스튜디오,원본구매비,선택,17,17,20,35,50
전국,10월,스튜디오,원본구매비,선택,17,17,30,39,44
수도권,10월,스튜디오,원본구매비,선택,18,30,39,39,44
비수도권,10월,스튜디오,원본구매비,선택,17,17,20,32,44
서울,10월,스튜디오,원본구매비,선택,19,30,39,39,39
경인,10월,스튜디오,원본구매비,선택,17,31,33,43,44
5대 광역시,10월,스튜디오,원본구매비,선택,17,17,22,30,39
이외 지역,10월,스튜디오,원본구매비,선택,17,17,20,35,50
전국,9월,스튜디오,원본구매비,선택,17,17,30,39,44
수도권,9월,스튜디오,원본구매비,선택,17,30,39,39,44
비수도권,9월,스튜디오,원본구매비,선택,17,17,20,32,44
서울,9월,스튜디오,원본구매비,선택,19,30,39,39,39
경인,9월,스튜디오,원본구매비,선택,17,31,33,35,44
5대 광역시,9월,스튜디오,원본구매비,선택,17,17,22,30,39
이외 지역,9월,스튜디오,원본구매비,선택,17,17,20,35,50
전국,8월,스튜디오,원본구매비,선택,17,17,30,39,44
수도권,8월,스튜디오,원본구매비,선택,17,30,39,39,44
비수도권,8월,스튜디오,원본구매비,선택,17,17,20,32,44
서울,8월,스튜디오,원본구매비,선택,19,30,39,39,39
경인,8월,스튜디오,원본구매비,선택,17,31,33,35,44
5대 광역시,8월,스튜디오,원본구매비,선택,17,17,22,30,39
이외 지역,8월,스튜디오,원본구매비,선택,17,17,20,35,50
전국,7월,스튜디오,원본구매비,선택,17,17,30,39,44
수도권,7월,스튜디오,원본구매비,선택,17,30,39,39,44
비수도권,7월,스튜디오,원본구매비,선택,17,17,20,32,44
서울,7월,스튜디오,원본구매비,선택,19,30,39,39,39
경인,7월,스튜디오,원본구매비,선택,17,31,33,35,44
5대 광역시,7월,스튜디오,원본구매비,선택,17,17,22,30,39
이외 지역,7월,스튜디오,원본구매비,선택,17,17,20,35,49
전국,6월,스튜디오,원본구매비,선택,17,17,30,39,44
수도권,6월,스튜디오,원본구매비,선택,17,30,39,39,44
비수도권,6월,스튜디오,원본구매비,선택,17,17,20,32,44
서울,6월,스튜디오,원본구매비,선택,19,30,39,39,39
경인,6월,스튜디오,원본구매비,선택,17,31,33,35,44
5대 광역시,6월,스튜디오,원본구매비,선택,17,17,22,30,39
이외 지역,6월,스튜디오,원본구매비,선택,17,17,20,35,49
전국,5월,스튜디오,원본구매비,선택,17,17,30,39,44
수도권,5월,스튜디오,원본구매비,선택,17,30,39,39,44
비수도권,5월,스튜디오,원본구매비,선택,17,17,20,32,44
서울,5월,스튜디오,원본구매비,선택,19,30,39,39,39
경인,5월,스튜디오,원본구매비,선택,17,31,33,35,44
5대 광역시,5월,스튜디오,원본구매비,선택,17,17,22,30,39
이외 지역,5월,스튜디오,원본구매비,선택,17,17,20,35,49
전국,4월,스튜디오,수정본구매비,선택,12,14,17,22,30
수도권,4월,스튜디오,수정본구매비,선택,11,14,14,17,19
비수도권,4월,스튜디오,수정본구매비,선택,17,17,20,27,30
서울,4월,스튜디오,수정본구매비,선택,12,14,14,14,19
경인,4월,스튜디오,수정본구매비,선택,11,11,14,19,21
5대 광역시,4월,스튜디오,수정본구매비,선택,17,17,20,25,30
이외 지역,4월,스튜디오,수정본구매비,선택,14,17,20,29,32
전국,3월,스튜디오,수정본구매비,선택,12,14,17,21,30
수도권,3월,스튜디오,수정본구매비,선택,11,14,14,17,19
비수도권,3월,스튜디오,수정본구매비,선택,17,17,20,27,30
서울,3월,스튜디오,수정본구매비,선택,12,14,14,14,19
경인,3월,스튜디오,수정본구매비,선택,11,11,14,19,21
5대 광역시,3월,스튜디오,수정본구매비,선택,17,17,20,25,30
이외 지역,3월,스튜디오,수정본구매비,선택,14,17,20,29,32
전국,2월,스튜디오,수정본구매비,선택,12,14,17,20,30
수도권,2월,스튜디오,수정본구매비,선택,11,14,14,17,19
비수도권,2월,스튜디오,수정본구매비,선택,17,17,20,27,30
서울,2월,스튜디오,수정본구매비,선택,12,14,14,14,19
경인,2월,스튜디오,수정본구매비,선택,11,11,14,19,21
5대 광역시,2월,스튜디오,수정본구매비,선택,17,17,20,25,30
이외 지역,2월,스튜디오,수정본구매비,선택,14,17,20,28,32
전국,1월,스튜디오,수정본구매비,선택,12,14,17,22,30
수도권,1월,스튜디오,수정본구매비,선택,11,12,14,17,19
비수도권,1월,스튜디오,수정본구매비,선택,17,17,20,28,30
서울,1월,스튜디오,수정본구매비,선택,12,14,14,14,19
경인,1월,스튜디오,수정본구매비,선택,11,11,12,19,21
5대 광역시,1월,스튜디오,수정본구매비,선택,17,17,20,28,31
이외 지역,1월,스튜디오,수정본구매비,선택,14,17,20,28,32
전국,12월,스튜디오,수정본구매비,선택,12,14,17,22,30
수도권,12월,스튜디오,수정본구매비,선택,11,13,14,17,19
비수도권,12월,스튜디오,수정본구매비,선택,17,17,20,28,30
서울,12월,스튜디오,수정본구매비,선택,12,14,14,14,19
경인,12월,스튜디오,수정본구매비,선택,11,11,12,19,21
5대 광역시,12월,스튜디오,수정본구매비,선택,17,17,20,28,30
이외 지역,12월,스튜디오,수정본구매비,선택,14,17,20,28,32
전국,11월,스튜디오,수정본구매비,선택,12,14,17,22,30
수도권,11월,스튜디오,수정본구매비,선택,11,12,14,17,19
비수도권,11월,스튜디오,수정본구매비,선택,17,17,20,27,30
서울,11월,스튜디오,수정본구매비,선택,12,14,14,14,19
경인,11월,스튜디오,수정본구매비,선택,11,11,11,19,20
5대 광역시,11월,스튜디오,수정본구매비,선택,17,17,20,28,30
이외 지역,11월,스튜디오,수정본구매비,선택,15,17,18,27,30
전국,10월,스튜디오,수정본구매비,선택,14,14,17,22,30
수도권,10월,스튜디오,수정본구매비,선택,11,14,14,17,19
비수도권,10월,스튜디오,수정본구매비,선택,17,17,20,27,30
서울,10월,스튜디오,수정본구매비,선택,12,14,14,14,19
경인,10월,스튜디오,수정본구매비,선택,11,11,11,19,20
5대 광역시,10월,스튜디오,수정본구매비,선택,17,17,20,28,30
이외 지역,10월,스튜디오,수정본구매비,선택,15,17,18,27,30
전국,9월,스튜디오,수정본구매비,선택,12,14,17,22,30
수도권,9월,스튜디오,수정본구매비,선택,11,12,14,17,19
비수도권,9월,스튜디오,수정본구매비,선택,17,17,20,27,30
서울,9월,스튜디오,수정본구매비,선택,12,14,14,14,19
경인,9월,스튜디오,수정본구매비,선택,11,11,11,19,20
5대 광역시,9월,스튜디오,수정본구매비,선택,17,17,20,28,30
이외 지역,9월,스튜디오,수정본구매비,선택,14,17,18,27,30
전국,8월,스튜디오,수정본구매비,선택,12,14,17,22,30
수도권,8월,스튜디오,수정본구매비,선택,11,12,14,17,19
비수도권,8월,스튜디오,수정본구매비,선택,17,17,20,27,30
서울,8월,스튜디오,수정본구매비,선택,12,14,14,14,19
경인,8월,스튜디오,수정본구매비,선택,11,11,11,19,20
5대 광역시,8월,스튜디오,수정본구매비,선택,17,17,20,28,30
이외 지역,8월,스튜디오,수정본구매비,선택,15,17,18,27,30
전국,7월,스튜디오,수정본구매비,선택,12,14,17,22,30
수도권,7월,스튜디오,수정본구매비,선택,11,12,14,17,19
비수도권,7월,스튜디오,수정본구매비,선택,17,17,20,27,30
서울,7월,스튜디오,수정본구매비,선택,12,14,14,14,19
경인,7월,스튜디오,수정본구매비,선택,11,11,11,19,20
5대 광역시,7월,스튜디오,수정본구매비,선택,17,17,20,28,30
이외 지역,7월,스튜디오,수정본구매비,선택,14,17,17,27,30
전국,6월,스튜디오,수정본구매비,선택,12,14,17,22,30
수도권,6월,스튜디오,수정본구매비,선택,11,12,14,17,19
비수도권,6월,스튜디오,수정본구매비,선택,17,17,20,27,30
서울,6월,스튜디오,수정본구매비,선택,12,14,14,14,19
경인,6월,스튜디오,수정본구매비,선택,11,11,11,19,20
5대 광역시,6월,스튜디오,수정본구매비,선택,17,17,20,28,30
이외 지역,6월,스튜디오,수정본구매비,선택,14,17,17,27,30
전국,5월,스튜디오,수정본구매비,선택,12,14,17,22,30
수도권,5월,스튜디오,수정본구매비,선택,11,12,14,17,19
비수도권,5월,스튜디오,수정본구매비,선택,17,17,20,27,30
서울,5월,스튜디오,수정본구매비,선택,12,14,14,14,19
경인,5월,스튜디오,수정본구매비,선택,11,11,11,19,20
5대 광역시,5월,스튜디오,수정본구매비,선택,17,17,20,28,30
이외 지역,5월,스튜디오,수정본구매비,선택,14,17,17,27,30
전국,4월,스튜디오,모바일 사진 제공,선택,0,5,8,9,12
수도권,4월,스튜디오,모바일 사진 제공,선택,0,8,8,9,11
비수도권,4월,스튜디오,모바일 사진 제공,선택,0,5,5,11,30
서울,4월,스튜디오,모바일 사진 제공,선택,0,8,8,9,11
경인,4월,스튜디오,모바일 사진 제공,선택,0,0,7,9,10
5대 광역시,4월,스튜디오,모바일 사진 제공,선택,0,0,5,5,15
이외 지역,4월,스튜디오,모바일 사진 제공,선택,3,5,8,20,30
전국,3월,스튜디오,모바일 사진 제공,선택,0,5,8,9,12
수도권,3월,스튜디오,모바일 사진 제공,선택,0,8,8,9,11
비수도권,3월,스튜디오,모바일 사진 제공,선택,0,5,5,11,30
서울,3월,스튜디오,모바일 사진 제공,선택,0,8,8,9,11
경인,3월,스튜디오,모바일 사진 제공,선택,0,0,7,9,10
5대 광역시,3월,스튜디오,모바일 사진 제공,선택,0,0,5,8,11
이외 지역,3월,스튜디오,모바일 사진 제공,선택,3,5,8,20,30
전국,2월,스튜디오,모바일 사진 제공,선택,0,5,8,9,12
수도권,2월,스튜디오,모바일 사진 제공,선택,0,8,8,9,11
비수도권,2월,스튜디오,모바일 사진 제공,선택,0,5,5,11,30
서울,2월,스튜디오,모바일 사진 제공,선택,0,8,8,9,11
경인,2월,스튜디오,모바일 사진 제공,선택,0,0,7,9,10
5대 광역시,2월,스튜디오,모바일 사진 제공,선택,0,0,5,8,11
이외 지역,2월,스튜디오,모바일 사진 제공,선택,3,5,8,20,30
전국,1월,스튜디오,모바일 사진 제공,선택,0,5,8,9,12
수도권,1월,스튜디오,모바일 사진 제공,선택,0,8,8,9,11
비수도권,1월,스튜디오,모바일 사진 제공,선택,0,5,5,11,30
서울,1월,스튜디오,모바일 사진 제공,선택,0,8,8,9,11
경인,1월,스튜디오,모바일 사진 제공,선택,0,0,5,9,-
5대 광역시,1월,스튜디오,모바일 사진 제공,선택,0,0,5,8,11
이외 지역,1월,스튜디오,모바일 사진 제공,선택,3,5,8,20,30
전국,12월,스튜디오,모바일 사진 제공,선택,0,5,8,9,11
수도권,12월,스튜디오,모바일 사진 제공,선택,0,8,8,9,11
비수도권,12월,스튜디오,모바일 사진 제공,선택,0,5,5,11,30
서울,12월,스튜디오,모바일 사진 제공,선택,0,8,8,9,11
경인,12월,스튜디오,모바일 사진 제공,선택,0,0,7,9,11
5대 광역시,12월,스튜디오,모바일 사진 제공,선택,0,0,5,8,11
이외 지역,12월,스튜디오,모바일 사진 제공,선택,3,5,8,20,30
전국,11월,스튜디오,모바일 사진 제공,선택,0,5,8,9,12
수도권,11월,스튜디오,모바일 사진 제공,선택,0,8,8,9,11
비수도권,11월,스튜디오,모바일 사진 제공,선택,0,5,5,11,30
서울,11월,스튜디오,모바일 사진 제공,선택,2,8,8,9,11
경인,11월,스튜디오,모바일 사진 제공,선택,0,0,5,10,-
5대 광역시,11월,스튜디오,모바일 사진 제공,선택,0,0,5,8,11
이외 지역,11월,스튜디오,모바일 사진 제공,선택,3,5,8,20,30
전국,10월,스튜디오,모바일 사진 제공,선택,0,5,8,9,12
수도권,10월,스튜디오,모바일 사진 제공,선택,0,8,8,9,11
비수도권,10월,스튜디오,모바일 사진 제공,선택,0,5,5,11,30
서울,10월,스튜디오,모바일 사진 제공,선택,2,8,8,9,11
경인,10월,스튜디오,모바일 사진 제공,선택,0,0,5,8,-
5대 광역시,10월,스튜디오,모바일 사진 제공,선택,0,0,5,8,11
이외 지역,10월,스튜디오,모바일 사진 제공,선택,3,5,8,20,30
전국,9월,스튜디오,모바일 사진 제공,선택,0,5,8,9,12
수도권,9월,스튜디오,모바일 사진 제공,선택,0,8,8,9,11
비수도권,9월,스튜디오,모바일 사진 제공,선택,0,5,5,11,30
서울,9월,스튜디오,모바일 사진 제공,선택,2,8,8,9,11
경인,9월,스튜디오,모바일 사진 제공,선택,0,0,5,8,-
5대 광역시,9월,스튜디오,모바일 사진 제공,선택,0,0,5,8,11
이외 지역,9월,스튜디오,모바일 사진 제공,선택,3,5,8,20,30
전국,8월,스튜디오,모바일 사진 제공,선택,0,5,8,9,12
수도권,8월,스튜디오,모바일 사진 제공,선택,0,8,8,9,11
비수도권,8월,스튜디오,모바일 사진 제공,선택,0,5,5,11,30
서울,8월,스튜디오,모바일 사진 제공,선택,2,8,8,9,11
경인,8월,스튜디오,모바일 사진 제공,선택,0,0,5,8,-
5대 광역시,8월,스튜디오,모바일 사진 제공,선택,0,0,5,8,11
이외 지역,8월,스튜디오,모바일 사진 제공,선택,3,5,8,20,30
전국,7월,스튜디오,모바일 사진 제공,선택,0,5,8,9,12
수도권,7월,스튜디오,모바일 사진 제공,선택,0,8,8,9,11
비수도권,7월,스튜디오,모바일 사진 제공,선택,0,5,5,11,30
서울,7월,스튜디오,모바일 사진 제공,선택,1,8,8,9,11
경인,7월,스튜디오,모바일 사진 제공,선택,0,0,5,8,-
5대 광역시,7월,스튜디오,모바일 사진 제공,선택,0,0,5,8,11
이외 지역,7월,스튜디오,모바일 사진 제공,선택,5,5,8,23,30
전국,6월,스튜디오,모바일 사진 제공,선택,0,5,8,9,12
수도권,6월,스튜디오,모바일 사진 제공,선택,0,8,8,9,11
비수도권,6월,스튜디오,모바일 사진 제공,선택,0,5,5,11,30
서울,6월,스튜디오,모바일 사진 제공,선택,2,8,8,9,11
경인,6월,스튜디오,모바일 사진 제공,선택,0,0,5,8,-
5대 광역시,6월,스튜디오,모바일 사진 제공,선택,0,0,5,8,11
이외 지역,6월,스튜디오,모바일 사진 제공,선택,5,5,8,23,30
전국,5월,스튜디오,모바일 사진 제공,선택,0,5,8,9,12
수도권,5월,스튜디오,모바일 사진 제공,선택,0,8,8,9,11
비수도권,5월,스튜디오,모바일 사진 제공,선택,0,5,5,11,30
서울,5월,스튜디오,모바일 사진 제공,선택,1,8,8,9,11
경인,5월,스튜디오,모바일 사진 제공,선택,0,0,5,8,-
5대 광역시,5월,스튜디오,모바일 사진 제공,선택,0,0,5,8,11
이외 지역,5월,스튜디오,모바일 사진 제공,선택,5,5,8,23,30
전국,4월,스튜디오,얼리스타트비,선택,5,5,5,8,8
수도권,4월,스튜디오,얼리스타트비,선택,5,5,8,8,9
비수도권,4월,스튜디오,얼리스타트비,선택,5,5,5,5,5
서울,4월,스튜디오,얼리스타트비,선택,5,5,6,8,10
경인,4월,스튜디오,얼리스타트비,선택,5,8,8,8,9
5대 광역시,4월,스튜디오,얼리스타트비,선택,5,5,5,5,5
이외 지역,4월,스튜디오,얼리스타트비,선택,5,5,5,5,5
전국,3월,스튜디오,얼리스타트비,선택,5,5,5,8,8
수도권,3월,스튜디오,얼리스타트비,선택,5,5,8,8,9
비수도권,3월,스튜디오,얼리스타트비,선택,5,5,5,5,5
서울,3월,스튜디오,얼리스타트비,선택,5,5,6,8,10
경인,3월,스튜디오,얼리스타트비,선택,5,8,8,8,9
5대 광역시,3월,스튜디오,얼리스타트비,선택,5,5,5,5,5
이외 지역,3월,스튜디오,얼리스타트비,선택,5,5,5,5,5
전국,2월,스튜디오,얼리스타트비,선택,5,5,5,8,8
수도권,2월,스튜디오,얼리스타트비,선택,5,5,8,8,9
비수도권,2월,스튜디오,얼리스타트비,선택,5,5,5,5,5
서울,2월,스튜디오,얼리스타트비,선택,5,5,6,8,-
경인,2월,스튜디오,얼리스타트비,선택,5,8,8,8,9
5대 광역시,2월,스튜디오,얼리스타트비,선택,5,5,5,5,5
이외 지역,2월,스튜디오,얼리스타트비,선택,5,5,5,5,5
전국,1월,스튜디오,얼리스타트비,선택,5,5,5,8,8
수도권,1월,스튜디오,얼리스타트비,선택,5,5,8,8,9
비수도권,1월,스튜디오,얼리스타트비,선택,5,5,5,5,5
서울,1월,스튜디오,얼리스타트비,선택,5,5,6,8,-
경인,1월,스튜디오,얼리스타트비,선택,5,8,8,8,9
5대 광역시,1월,스튜디오,얼리스타트비,선택,5,5,5,5,5
이외 지역,1월,스튜디오,얼리스타트비,선택,5,5,5,5,5
전국,12월,스튜디오,얼리스타트비,선택,5,5,5,8,8
수도권,12월,스튜디오,얼리스타트비,선택,5,5,8,8,9
비수도권,12월,스튜디오,얼리스타트비,선택,5,5,5,5,5
서울,12월,스튜디오,얼리스타트비,선택,5,5,6,8,-
경인,12월,스튜디오,얼리스타트비,선택,5,8,8,8,9
5대 광역시,12월,스튜디오,얼리스타트비,선택,5,5,5,5,5
이외 지역,12월,스튜디오,얼리스타트비,선택,5,5,5,5,5
전국,11월,스튜디오,얼리스타트비,선택,5,5,5,8,8
수도권,11월,스튜디오,얼리스타트비,선택,5,5,8,8,9
비수도권,11월,스튜디오,얼리스타트비,선택,5,5,5,5,5
서울,11월,스튜디오,얼리스타트비,선택,5,5,6,8,-
경인,11월,스튜디오,얼리스타트비,선택,5,8,8,8,9
5대 광역시,11월,스튜디오,얼리스타트비,선택,5,5,5,5,5
이외 지역,11월,스튜디오,얼리스타트비,선택,5,5,5,5,5
전국,10월,스튜디오,얼리스타트비,선택,5,5,5,5,8
수도권,10월,스튜디오,얼리스타트비,선택,5,5,8,8,9
비수도권,10월,스튜디오,얼리스타트비,선택,5,5,5,5,5
서울,10월,스튜디오,얼리스타트비,선택,5,5,6,8,-
경인,10월,스튜디오,얼리스타트비,선택,5,5,8,8,-
5대 광역시,10월,스튜디오,얼리스타트비,선택,5,5,5,5,5
이외 지역,10월,스튜디오,얼리스타트비,선택,5,5,5,5,5
전국,9월,스튜디오,얼리스타트비,선택,5,5,5,8,8
수도권,9월,스튜디오,얼리스타트비,선택,5,5,8,8,9
비수도권,9월,스튜디오,얼리스타트비,선택,5,5,5,5,5
서울,9월,스튜디오,얼리스타트비,선택,5,5,6,8,-
경인,9월,스튜디오,얼리스타트비,선택,5,8,8,8,9
5대 광역시,9월,스튜디오,얼리스타트비,선택,5,5,5,5,5
이외 지역,9월,스튜디오,얼리스타트비,선택,5,5,5,5,5
전국,8월,스튜디오,얼리스타트비,선택,5,5,5,8,8
수도권,8월,스튜디오,얼리스타트비,선택,5,5,8,8,9
비수도권,8월,스튜디오,얼리스타트비,선택,5,5,5,5,5
서울,8월,스튜디오,얼리스타트비,선택,5,5,6,8,-
경인,8월,스튜디오,얼리스타트비,선택,5,8,8,8,9
5대 광역시,8월,스튜디오,얼리스타트비,선택,5,5,5,5,5
이외 지역,8월,스튜디오,얼리스타트비,선택,5,5,5,5,5
전국,7월,스튜디오,얼리스타트비,선택,5,5,5,8,8
수도권,7월,스튜디오,얼리스타트비,선택,5,5,8,8,9
비수도권,7월,스튜디오,얼리스타트비,선택,5,5,5,5,5
서울,7월,스튜디오,얼리스타트비,선택,5,5,6,8,-
경인,7월,스튜디오,얼리스타트비,선택,5,8,8,8,9
5대 광역시,7월,스튜디오,얼리스타트비,선택,5,5,5,5,5
이외 지역,7월,스튜디오,얼리스타트비,선택,5,5,5,5,5
전국,6월,스튜디오,얼리스타트비,선택,5,5,5,8,8
수도권,6월,스튜디오,얼리스타트비,선택,5,5,8,8,9
비수도권,6월,스튜디오,얼리스타트비,선택,5,5,5,5,5
서울,6월,스튜디오,얼리스타트비,선택,5,5,6,8,-
경인,6월,스튜디오,얼리스타트비,선택,5,8,8,8,9
5대 광역시,6월,스튜디오,얼리스타트비,선택,5,5,5,5,5
이외 지역,6월,스튜디오,얼리스타트비,선택,5,5,5,5,5
전국,5월,스튜디오,얼리스타트비,선택,5,5,5,8,8
수도권,5월,스튜디오,얼리스타트비,선택,5,5,8,8,9
비수도권,5월,스튜디오,얼리스타트비,선택,5,5,5,5,5
서울,5월,스튜디오,얼리스타트비,선택,5,5,6,8,-
경인,5월,스튜디오,얼리스타트비,선택,5,8,8,8,9
5대 광역시,5월,스튜디오,얼리스타트비,선택,5,5,5,5,5
이외 지역,5월,스튜디오,얼리스타트비,선택,5,5,5,5,5
전국,4월,드레스,본식 + 촬영,필수,106,128,160,205,234
수도권,4월,드레스,본식 + 촬영,필수,100,139,165,219,300
비수도권,4월,드레스,본식 + 촬영,필수,106,125,150,185,218
서울(강남),4월,드레스,본식 + 촬영,필수,117,141,183,225,688
서울(강남외),4월,드레스,본식 + 촬영,필수,50,73,105,146,196
부산,4월,드레스,본식 + 촬영,필수,150,160,171,183,213
대구,4월,드레스,본식 + 촬영,필수,114,129,155,205,228
인천,4월,드레스,본식 + 촬영,필수,63,95,145,178,190
광주,4월,드레스,본식 + 촬영,필수,44,55,143,193,205
대전,4월,드레스,본식 + 촬영,필수,150,182,194,224,-
울산,4월,드레스,본식 + 촬영,필수,123,124,126,180,-
경기도,4월,드레스,본식 + 촬영,필수,84,134,157,168,191
강원도,4월,드레스,본식 + 촬영,필수,87,97,149,200,-
충청도,4월,드레스,본식 + 촬영,필수,101,119,143,169,209
전라도,4월,드레스,본식 + 촬영,필수,89,108,125,156,174
경상도,4월,드레스,본식 + 촬영,필수,72,91,127,152,-
제주도,4월,드레스,본식 + 촬영,필수,128,128,140,-,-
전국,3월,드레스,본식 + 촬영,필수,106,129,160,203,232
수도권,3월,드레스,본식 + 촬영,필수,100,138,165,218,300
비수도권,3월,드레스,본식 + 촬영,필수,110,128,150,185,218
서울(강남),3월,드레스,본식 + 촬영,필수,117,141,183,225,688
서울(강남외),3월,드레스,본식 + 촬영,필수,50,73,105,146,196
부산,3월,드레스,본식 + 촬영,필수,150,161,173,187,208
대구,3월,드레스,본식 + 촬영,필수,114,129,150,203,227
인천,3월,드레스,본식 + 촬영,필수,63,95,145,178,190
광주,3월,드레스,본식 + 촬영,필수,44,55,143,193,205
대전,3월,드레스,본식 + 촬영,필수,150,182,194,224,-
울산,3월,드레스,본식 + 촬영,필수,123,124,126,180,-
경기도,3월,드레스,본식 + 촬영,필수,84,134,157,168,191
강원도,3월,드레스,본식 + 촬영,필수,87,97,149,200,-
충청도,3월,드레스,본식 + 촬영,필수,101,119,143,169,209
전라도,3월,드레스,본식 + 촬영,필수,89,108,125,156,174
경상도,3월,드레스,본식 + 촬영,필수,72,91,127,152,-
제주도,3월,드레스,본식 + 촬영,필수,128,128,140,-,-
전국,2월,드레스,본식 + 촬영,필수,105,129,160,203,233
수도권,2월,드레스,본식 + 촬영,필수,99,134,165,219,300
비수도권,2월,드레스,본식 + 촬영,필수,110,128,150,185,218
서울(강남),2월,드레스,본식 + 촬영,필수,116,144,187,226,725
서울(강남외),2월,드레스,본식 + 촬영,필수,64,90,118,151,194
부산,2월,드레스,본식 + 촬영,필수,150,161,173,187,208
대구,2월,드레스,본식 + 촬영,필수,114,129,150,203,227
인천,2월,드레스,본식 + 촬영,필수,63,95,145,178,190
광주,2월,드레스,본식 + 촬영,필수,44,55,143,193,205
대전,2월,드레스,본식 + 촬영,필수,150,182,194,224,-
울산,2월,드레스,본식 + 촬영,필수,123,124,126,180,-
경기도,2월,드레스,본식 + 촬영,필수,84,134,157,168,191
강원도,2월,드레스,본식 + 촬영,필수,87,97,149,200,-
충청도,2월,드레스,본식 + 촬영,필수,101,119,143,169,209
전라도,2월,드레스,본식 + 촬영,필수,89,108,125,156,174
경상도,2월,드레스,본식 + 촬영,필수,72,91,127,152,-
제주도,2월,드레스,본식 + 촬영,필수,128,128,140,-,-
전국,1월,드레스,본식 + 촬영,필수,105,128,159,203,235
수도권,1월,드레스,본식 + 촬영,필수,99,128,165,219,332
비수도권,1월,드레스,본식 + 촬영,필수,110,128,150,189,220
서울(강남),1월,드레스,본식 + 촬영,필수,116,141,185,228,808
서울(강남외),1월,드레스,본식 + 촬영,필수,64,90,118,151,194
부산,1월,드레스,본식 + 촬영,필수,150,161,175,187,204
대구,1월,드레스,본식 + 촬영,필수,115,129,155,205,229
인천,1월,드레스,본식 + 촬영,필수,63,95,145,178,190
광주,1월,드레스,본식 + 촬영,필수,44,55,148,190,199
대전,1월,드레스,본식 + 촬영,필수,150,183,220,226,-
울산,1월,드레스,본식 + 촬영,필수,123,124,126,180,-
경기도,1월,드레스,본식 + 촬영,필수,82,132,157,176,196
강원도,1월,드레스,본식 + 촬영,필수,87,100,137,190,-
충청도,1월,드레스,본식 + 촬영,필수,101,119,143,169,209
전라도,1월,드레스,본식 + 촬영,필수,89,106,121,151,162
경상도,1월,드레스,본식 + 촬영,필수,72,91,127,152,-
제주도,1월,드레스,본식 + 촬영,필수,128,128,140,-,-
전국,12월,드레스,본식 + 촬영,필수,105,129,160,205,236
수도권,12월,드레스,본식 + 촬영,필수,99,130,165,220,337
비수도권,12월,드레스,본식 + 촬영,필수,110,129,151,189,222
서울(강남),12월,드레스,본식 + 촬영,필수,116,145,198,229,903
서울(강남외),12월,드레스,본식 + 촬영,필수,64,90,118,151,194
부산,12월,드레스,본식 + 촬영,필수,150,161,175,187,204
대구,12월,드레스,본식 + 촬영,필수,117,129,158,206,231
인천,12월,드레스,본식 + 촬영,필수,63,95,145,178,190
광주,12월,드레스,본식 + 촬영,필수,44,55,148,190,199
대전,12월,드레스,본식 + 촬영,필수,150,183,220,226,-
울산,12월,드레스,본식 + 촬영,필수,123,125,137,167,-
경기도,12월,드레스,본식 + 촬영,필수,82,132,157,176,196
강원도,12월,드레스,본식 + 촬영,필수,87,100,137,190,-
충청도,12월,드레스,본식 + 촬영,필수,101,119,143,169,209
전라도,12월,드레스,본식 + 촬영,필수,89,106,121,151,162
경상도,12월,드레스,본식 + 촬영,필수,72,91,127,152,-
제주도,12월,드레스,본식 + 촬영,필수,128,128,140,-,-
전국,11월,드레스,본식 + 촬영,필수,105,128,156,203,230
수도권,11월,드레스,본식 + 촬영,필수,99,127,165,218,262
비수도권,11월,드레스,본식 + 촬영,필수,110,128,150,187,220
서울(강남),11월,드레스,본식 + 촬영,필수,116,143,189,227,960
서울(강남외),11월,드레스,본식 + 촬영,필수,64,90,118,151,194
부산,11월,드레스,본식 + 촬영,필수,150,161,175,187,204
대구,11월,드레스,본식 + 촬영,필수,114,129,150,203,229
인천,11월,드레스,본식 + 촬영,필수,63,95,145,178,190
광주,11월,드레스,본식 + 촬영,필수,44,55,148,190,199
대전,11월,드레스,본식 + 촬영,필수,150,183,220,226,-
울산,11월,드레스,본식 + 촬영,필수,123,125,137,167,-
경기도,11월,드레스,본식 + 촬영,필수,82,132,157,176,196
강원도,11월,드레스,본식 + 촬영,필수,87,100,137,190,-
충청도,11월,드레스,본식 + 촬영,필수,101,122,143,165,207
전라도,11월,드레스,본식 + 촬영,필수,89,106,121,151,162
경상도,11월,드레스,본식 + 촬영,필수,72,101,132,168,-
제주도,11월,드레스,본식 + 촬영,필수,128,128,140,-,-
전국,10월,드레스,본식 + 촬영,필수,106,128,155,203,233
수도권,10월,드레스,본식 + 촬영,필수,99,130,165,219,291
비수도권,10월,드레스,본식 + 촬영,필수,110,128,150,187,220
서울(강남),10월,드레스,본식 + 촬영,필수,116,143,189,227,960
서울(강남외),10월,드레스,본식 + 촬영,필수,64,90,118,151,187
부산,10월,드레스,본식 + 촬영,필수,150,161,175,187,204
대구,10월,드레스,본식 + 촬영,필수,114,129,150,203,231
인천,10월,드레스,본식 + 촬영,필수,59,72,150,175,199
광주,10월,드레스,본식 + 촬영,필수,44,55,148,190,199
대전,10월,드레스,본식 + 촬영,필수,150,183,220,226,-
울산,10월,드레스,본식 + 촬영,필수,123,125,137,167,-
경기도,10월,드레스,본식 + 촬영,필수,82,132,157,176,196
강원도,10월,드레스,본식 + 촬영,필수,87,100,137,190,-
충청도,10월,드레스,본식 + 촬영,필수,101,122,143,165,207
전라도,10월,드레스,본식 + 촬영,필수,89,106,121,151,162
경상도,10월,드레스,본식 + 촬영,필수,72,101,132,168,-
제주도,10월,드레스,본식 + 촬영,필수,128,128,140,-,-
전국,9월,드레스,본식 + 촬영,필수,101,128,155,203,232
수도권,9월,드레스,본식 + 촬영,필수,89,130,165,219,252
비수도권,9월,드레스,본식 + 촬영,필수,110,127,150,187,221
서울(강남),9월,드레스,본식 + 촬영,필수,112,143,200,225,903
서울(강남외),9월,드레스,본식 + 촬영,필수,50,78,111,148,185
부산,9월,드레스,본식 + 촬영,필수,150,161,176,187,204
대구,9월,드레스,본식 + 촬영,필수,114,129,150,210,232
인천,9월,드레스,본식 + 촬영,필수,61,95,145,178,198
광주,9월,드레스,본식 + 촬영,필수,44,55,148,190,199
대전,9월,드레스,본식 + 촬영,필수,150,183,220,226,-
울산,9월,드레스,본식 + 촬영,필수,123,125,137,167,-
경기도,9월,드레스,본식 + 촬영,필수,70,132,157,176,196
강원도,9월,드레스,본식 + 촬영,필수,100,104,137,190,-
충청도,9월,드레스,본식 + 촬영,필수,101,121,142,165,208
전라도,9월,드레스,본식 + 촬영,필수,77,106,120,147,161
경상도,9월,드레스,본식 + 촬영,필수,72,101,132,168,-
제주도,9월,드레스,본식 + 촬영,필수,128,128,140,-,-
전국,8월,드레스,본식 + 촬영,필수,101,128,155,203,233
수도권,8월,드레스,본식 + 촬영,필수,88,132,165,220,291
비수도권,8월,드레스,본식 + 촬영,필수,110,128,150,187,220
서울(강남),8월,드레스,본식 + 촬영,필수,116,145,202,228,960
서울(강남외),8월,드레스,본식 + 촬영,필수,50,78,111,148,185
부산,8월,드레스,본식 + 촬영,필수,150,161,176,187,204
대구,8월,드레스,본식 + 촬영,필수,114,129,150,203,231
인천,8월,드레스,본식 + 촬영,필수,61,95,145,178,198
광주,8월,드레스,본식 + 촬영,필수,44,55,148,190,199
대전,8월,드레스,본식 + 촬영,필수,150,183,220,226,-
울산,8월,드레스,본식 + 촬영,필수,123,125,137,167,-
경기도,8월,드레스,본식 + 촬영,필수,70,132,157,176,196
강원도,8월,드레스,본식 + 촬영,필수,100,104,137,190,-
충청도,8월,드레스,본식 + 촬영,필수,101,122,141,165,207
전라도,8월,드레스,본식 + 촬영,필수,77,106,120,147,161
경상도,8월,드레스,본식 + 촬영,필수,72,101,132,168,-
제주도,8월,드레스,본식 + 촬영,필수,128,128,140,-,-
전국,7월,드레스,본식 + 촬영,필수,101,129,155,203,234
수도권,7월,드레스,본식 + 촬영,필수,88,131,165,220,291
비수도권,7월,드레스,본식 + 촬영,필수,110,128,150,187,221
서울(강남),7월,드레스,본식 + 촬영,필수,116,145,202,228,960
서울(강남외),7월,드레스,본식 + 촬영,필수,50,78,110,146,185
부산,7월,드레스,본식 + 촬영,필수,150,161,176,187,204
대구,7월,드레스,본식 + 촬영,필수,114,129,150,203,231
인천,7월,드레스,본식 + 촬영,필수,61,95,145,178,198
광주,7월,드레스,본식 + 촬영,필수,44,55,148,190,199
대전,7월,드레스,본식 + 촬영,필수,150,183,220,226,-
울산,7월,드레스,본식 + 촬영,필수,123,125,137,167,-
경기도,7월,드레스,본식 + 촬영,필수,70,132,157,176,196
강원도,7월,드레스,본식 + 촬영,필수,100,104,137,190,-
충청도,7월,드레스,본식 + 촬영,필수,101,122,141,165,207
전라도,7월,드레스,본식 + 촬영,필수,77,110,121,148,161
경상도,7월,드레스,본식 + 촬영,필수,72,101,132,168,-
제주도,7월,드레스,본식 + 촬영,필수,128,128,140,-,-
전국,6월,드레스,본식 + 촬영,필수,100,125,151,202,237
수도권,6월,드레스,본식 + 촬영,필수,86,120,160,217,300
비수도권,6월,드레스,본식 + 촬영,필수,110,128,150,179,221
서울(강남),6월,드레스,본식 + 촬영,필수,110,141,189,230,960
서울(강남외),6월,드레스,본식 + 촬영,필수,50,78,103,146,185
부산,6월,드레스,본식 + 촬영,필수,150,161,176,187,198
대구,6월,드레스,본식 + 촬영,필수,114,129,150,203,233
인천,6월,드레스,본식 + 촬영,필수,61,95,145,178,198
광주,6월,드레스,본식 + 촬영,필수,44,55,148,190,199
대전,6월,드레스,본식 + 촬영,필수,150,183,220,226,-
울산,6월,드레스,본식 + 촬영,필수,123,125,137,167,-
경기도,6월,드레스,본식 + 촬영,필수,70,132,157,176,196
강원도,6월,드레스,본식 + 촬영,필수,100,104,137,190,-
충청도,6월,드레스,본식 + 촬영,필수,101,122,141,164,205
전라도,6월,드레스,본식 + 촬영,필수,77,110,121,148,161
경상도,6월,드레스,본식 + 촬영,필수,72,101,132,168,-
제주도,6월,드레스,본식 + 촬영,필수,128,128,140,-,-
전국,5월,드레스,본식 + 촬영,필수,100,125,151,202,237
수도권,5월,드레스,본식 + 촬영,필수,84,120,160,219,300
비수도권,5월,드레스,본식 + 촬영,필수,110,128,150,179,221
서울(강남),5월,드레스,본식 + 촬영,필수,110,140,198,230,960
서울(강남외),5월,드레스,본식 + 촬영,필수,50,78,103,146,185
부산,5월,드레스,본식 + 촬영,필수,150,161,176,187,198
대구,5월,드레스,본식 + 촬영,필수,114,129,150,210,233
인천,5월,드레스,본식 + 촬영,필수,61,95,145,178,198
광주,5월,드레스,본식 + 촬영,필수,44,55,148,190,199
대전,5월,드레스,본식 + 촬영,필수,150,150,222,-,-
울산,5월,드레스,본식 + 촬영,필수,123,125,137,167,-
경기도,5월,드레스,본식 + 촬영,필수,70,132,157,176,196
강원도,5월,드레스,본식 + 촬영,필수,100,104,137,190,-
충청도,5월,드레스,본식 + 촬영,필수,101,122,141,164,205
전라도,5월,드레스,본식 + 촬영,필수,77,110,121,148,161
경상도,5월,드레스,본식 + 촬영,필수,72,101,132,168,-
제주도,5월,드레스,본식 + 촬영,필수,128,128,140,-,-
전국,4월,드레스,본식,필수,95,115,145,181,218
수도권,4월,드레스,본식,필수,85,119,148,197,250
비수도권,4월,드레스,본식,필수,97,115,140,162,202
서울(강남),4월,드레스,본식,필수,107,130,162,206,490
서울(강남외),4월,드레스,본식,필수,39,51,93,129,162
부산,4월,드레스,본식,필수,140,150,155,166,180
대구,4월,드레스,본식,필수,109,119,135,189,213
인천,4월,드레스,본식,필수,48,90,110,147,172
광주,4월,드레스,본식,필수,41,50,138,167,195
대전,4월,드레스,본식,필수,145,161,179,213,-
울산,4월,드레스,본식,필수,111,113,118,160,-
경기도,4월,드레스,본식,필수,61,110,139,152,177
강원도,4월,드레스,본식,필수,80,91,134,146,-
충청도,4월,드레스,본식,필수,91,106,130,151,199
전라도,4월,드레스,본식,필수,75,98,113,144,159
경상도,4월,드레스,본식,필수,54,80,112,144,-
제주도,4월,드레스,본식,필수,113,113,120,-,-
전국,3월,드레스,본식,필수,95,117,145,180,218
수도권,3월,드레스,본식,필수,86,118,148,197,250
비수도권,3월,드레스,본식,필수,98,115,140,164,200
서울(강남),3월,드레스,본식,필수,105,130,162,206,470
서울(강남외),3월,드레스,본식,필수,39,51,93,129,162
부산,3월,드레스,본식,필수,145,150,161,171,180
대구,3월,드레스,본식,필수,109,119,135,170,211
인천,3월,드레스,본식,필수,48,90,110,147,172
광주,3월,드레스,본식,필수,41,50,138,167,195
대전,3월,드레스,본식,필수,145,161,179,213,-
울산,3월,드레스,본식,필수,111,113,118,160,-
경기도,3월,드레스,본식,필수,61,110,139,152,177
강원도,3월,드레스,본식,필수,80,91,134,146,-
충청도,3월,드레스,본식,필수,91,106,130,151,199
전라도,3월,드레스,본식,필수,75,98,113,144,159
경상도,3월,드레스,본식,필수,54,80,112,144,-
제주도,3월,드레스,본식,필수,113,113,120,-,-
전국,2월,드레스,본식,필수,95,115,145,180,218
수도권,2월,드레스,본식,필수,81,114,145,198,250
비수도권,2월,드레스,본식,필수,98,115,140,164,200
서울(강남),2월,드레스,본식,필수,107,130,165,211,550
서울(강남외),2월,드레스,본식,필수,40,68,105,130,167
부산,2월,드레스,본식,필수,145,150,161,171,180
대구,2월,드레스,본식,필수,109,119,135,170,211
인천,2월,드레스,본식,필수,48,90,110,147,172
광주,2월,드레스,본식,필수,41,50,138,167,195
대전,2월,드레스,본식,필수,145,161,179,213,-
울산,2월,드레스,본식,필수,111,113,118,160,-
경기도,2월,드레스,본식,필수,61,110,139,152,177
강원도,2월,드레스,본식,필수,80,91,134,146,-
충청도,2월,드레스,본식,필수,91,106,130,151,199
전라도,2월,드레스,본식,필수,75,98,113,144,159
경상도,2월,드레스,본식,필수,54,80,112,144,-
제주도,2월,드레스,본식,필수,113,113,120,-,-
전국,1월,드레스,본식,필수,95,115,145,181,218
수도권,1월,드레스,본식,필수,81,111,145,198,260
비수도권,1월,드레스,본식,필수,99,116,142,166,203
서울(강남),1월,드레스,본식,필수,106,130,165,212,666
서울(강남외),1월,드레스,본식,필수,40,68,105,130,167
부산,1월,드레스,본식,필수,146,150,162,172,180
대구,1월,드레스,본식,필수,114,120,143,190,217
인천,1월,드레스,본식,필수,48,90,110,147,172
광주,1월,드레스,본식,필수,44,55,143,153,194
대전,1월,드레스,본식,필수,145,171,210,214,-
울산,1월,드레스,본식,필수,111,113,118,160,-
경기도,1월,드레스,본식,필수,55,80,143,158,178
강원도,1월,드레스,본식,필수,80,95,132,145,-
충청도,1월,드레스,본식,필수,91,106,130,151,199
전라도,1월,드레스,본식,필수,75,98,112,137,153
경상도,1월,드레스,본식,필수,54,80,112,144,-
제주도,1월,드레스,본식,필수,113,113,120,-,-
전국,12월,드레스,본식,필수,95,115,145,185,219
수도권,12월,드레스,본식,필수,81,112,147,198,273
비수도권,12월,드레스,본식,필수,100,117,145,166,205
서울(강남),12월,드레스,본식,필수,105,130,165,214,858
서울(강남외),12월,드레스,본식,필수,40,68,105,130,167
부산,12월,드레스,본식,필수,146,150,162,172,180
대구,12월,드레스,본식,필수,114,120,145,192,218
인천,12월,드레스,본식,필수,48,90,110,147,172
광주,12월,드레스,본식,필수,44,55,143,153,194
대전,12월,드레스,본식,필수,145,171,210,214,-
울산,12월,드레스,본식,필수,111,115,132,157,-
경기도,12월,드레스,본식,필수,55,80,143,158,178
강원도,12월,드레스,본식,필수,80,95,132,145,-
충청도,12월,드레스,본식,필수,91,106,130,151,199
전라도,12월,드레스,본식,필수,75,98,112,137,153
경상도,12월,드레스,본식,필수,54,80,112,144,-
제주도,12월,드레스,본식,필수,113,113,120,-,-
전국,11월,드레스,본식,필수,95,115,145,180,217
수도권,11월,드레스,본식,필수,80,110,145,198,243
비수도권,11월,드레스,본식,필수,100,118,144,165,205
서울(강남),11월,드레스,본식,필수,105,130,165,211,935
서울(강남외),11월,드레스,본식,필수,40,68,105,130,167
부산,11월,드레스,본식,필수,146,150,162,172,180
대구,11월,드레스,본식,필수,114,120,145,192,218
인천,11월,드레스,본식,필수,48,90,110,147,172
광주,11월,드레스,본식,필수,44,55,143,153,194
대전,11월,드레스,본식,필수,145,171,210,214,-
울산,11월,드레스,본식,필수,111,115,132,157,-
경기도,11월,드레스,본식,필수,55,80,143,158,178
강원도,11월,드레스,본식,필수,80,95,132,145,-
충청도,11월,드레스,본식,필수,91,108,130,150,198
전라도,11월,드레스,본식,필수,75,98,112,137,153
경상도,11월,드레스,본식,필수,54,92,119,157,-
제주도,11월,드레스,본식,필수,113,113,120,-,-
전국,10월,드레스,본식,필수,95,117,145,183,218
수도권,10월,드레스,본식,필수,78,115,148,198,249
비수도권,10월,드레스,본식,필수,100,118,144,165,205
서울(강남),10월,드레스,본식,필수,105,130,165,211,935
서울(강남외),10월,드레스,본식,필수,40,68,105,130,167
부산,10월,드레스,본식,필수,146,150,162,172,180
대구,10월,드레스,본식,필수,114,120,145,192,218
인천,10월,드레스,본식,필수,46,55,120,150,171
광주,10월,드레스,본식,필수,44,55,143,153,194
대전,10월,드레스,본식,필수,145,171,210,214,-
울산,10월,드레스,본식,필수,111,115,132,157,-
경기도,10월,드레스,본식,필수,55,80,143,158,178
강원도,10월,드레스,본식,필수,80,95,132,145,-
충청도,10월,드레스,본식,필수,91,108,130,150,198
전라도,10월,드레스,본식,필수,75,98,112,137,153
경상도,10월,드레스,본식,필수,54,92,119,157,-
제주도,10월,드레스,본식,필수,113,113,120,-,-
전국,9월,드레스,본식,필수,90,115,145,187,217
수도권,9월,드레스,본식,필수,67,112,150,199,239
비수도권,9월,드레스,본식,필수,99,115,140,167,205
서울(강남),9월,드레스,본식,필수,99,130,168,210,820
서울(강남외),9월,드레스,본식,필수,40,59,98,126,163
부산,9월,드레스,본식,필수,150,151,162,172,180
대구,9월,드레스,본식,필수,113,120,140,195,219
인천,9월,드레스,본식,필수,48,90,110,158,173
광주,9월,드레스,본식,필수,44,55,143,153,194
대전,9월,드레스,본식,필수,145,171,210,214,-
울산,9월,드레스,본식,필수,111,115,132,157,-
경기도,9월,드레스,본식,필수,43,80,143,158,178
강원도,9월,드레스,본식,필수,95,99,132,145,-
충청도,9월,드레스,본식,필수,91,106,130,150,198
전라도,9월,드레스,본식,필수,75,98,110,136,147
경상도,9월,드레스,본식,필수,54,92,119,157,-
제주도,9월,드레스,본식,필수,113,113,120,-,-
전국,8월,드레스,본식,필수,91,115,145,186,218
수도권,8월,드레스,본식,필수,66,113,149,200,249
비수도권,8월,드레스,본식,필수,99,115,140,166,205
서울(강남),8월,드레스,본식,필수,103,130,170,213,935
서울(강남외),8월,드레스,본식,필수,40,59,98,126,163
부산,8월,드레스,본식,필수,150,151,162,172,180
대구,8월,드레스,본식,필수,114,120,140,192,218
인천,8월,드레스,본식,필수,48,90,110,158,173
광주,8월,드레스,본식,필수,44,55,143,153,194
대전,8월,드레스,본식,필수,145,171,210,214,-
울산,8월,드레스,본식,필수,111,115,132,157,-
경기도,8월,드레스,본식,필수,43,80,143,158,178
강원도,8월,드레스,본식,필수,95,99,132,145,-
충청도,8월,드레스,본식,필수,91,106,130,149,198
전라도,8월,드레스,본식,필수,75,98,110,136,147
경상도,8월,드레스,본식,필수,54,92,119,157,-
제주도,8월,드레스,본식,필수,113,113,120,-,-
전국,7월,드레스,본식,필수,91,115,143,186,218
수도권,7월,드레스,본식,필수,66,113,145,200,249
비수도권,7월,드레스,본식,필수,100,116,140,167,205
서울(강남),7월,드레스,본식,필수,103,130,168,213,935
서울(강남외),7월,드레스,본식,필수,40,59,98,126,159
부산,7월,드레스,본식,필수,150,151,162,172,180
대구,7월,드레스,본식,필수,114,120,140,192,218
인천,7월,드레스,본식,필수,48,90,110,158,173
광주,7월,드레스,본식,필수,44,55,143,153,194
대전,7월,드레스,본식,필수,145,171,210,214,-
울산,7월,드레스,본식,필수,111,115,132,157,-
경기도,7월,드레스,본식,필수,43,80,143,158,178
강원도,7월,드레스,본식,필수,95,99,132,145,-
충청도,7월,드레스,본식,필수,91,106,130,149,198
전라도,7월,드레스,본식,필수,74,99,111,136,148
경상도,7월,드레스,본식,필수,54,92,119,157,-
제주도,7월,드레스,본식,필수,113,113,120,-,-
전국,6월,드레스,본식,필수,89,115,140,184,223
수도권,6월,드레스,본식,필수,66,110,140,202,261
비수도권,6월,드레스,본식,필수,100,115,140,165,205
서울(강남),6월,드레스,본식,필수,98,127,165,217,935
서울(강남외),6월,드레스,본식,필수,40,59,93,126,159
부산,6월,드레스,본식,필수,146,151,162,172,180
대구,6월,드레스,본식,필수,114,119,140,194,222
인천,6월,드레스,본식,필수,48,90,110,158,173
광주,6월,드레스,본식,필수,44,55,143,153,194
대전,6월,드레스,본식,필수,145,171,210,214,-
울산,6월,드레스,본식,필수,111,115,132,157,-
경기도,6월,드레스,본식,필수,43,80,143,158,178
강원도,6월,드레스,본식,필수,95,99,132,145,-
충청도,6월,드레스,본식,필수,91,106,130,145,195
전라도,6월,드레스,본식,필수,74,99,111,136,148
경상도,6월,드레스,본식,필수,54,92,119,157,-
제주도,6월,드레스,본식,필수,113,113,120,-,-
전국,5월,드레스,본식,필수,90,115,140,186,223
수도권,5월,드레스,본식,필수,66,110,141,204,282
비수도권,5월,드레스,본식,필수,100,115,140,165,205
서울(강남),5월,드레스,본식,필수,99,127,165,218,935
서울(강남외),5월,드레스,본식,필수,40,59,93,126,159
부산,5월,드레스,본식,필수,146,151,162,172,180
대구,5월,드레스,본식,필수,114,120,140,195,220
인천,5월,드레스,본식,필수,48,90,110,158,173
광주,5월,드레스,본식,필수,44,55,143,153,194
대전,5월,드레스,본식,필수,145,145,212,-,-
울산,5월,드레스,본식,필수,111,115,132,157,-
경기도,5월,드레스,본식,필수,52,102,145,164,179
강원도,5월,드레스,본식,필수,95,99,132,145,-
충청도,5월,드레스,본식,필수,91,106,130,145,195
전라도,5월,드레스,본식,필수,74,99,111,136,148
경상도,5월,드레스,본식,필수,54,92,119,157,-
제주도,5월,드레스,본식,필수,113,113,120,-,-
전국,4월,드레스,촬영,필수,91,113,140,185,218
수도권,4월,드레스,촬영,필수,79,110,144,197,268
비수도권,4월,드레스,촬영,필수,96,114,139,162,203
서울(강남),4월,드레스,촬영,필수,103,130,161,208,550
서울(강남외),4월,드레스,촬영,필수,39,51,93,126,142
부산,4월,드레스,촬영,필수,127,150,155,166,180
대구,4월,드레스,촬영,필수,109,116,143,190,216
인천,4월,드레스,촬영,필수,28,71,101,135,172
광주,4월,드레스,촬영,필수,39,47,135,173,196
대전,4월,드레스,촬영,필수,140,153,179,213,-
울산,4월,드레스,촬영,필수,111,113,118,161,-
경기도,4월,드레스,촬영,필수,61,111,133,150,177
강원도,4월,드레스,촬영,필수,80,91,134,146,-
충청도,4월,드레스,촬영,필수,91,106,130,146,199
전라도,4월,드레스,촬영,필수,75,98,113,144,159
경상도,4월,드레스,촬영,필수,18,62,112,144,-
제주도,4월,드레스,촬영,필수,113,113,120,-,-
전국,3월,드레스,촬영,필수,94,114,141,180,218
수도권,3월,드레스,촬영,필수,79,110,144,197,265
비수도권,3월,드레스,촬영,필수,98,115,140,165,201
서울(강남),3월,드레스,촬영,필수,103,129,160,207,526
서울(강남외),3월,드레스,촬영,필수,39,51,93,126,142
부산,3월,드레스,촬영,필수,134,150,161,171,180
대구,3월,드레스,촬영,필수,109,119,140,185,214
인천,3월,드레스,촬영,필수,28,71,101,135,172
광주,3월,드레스,촬영,필수,39,47,135,173,196
대전,3월,드레스,촬영,필수,140,153,179,213,-
울산,3월,드레스,촬영,필수,111,113,118,161,-
경기도,3월,드레스,촬영,필수,61,111,133,150,177
강원도,3월,드레스,촬영,필수,80,91,134,146,-
충청도,3월,드레스,촬영,필수,91,106,130,146,199
전라도,3월,드레스,촬영,필수,75,98,113,144,159
경상도,3월,드레스,촬영,필수,18,62,112,144,-
제주도,3월,드레스,촬영,필수,113,113,120,-,-
전국,2월,드레스,촬영,필수,91,114,140,180,218
수도권,2월,드레스,촬영,필수,78,110,143,198,273
비수도권,2월,드레스,촬영,필수,98,115,140,165,201
서울(강남),2월,드레스,촬영,필수,103,130,165,213,566
서울(강남외),2월,드레스,촬영,필수,40,68,105,130,156
부산,2월,드레스,촬영,필수,134,150,161,171,180
대구,2월,드레스,촬영,필수,109,119,140,185,214
인천,2월,드레스,촬영,필수,28,71,101,135,172
광주,2월,드레스,촬영,필수,39,47,135,173,196
대전,2월,드레스,촬영,필수,140,153,179,213,-
울산,2월,드레스,촬영,필수,111,113,118,161,-
경기도,2월,드레스,촬영,필수,61,111,133,150,177
강원도,2월,드레스,촬영,필수,80,91,134,146,-
충청도,2월,드레스,촬영,필수,91,106,130,146,199
전라도,2월,드레스,촬영,필수,75,98,113,144,159
경상도,2월,드레스,촬영,필수,18,62,112,144,-
제주도,2월,드레스,촬영,필수,113,113,120,-,-
전국,1월,드레스,촬영,필수,91,114,143,184,218
수도권,1월,드레스,촬영,필수,75,110,144,198,279
비수도권,1월,드레스,촬영,필수,99,115,140,167,204
서울(강남),1월,드레스,촬영,필수,103,130,162,213,722
서울(강남외),1월,드레스,촬영,필수,40,68,105,130,156
부산,1월,드레스,촬영,필수,136,150,162,172,180
대구,1월,드레스,촬영,필수,109,119,145,192,218
인천,1월,드레스,촬영,필수,28,71,101,135,172
광주,1월,드레스,촬영,필수,42,52,141,160,195
대전,1월,드레스,촬영,필수,145,171,210,214,-
울산,1월,드레스,촬영,필수,111,113,118,161,-
경기도,1월,드레스,촬영,필수,55,81,143,158,178
강원도,1월,드레스,촬영,필수,80,95,132,145,-
충청도,1월,드레스,촬영,필수,91,106,130,146,199
전라도,1월,드레스,촬영,필수,75,98,112,137,153
경상도,1월,드레스,촬영,필수,18,62,112,144,-
제주도,1월,드레스,촬영,필수,113,113,120,-,-
전국,12월,드레스,촬영,필수,91,114,143,185,222
수도권,12월,드레스,촬영,필수,71,110,144,198,284
비수도권,12월,드레스,촬영,필수,99,115,142,167,205
서울(강남),12월,드레스,촬영,필수,103,130,165,214,874
서울(강남외),12월,드레스,촬영,필수,40,68,105,130,156
부산,12월,드레스,촬영,필수,136,150,162,172,180
대구,12월,드레스,촬영,필수,109,119,145,195,219
인천,12월,드레스,촬영,필수,28,71,101,135,172
광주,12월,드레스,촬영,필수,42,52,141,160,195
대전,12월,드레스,촬영,필수,145,171,210,214,-
울산,12월,드레스,촬영,필수,111,115,132,157,-
경기도,12월,드레스,촬영,필수,55,81,143,158,178
강원도,12월,드레스,촬영,필수,80,95,132,145,-
충청도,12월,드레스,촬영,필수,91,106,130,146,199
전라도,12월,드레스,촬영,필수,75,98,112,137,153
경상도,12월,드레스,촬영,필수,18,62,112,144,-
제주도,12월,드레스,촬영,필수,113,113,120,-,-
전국,11월,드레스,촬영,필수,91,114,143,183,218
수도권,11월,드레스,촬영,필수,70,110,143,198,243
비수도권,11월,드레스,촬영,필수,100,116,141,167,205
서울(강남),11월,드레스,촬영,필수,103,130,165,213,935
서울(강남외),11월,드레스,촬영,필수,40,68,105,130,156
부산,11월,드레스,촬영,필수,136,150,162,172,180
대구,11월,드레스,촬영,필수,109,119,145,195,219
인천,11월,드레스,촬영,필수,28,71,101,135,172
광주,11월,드레스,촬영,필수,42,52,141,160,195
대전,11월,드레스,촬영,필수,145,171,210,214,-
울산,11월,드레스,촬영,필수,111,115,132,157,-
경기도,11월,드레스,촬영,필수,55,81,143,158,178
강원도,11월,드레스,촬영,필수,80,95,132,145,-
충청도,11월,드레스,촬영,필수,91,108,130,144,198
전라도,11월,드레스,촬영,필수,75,98,112,137,153
경상도,11월,드레스,촬영,필수,18,83,119,157,-
제주도,11월,드레스,촬영,필수,113,113,120,-,-
전국,10월,드레스,촬영,필수,91,114,143,185,218
수도권,10월,드레스,촬영,필수,70,110,145,198,249
비수도권,10월,드레스,촬영,필수,100,116,141,167,205
서울(강남),10월,드레스,촬영,필수,103,130,165,213,935
서울(강남외),10월,드레스,촬영,필수,40,68,105,130,156
부산,10월,드레스,촬영,필수,136,150,162,172,180
대구,10월,드레스,촬영,필수,109,119,145,195,219
인천,10월,드레스,촬영,필수,26,33,103,130,171
광주,10월,드레스,촬영,필수,42,52,141,160,195
대전,10월,드레스,촬영,필수,145,171,210,214,-
울산,10월,드레스,촬영,필수,111,115,132,157,-
경기도,10월,드레스,촬영,필수,55,81,143,158,178
강원도,10월,드레스,촬영,필수,80,95,132,145,-
충청도,10월,드레스,촬영,필수,91,108,130,144,198
전라도,10월,드레스,촬영,필수,75,98,112,137,153
경상도,10월,드레스,촬영,필수,18,83,119,157,-
제주도,10월,드레스,촬영,필수,113,113,120,-,-
전국,9월,드레스,촬영,필수,88,113,142,189,218
수도권,9월,드레스,촬영,필수,60,110,145,199,239
비수도권,9월,드레스,촬영,필수,99,115,140,168,205
서울(강남),9월,드레스,촬영,필수,97,130,168,212,820
서울(강남외),9월,드레스,촬영,필수,40,59,98,125,135
부산,9월,드레스,촬영,필수,146,151,162,172,180
대구,9월,드레스,촬영,필수,109,119,140,196,222
인천,9월,드레스,촬영,필수,28,71,101,135,173
광주,9월,드레스,촬영,필수,42,52,141,160,195
대전,9월,드레스,촬영,필수,145,171,210,214,-
울산,9월,드레스,촬영,필수,111,115,132,157,-
경기도,9월,드레스,촬영,필수,43,81,143,158,178
강원도,9월,드레스,촬영,필수,95,99,132,145,-
충청도,9월,드레스,촬영,필수,91,105,125,145,198
전라도,9월,드레스,촬영,필수,75,98,110,136,147
경상도,9월,드레스,촬영,필수,18,83,119,157,-
제주도,9월,드레스,촬영,필수,113,113,120,-,-
전국,8월,드레스,촬영,필수,89,114,140,186,218
수도권,8월,드레스,촬영,필수,60,110,143,200,249
비수도권,8월,드레스,촬영,필수,99,115,140,167,205
서울(강남),8월,드레스,촬영,필수,99,130,168,214,935
서울(강남외),8월,드레스,촬영,필수,40,59,98,125,135
부산,8월,드레스,촬영,필수,146,151,162,172,180
대구,8월,드레스,촬영,필수,109,119,140,195,219
인천,8월,드레스,촬영,필수,28,71,101,135,173
광주,8월,드레스,촬영,필수,42,52,141,160,195
대전,8월,드레스,촬영,필수,145,171,210,214,-
울산,8월,드레스,촬영,필수,111,115,132,157,-
경기도,8월,드레스,촬영,필수,43,81,143,158,178
강원도,8월,드레스,촬영,필수,95,99,132,145,-
충청도,8월,드레스,촬영,필수,91,105,125,144,198
전라도,8월,드레스,촬영,필수,75,98,110,136,147
경상도,8월,드레스,촬영,필수,18,83,119,157,-
제주도,8월,드레스,촬영,필수,113,113,120,-,-
전국,7월,드레스,촬영,필수,89,114,140,187,218
수도권,7월,드레스,촬영,필수,60,110,141,200,249
비수도권,7월,드레스,촬영,필수,99,115,140,167,205
서울(강남),7월,드레스,촬영,필수,99,130,168,214,935
서울(강남외),7월,드레스,촬영,필수,40,59,98,125,133
부산,7월,드레스,촬영,필수,146,151,162,172,180
대구,7월,드레스,촬영,필수,109,119,140,195,219
인천,7월,드레스,촬영,필수,28,71,101,135,173
광주,7월,드레스,촬영,필수,42,52,141,160,195
대전,7월,드레스,촬영,필수,145,171,210,214,-
울산,7월,드레스,촬영,필수,111,115,132,157,-
경기도,7월,드레스,촬영,필수,43,81,143,158,178
강원도,7월,드레스,촬영,필수,95,99,132,145,-
충청도,7월,드레스,촬영,필수,91,105,125,144,198
전라도,7월,드레스,촬영,필수,74,99,111,136,148
경상도,7월,드레스,촬영,필수,18,83,119,157,-
제주도,7월,드레스,촬영,필수,113,113,120,-,-
전국,6월,드레스,촬영,필수,86,113,139,186,223
수도권,6월,드레스,촬영,필수,59,105,136,202,261
비수도권,6월,드레스,촬영,필수,99,115,140,165,205
서울(강남),6월,드레스,촬영,필수,98,120,155,217,935
서울(강남외),6월,드레스,촬영,필수,40,59,93,125,133
부산,6월,드레스,촬영,필수,146,151,162,172,180
대구,6월,드레스,촬영,필수,109,119,140,195,224
인천,6월,드레스,촬영,필수,28,71,101,135,173
광주,6월,드레스,촬영,필수,42,52,141,160,195
대전,6월,드레스,촬영,필수,145,171,210,214,-
울산,6월,드레스,촬영,필수,111,115,132,157,-
경기도,6월,드레스,촬영,필수,43,81,143,158,178
강원도,6월,드레스,촬영,필수,95,99,132,145,-
충청도,6월,드레스,촬영,필수,91,105,125,144,195
전라도,6월,드레스,촬영,필수,74,99,111,136,148
경상도,6월,드레스,촬영,필수,18,83,119,157,-
제주도,6월,드레스,촬영,필수,113,113,120,-,-
전국,5월,드레스,촬영,필수,88,113,140,186,224
수도권,5월,드레스,촬영,필수,60,106,137,204,282
비수도권,5월,드레스,촬영,필수,99,115,140,165,205
서울(강남),5월,드레스,촬영,필수,99,120,165,218,935
서울(강남외),5월,드레스,촬영,필수,40,59,93,125,133
부산,5월,드레스,촬영,필수,146,151,162,172,180
대구,5월,드레스,촬영,필수,110,119,140,198,223
인천,5월,드레스,촬영,필수,28,71,101,135,173
광주,5월,드레스,촬영,필수,42,52,141,160,195
대전,5월,드레스,촬영,필수,145,145,212,-,-
울산,5월,드레스,촬영,필수,111,115,132,157,-
경기도,5월,드레스,촬영,필수,52,102,145,164,179
강원도,5월,드레스,촬영,필수,95,99,132,145,-
충청도,5월,드레스,촬영,필수,91,105,125,144,195
전라도,5월,드레스,촬영,필수,74,99,111,136,148
경상도,5월,드레스,촬영,필수,18,83,119,157,-
제주도,5월,드레스,촬영,필수,113,113,120,-,-
전국,4월,드레스,촬영 헬퍼,선택,14,25,25,25,38
수도권,4월,드레스,촬영 헬퍼,선택,25,25,25,30,40
비수도권,4월,드레스,촬영 헬퍼,선택,13,14,23,25,25
서울,4월,드레스,촬영 헬퍼,선택,25,25,25,30,40
경인,4월,드레스,촬영 헬퍼,선택,20,25,25,25,25
5대 광역시,4월,드레스,촬영 헬퍼,선택,13,14,21,25,25
이외 지역,4월,드레스,촬영 헬퍼,선택,13,19,25,25,26
전국,3월,드레스,촬영 헬퍼,선택,14,23,25,25,38
수도권,3월,드레스,촬영 헬퍼,선택,25,25,25,30,40
비수도권,3월,드레스,촬영 헬퍼,선택,13,14,21,25,25
서울,3월,드레스,촬영 헬퍼,선택,25,25,25,30,40
경인,3월,드레스,촬영 헬퍼,선택,20,25,25,25,25
5대 광역시,3월,드레스,촬영 헬퍼,선택,13,14,20,25,25
이외 지역,3월,드레스,촬영 헬퍼,선택,13,19,25,25,26
전국,2월,드레스,촬영 헬퍼,선택,14,23,25,25,35
수도권,2월,드레스,촬영 헬퍼,선택,25,25,25,30,40
비수도권,2월,드레스,촬영 헬퍼,선택,13,14,21,25,25
서울,2월,드레스,촬영 헬퍼,선택,25,25,25,30,40
경인,2월,드레스,촬영 헬퍼,선택,20,25,25,25,25
5대 광역시,2월,드레스,촬영 헬퍼,선택,13,14,20,25,25
이외 지역,2월,드레스,촬영 헬퍼,선택,13,19,25,25,26
전국,1월,드레스,촬영 헬퍼,선택,14,23,25,25,35
수도권,1월,드레스,촬영 헬퍼,선택,25,25,25,30,40
비수도권,1월,드레스,촬영 헬퍼,선택,13,14,21,25,25
서울,1월,드레스,촬영 헬퍼,선택,25,25,25,30,40
경인,1월,드레스,촬영 헬퍼,선택,20,25,25,25,25
5대 광역시,1월,드레스,촬영 헬퍼,선택,13,14,20,25,26
이외 지역,1월,드레스,촬영 헬퍼,선택,12,19,24,25,26
전국,12월,드레스,촬영 헬퍼,선택,14,23,25,25,35
수도권,12월,드레스,촬영 헬퍼,선택,25,25,25,30,40
비수도권,12월,드레스,촬영 헬퍼,선택,13,14,20,25,25
서울,12월,드레스,촬영 헬퍼,선택,25,25,25,30,48
경인,12월,드레스,촬영 헬퍼,선택,20,25,25,25,25
5대 광역시,12월,드레스,촬영 헬퍼,선택,13,14,19,25,25
이외 지역,12월,드레스,촬영 헬퍼,선택,12,19,24,25,26
전국,11월,드레스,촬영 헬퍼,선택,14,23,25,25,35
수도권,11월,드레스,촬영 헬퍼,선택,25,25,25,30,40
비수도권,11월,드레스,촬영 헬퍼,선택,13,14,20,25,25
서울,11월,드레스,촬영 헬퍼,선택,25,25,25,30,40
경인,11월,드레스,촬영 헬퍼,선택,20,25,25,25,25
5대 광역시,11월,드레스,촬영 헬퍼,선택,13,14,19,25,26
이외 지역,11월,드레스,촬영 헬퍼,선택,9,19,23,25,26
전국,10월,드레스,촬영 헬퍼,선택,14,20,25,25,35
수도권,10월,드레스,촬영 헬퍼,선택,23,25,25,30,40
비수도권,10월,드레스,촬영 헬퍼,선택,13,14,20,25,25
서울,10월,드레스,촬영 헬퍼,선택,25,25,25,30,40
경인,10월,드레스,촬영 헬퍼,선택,20,20,25,25,25
5대 광역시,10월,드레스,촬영 헬퍼,선택,13,14,19,25,26
이외 지역,10월,드레스,촬영 헬퍼,선택,9,19,23,25,26
전국,9월,드레스,촬영 헬퍼,선택,14,20,25,25,35
수도권,9월,드레스,촬영 헬퍼,선택,23,25,25,30,40
비수도권,9월,드레스,촬영 헬퍼,선택,13,14,20,25,25
서울,9월,드레스,촬영 헬퍼,선택,25,25,25,30,40
경인,9월,드레스,촬영 헬퍼,선택,20,20,25,25,25
5대 광역시,9월,드레스,촬영 헬퍼,선택,13,14,19,25,26
이외 지역,9월,드레스,촬영 헬퍼,선택,8,18,23,25,26
전국,8월,드레스,촬영 헬퍼,선택,14,20,25,25,35
수도권,8월,드레스,촬영 헬퍼,선택,23,25,25,30,40
비수도권,8월,드레스,촬영 헬퍼,선택,13,14,20,25,25
서울,8월,드레스,촬영 헬퍼,선택,25,25,25,30,48
경인,8월,드레스,촬영 헬퍼,선택,20,20,25,25,25
5대 광역시,8월,드레스,촬영 헬퍼,선택,13,14,19,25,26
이외 지역,8월,드레스,촬영 헬퍼,선택,8,18,23,25,26
전국,7월,드레스,촬영 헬퍼,선택,14,20,25,25,35
수도권,7월,드레스,촬영 헬퍼,선택,23,25,25,30,40
비수도권,7월,드레스,촬영 헬퍼,선택,13,14,20,25,25
서울,7월,드레스,촬영 헬퍼,선택,25,25,25,30,48
경인,7월,드레스,촬영 헬퍼,선택,20,20,25,25,25
5대 광역시,7월,드레스,촬영 헬퍼,선택,13,14,19,25,26
이외 지역,7월,드레스,촬영 헬퍼,선택,7,17,23,25,26
전국,6월,드레스,촬영 헬퍼,선택,14,20,25,25,35
수도권,6월,드레스,촬영 헬퍼,선택,23,25,25,30,40
비수도권,6월,드레스,촬영 헬퍼,선택,13,14,20,25,25
서울,6월,드레스,촬영 헬퍼,선택,25,25,25,32,54
경인,6월,드레스,촬영 헬퍼,선택,20,20,25,25,25
5대 광역시,6월,드레스,촬영 헬퍼,선택,13,14,16,25,26
이외 지역,6월,드레스,촬영 헬퍼,선택,7,16,23,25,26
전국,5월,드레스,촬영 헬퍼,선택,14,20,25,25,35
수도권,5월,드레스,촬영 헬퍼,선택,23,25,25,30,40
비수도권,5월,드레스,촬영 헬퍼,선택,13,14,20,25,25
서울,5월,드레스,촬영 헬퍼,선택,25,25,25,33,55
경인,5월,드레스,촬영 헬퍼,선택,20,20,25,25,25
5대 광역시,5월,드레스,촬영 헬퍼,선택,13,14,16,25,26
이외 지역,5월,드레스,촬영 헬퍼,선택,7,16,23,25,26
전국,4월,드레스,본식 헬퍼,선택,14,22,25,27,38
수도권,4월,드레스,본식 헬퍼,선택,23,25,25,30,40
비수도권,4월,드레스,본식 헬퍼,선택,13,14,22,25,31
서울,4월,드레스,본식 헬퍼,선택,25,25,25,33,40
경인,4월,드레스,본식 헬퍼,선택,18,20,23,25,25
5대 광역시,4월,드레스,본식 헬퍼,선택,13,14,22,25,31
이외 지역,4월,드레스,본식 헬퍼,선택,8,15,25,25,30
전국,3월,드레스,본식 헬퍼,선택,14,22,25,25,38
수도권,3월,드레스,본식 헬퍼,선택,23,25,25,30,40
비수도권,3월,드레스,본식 헬퍼,선택,13,14,22,25,27
서울,3월,드레스,본식 헬퍼,선택,25,25,25,33,40
경인,3월,드레스,본식 헬퍼,선택,18,20,23,25,25
5대 광역시,3월,드레스,본식 헬퍼,선택,14,14,22,25,27
이외 지역,3월,드레스,본식 헬퍼,선택,8,15,25,25,30
전국,2월,드레스,본식 헬퍼,선택,14,22,25,25,38
수도권,2월,드레스,본식 헬퍼,선택,23,25,25,30,39
비수도권,2월,드레스,본식 헬퍼,선택,13,14,22,25,27
서울,2월,드레스,본식 헬퍼,선택,25,25,25,30,40
경인,2월,드레스,본식 헬퍼,선택,18,20,23,25,25
5대 광역시,2월,드레스,본식 헬퍼,선택,14,14,22,25,27
이외 지역,2월,드레스,본식 헬퍼,선택,8,15,25,25,30
전국,1월,드레스,본식 헬퍼,선택,14,22,25,25,38
수도권,1월,드레스,본식 헬퍼,선택,23,25,25,30,38
비수도권,1월,드레스,본식 헬퍼,선택,13,14,22,25,27
서울,1월,드레스,본식 헬퍼,선택,25,25,25,30,40
경인,1월,드레스,본식 헬퍼,선택,18,20,23,25,25
5대 광역시,1월,드레스,본식 헬퍼,선택,14,14,22,25,28
이외 지역,1월,드레스,본식 헬퍼,선택,8,15,25,25,30
전국,12월,드레스,본식 헬퍼,선택,14,20,25,25,38
수도권,12월,드레스,본식 헬퍼,선택,22,25,25,30,38
비수도권,12월,드레스,본식 헬퍼,선택,13,14,22,25,27
서울,12월,드레스,본식 헬퍼,선택,25,25,25,30,40
경인,12월,드레스,본식 헬퍼,선택,18,20,23,25,25
5대 광역시,12월,드레스,본식 헬퍼,선택,14,14,22,25,27
이외 지역,12월,드레스,본식 헬퍼,선택,8,15,25,25,30
전국,11월,드레스,본식 헬퍼,선택,14,20,25,25,38
수도권,11월,드레스,본식 헬퍼,선택,23,25,25,30,38
비수도권,11월,드레스,본식 헬퍼,선택,13,14,22,25,27
서울,11월,드레스,본식 헬퍼,선택,25,25,25,31,40
경인,11월,드레스,본식 헬퍼,선택,18,20,23,25,25
5대 광역시,11월,드레스,본식 헬퍼,선택,14,14,22,25,27
이외 지역,11월,드레스,본식 헬퍼,선택,9,15,25,25,29
전국,10월,드레스,본식 헬퍼,선택,14,20,25,25,38
수도권,10월,드레스,본식 헬퍼,선택,22,25,25,30,38
비수도권,10월,드레스,본식 헬퍼,선택,13,14,22,25,27
서울,10월,드레스,본식 헬퍼,선택,25,25,25,31,40
경인,10월,드레스,본식 헬퍼,선택,18,18,23,25,25
5대 광역시,10월,드레스,본식 헬퍼,선택,14,14,22,25,27
이외 지역,10월,드레스,본식 헬퍼,선택,9,15,25,25,29
전국,9월,드레스,본식 헬퍼,선택,14,22,25,25,38
수도권,9월,드레스,본식 헬퍼,선택,23,25,25,30,38
비수도권,9월,드레스,본식 헬퍼,선택,13,14,22,25,28
서울,9월,드레스,본식 헬퍼,선택,25,25,25,30,40
경인,9월,드레스,본식 헬퍼,선택,18,20,23,25,25
5대 광역시,9월,드레스,본식 헬퍼,선택,14,14,22,25,29
이외 지역,9월,드레스,본식 헬퍼,선택,9,15,25,25,29
전국,8월,드레스,본식 헬퍼,선택,14,20,25,25,38
수도권,8월,드레스,본식 헬퍼,선택,23,25,25,30,38
비수도권,8월,드레스,본식 헬퍼,선택,13,14,22,25,27
서울,8월,드레스,본식 헬퍼,선택,25,25,25,31,40
경인,8월,드레스,본식 헬퍼,선택,18,20,23,25,25
5대 광역시,8월,드레스,본식 헬퍼,선택,14,14,22,25,27
이외 지역,8월,드레스,본식 헬퍼,선택,9,15,25,25,29
전국,7월,드레스,본식 헬퍼,선택,14,20,25,25,38
수도권,7월,드레스,본식 헬퍼,선택,23,25,25,30,38
비수도권,7월,드레스,본식 헬퍼,선택,13,14,22,25,27
서울,7월,드레스,본식 헬퍼,선택,25,25,25,31,40
경인,7월,드레스,본식 헬퍼,선택,18,20,23,25,25
5대 광역시,7월,드레스,본식 헬퍼,선택,14,14,22,25,27
이외 지역,7월,드레스,본식 헬퍼,선택,9,15,25,25,29
전국,6월,드레스,본식 헬퍼,선택,14,20,25,25,38
수도권,6월,드레스,본식 헬퍼,선택,23,25,25,30,38
비수도권,6월,드레스,본식 헬퍼,선택,13,14,22,25,27
서울,6월,드레스,본식 헬퍼,선택,25,25,25,31,40
경인,6월,드레스,본식 헬퍼,선택,18,20,23,25,25
5대 광역시,6월,드레스,본식 헬퍼,선택,14,14,22,25,27
이외 지역,6월,드레스,본식 헬퍼,선택,9,15,25,25,29
전국,5월,드레스,본식 헬퍼,선택,14,20,25,25,38
수도권,5월,드레스,본식 헬퍼,선택,23,25,25,30,38
비수도권,5월,드레스,본식 헬퍼,선택,13,14,22,25,27
서울,5월,드레스,본식 헬퍼,선택,25,25,25,30,40
경인,5월,드레스,본식 헬퍼,선택,18,20,23,25,25
5대 광역시,5월,드레스,본식 헬퍼,선택,14,14,22,25,27
이외 지역,5월,드레스,본식 헬퍼,선택,9,15,25,25,29
전국,4월,드레스,기본 피팅비,선택,5,6,6,10,10
수도권,4월,드레스,기본 피팅비,선택,6,6,6,10,10
비수도권,4월,드레스,기본 피팅비,선택,4,5,6,6,10
서울,4월,드레스,기본 피팅비,선택,6,6,6,10,10
경인,4월,드레스,기본 피팅비,선택,5,5,6,6,10
5대 광역시,4월,드레스,기본 피팅비,선택,4,5,6,6,10
이외 지역,4월,드레스,기본 피팅비,선택,1,5,6,6,10
전국,3월,드레스,기본 피팅비,선택,5,6,6,8,10
수도권,3월,드레스,기본 피팅비,선택,6,6,6,10,10
비수도권,3월,드레스,기본 피팅비,선택,4,5,6,6,10
서울,3월,드레스,기본 피팅비,선택,6,6,6,10,10
경인,3월,드레스,기본 피팅비,선택,5,5,6,6,10
5대 광역시,3월,드레스,기본 피팅비,선택,4,5,6,6,10
이외 지역,3월,드레스,기본 피팅비,선택,1,5,6,6,10
전국,2월,드레스,기본 피팅비,선택,5,6,6,8,10
수도권,2월,드레스,기본 피팅비,선택,6,6,6,10,10
비수도권,2월,드레스,기본 피팅비,선택,4,5,6,6,10
서울,2월,드레스,기본 피팅비,선택,6,6,6,10,10
경인,2월,드레스,기본 피팅비,선택,5,5,6,6,10
5대 광역시,2월,드레스,기본 피팅비,선택,4,5,6,6,10
이외 지역,2월,드레스,기본 피팅비,선택,1,5,6,6,10
전국,1월,드레스,기본 피팅비,선택,5,6,6,8,10
수도권,1월,드레스,기본 피팅비,선택,6,6,6,10,10
비수도권,1월,드레스,기본 피팅비,선택,4,5,6,6,10
서울,1월,드레스,기본 피팅비,선택,6,6,6,10,10
경인,1월,드레스,기본 피팅비,선택,5,5,6,6,9
5대 광역시,1월,드레스,기본 피팅비,선택,4,5,6,6,10
이외 지역,1월,드레스,기본 피팅비,선택,1,5,6,6,10
전국,12월,드레스,기본 피팅비,선택,5,6,6,9,10
수도권,12월,드레스,기본 피팅비,선택,6,6,6,10,10
비수도권,12월,드레스,기본 피팅비,선택,4,5,6,6,10
서울,12월,드레스,기본 피팅비,선택,6,6,6,10,10
경인,12월,드레스,기본 피팅비,선택,5,5,6,6,9
5대 광역시,12월,드레스,기본 피팅비,선택,4,5,6,6,10
이외 지역,12월,드레스,기본 피팅비,선택,1,5,6,6,10
전국,11월,드레스,기본 피팅비,선택,5,6,6,8,10
수도권,11월,드레스,기본 피팅비,선택,5,6,6,10,10
비수도권,11월,드레스,기본 피팅비,선택,4,5,6,6,10
서울,11월,드레스,기본 피팅비,선택,6,6,6,10,10
경인,11월,드레스,기본 피팅비,선택,5,5,6,6,9
5대 광역시,11월,드레스,기본 피팅비,선택,4,5,6,6,10
이외 지역,11월,드레스,기본 피팅비,선택,0,5,6,6,10
전국,10월,드레스,기본 피팅비,선택,5,6,6,8,10
수도권,10월,드레스,기본 피팅비,선택,5,6,6,10,10
비수도권,10월,드레스,기본 피팅비,선택,4,5,6,6,10
서울,10월,드레스,기본 피팅비,선택,6,6,6,10,10
경인,10월,드레스,기본 피팅비,선택,5,5,5,6,10
5대 광역시,10월,드레스,기본 피팅비,선택,4,5,6,6,10
이외 지역,10월,드레스,기본 피팅비,선택,0,5,6,6,10
전국,9월,드레스,기본 피팅비,선택,5,5,6,9,10
수도권,9월,드레스,기본 피팅비,선택,5,6,6,10,10
비수도권,9월,드레스,기본 피팅비,선택,4,5,5,6,10
서울,9월,드레스,기본 피팅비,선택,6,6,6,10,10
경인,9월,드레스,기본 피팅비,선택,5,5,6,6,9
5대 광역시,9월,드레스,기본 피팅비,선택,4,5,5,6,10
이외 지역,9월,드레스,기본 피팅비,선택,0,4,5,6,10
전국,8월,드레스,기본 피팅비,선택,5,5,6,8,10
수도권,8월,드레스,기본 피팅비,선택,5,6,6,10,10
비수도권,8월,드레스,기본 피팅비,선택,4,5,6,6,10
서울,8월,드레스,기본 피팅비,선택,6,6,6,10,10
경인,8월,드레스,기본 피팅비,선택,5,5,6,6,9
5대 광역시,8월,드레스,기본 피팅비,선택,4,5,6,6,10
이외 지역,8월,드레스,기본 피팅비,선택,0,4,5,6,10
전국,7월,드레스,기본 피팅비,선택,5,5,6,8,10
수도권,7월,드레스,기본 피팅비,선택,5,6,6,10,10
비수도권,7월,드레스,기본 피팅비,선택,4,5,5,6,10
서울,7월,드레스,기본 피팅비,선택,6,6,6,10,10
경인,7월,드레스,기본 피팅비,선택,5,5,6,6,9
5대 광역시,7월,드레스,기본 피팅비,선택,4,5,5,6,10
이외 지역,7월,드레스,기본 피팅비,선택,0,4,5,6,10
전국,6월,드레스,기본 피팅비,선택,5,5,6,8,10
수도권,6월,드레스,기본 피팅비,선택,5,6,6,10,10
비수도권,6월,드레스,기본 피팅비,선택,4,5,5,6,10
서울,6월,드레스,기본 피팅비,선택,6,6,6,10,10
경인,6월,드레스,기본 피팅비,선택,5,5,6,6,9
5대 광역시,6월,드레스,기본 피팅비,선택,4,5,5,6,10
이외 지역,6월,드레스,기본 피팅비,선택,0,4,5,6,10
전국,5월,드레스,기본 피팅비,선택,5,5,6,8,10
수도권,5월,드레스,기본 피팅비,선택,5,6,6,10,10
비수도권,5월,드레스,기본 피팅비,선택,4,5,5,6,10
서울,5월,드레스,기본 피팅비,선택,6,6,6,10,10
경인,5월,드레스,기본 피팅비,선택,5,5,6,6,9
5대 광역시,5월,드레스,기본 피팅비,선택,4,5,5,6,10
이외 지역,5월,드레스,기본 피팅비,선택,0,4,5,6,10
전국,4월,드레스,추가 피팅비,선택,2,4,6,8,10
수도권,4월,드레스,추가 피팅비,선택,4,6,6,10,10
비수도권,4월,드레스,추가 피팅비,선택,2,2,4,6,10
서울,4월,드레스,추가 피팅비,선택,5,6,6,10,10
경인,4월,드레스,추가 피팅비,선택,4,4,6,6,10
5대 광역시,4월,드레스,추가 피팅비,선택,2,2,4,6,8
이외 지역,4월,드레스,추가 피팅비,선택,1,2,6,7,10
전국,3월,드레스,추가 피팅비,선택,2,4,6,7,10
수도권,3월,드레스,추가 피팅비,선택,4,6,6,10,10
비수도권,3월,드레스,추가 피팅비,선택,2,3,4,6,10
서울,3월,드레스,추가 피팅비,선택,5,6,6,10,10
경인,3월,드레스,추가 피팅비,선택,4,4,6,6,10
5대 광역시,3월,드레스,추가 피팅비,선택,2,3,4,6,7
이외 지역,3월,드레스,추가 피팅비,선택,1,2,6,7,10
전국,2월,드레스,추가 피팅비,선택,2,4,6,6,10
수도권,2월,드레스,추가 피팅비,선택,5,6,6,10,10
비수도권,2월,드레스,추가 피팅비,선택,2,3,4,6,10
서울,2월,드레스,추가 피팅비,선택,5,6,6,10,10
경인,2월,드레스,추가 피팅비,선택,4,4,6,6,10
5대 광역시,2월,드레스,추가 피팅비,선택,2,3,4,6,7
이외 지역,2월,드레스,추가 피팅비,선택,1,2,6,7,10
전국,1월,드레스,추가 피팅비,선택,2,4,6,6,10
수도권,1월,드레스,추가 피팅비,선택,4,6,6,10,10
비수도권,1월,드레스,추가 피팅비,선택,2,3,4,6,10
서울,1월,드레스,추가 피팅비,선택,5,6,6,10,10
경인,1월,드레스,추가 피팅비,선택,4,4,6,6,10
5대 광역시,1월,드레스,추가 피팅비,선택,2,3,4,6,8
이외 지역,1월,드레스,추가 피팅비,선택,1,2,6,8,10
전국,12월,드레스,추가 피팅비,선택,2,4,6,6,10
수도권,12월,드레스,추가 피팅비,선택,4,6,6,10,10
비수도권,12월,드레스,추가 피팅비,선택,2,3,4,6,10
서울,12월,드레스,추가 피팅비,선택,5,6,6,10,10
경인,12월,드레스,추가 피팅비,선택,4,4,6,6,10
5대 광역시,12월,드레스,추가 피팅비,선택,2,3,4,6,8
이외 지역,12월,드레스,추가 피팅비,선택,1,2,6,8,10
전국,11월,드레스,추가 피팅비,선택,2,4,6,6,10
수도권,11월,드레스,추가 피팅비,선택,4,6,6,10,10
비수도권,11월,드레스,추가 피팅비,선택,2,3,4,6,10
서울,11월,드레스,추가 피팅비,선택,5,6,6,10,10
경인,11월,드레스,추가 피팅비,선택,4,4,6,6,10
5대 광역시,11월,드레스,추가 피팅비,선택,2,3,4,6,8
이외 지역,11월,드레스,추가 피팅비,선택,1,2,5,7,10
전국,10월,드레스,추가 피팅비,선택,2,4,6,6,10
수도권,10월,드레스,추가 피팅비,선택,4,6,6,10,10
비수도권,10월,드레스,추가 피팅비,선택,2,3,4,6,10
서울,10월,드레스,추가 피팅비,선택,5,6,6,10,10
경인,10월,드레스,추가 피팅비,선택,4,4,6,6,-
5대 광역시,10월,드레스,추가 피팅비,선택,2,3,4,6,8
이외 지역,10월,드레스,추가 피팅비,선택,1,2,5,7,10
전국,9월,드레스,추가 피팅비,선택,2,4,6,6,10
수도권,9월,드레스,추가 피팅비,선택,4,6,6,10,10
비수도권,9월,드레스,추가 피팅비,선택,2,3,4,6,10
서울,9월,드레스,추가 피팅비,선택,5,6,6,10,10
경인,9월,드레스,추가 피팅비,선택,4,4,6,6,10
5대 광역시,9월,드레스,추가 피팅비,선택,2,3,4,5,9
이외 지역,9월,드레스,추가 피팅비,선택,1,2,5,8,10
전국,8월,드레스,추가 피팅비,선택,2,4,6,6,10
수도권,8월,드레스,추가 피팅비,선택,4,6,6,10,10
비수도권,8월,드레스,추가 피팅비,선택,2,3,4,6,10
서울,8월,드레스,추가 피팅비,선택,5,6,6,10,10
경인,8월,드레스,추가 피팅비,선택,4,4,6,6,10
5대 광역시,8월,드레스,추가 피팅비,선택,2,3,4,6,8
이외 지역,8월,드레스,추가 피팅비,선택,1,2,5,8,10
전국,7월,드레스,추가 피팅비,선택,2,4,6,6,10
수도권,7월,드레스,추가 피팅비,선택,4,6,6,8,10
비수도권,7월,드레스,추가 피팅비,선택,2,3,4,6,8
서울,7월,드레스,추가 피팅비,선택,5,6,6,8,10
경인,7월,드레스,추가 피팅비,선택,4,4,6,6,10
5대 광역시,7월,드레스,추가 피팅비,선택,2,3,4,6,6
이외 지역,7월,드레스,추가 피팅비,선택,1,2,5,8,10
전국,6월,드레스,추가 피팅비,선택,2,4,6,6,10
수도권,6월,드레스,추가 피팅비,선택,4,6,6,8,10
비수도권,6월,드레스,추가 피팅비,선택,2,3,4,6,8
서울,6월,드레스,추가 피팅비,선택,5,6,6,8,10
경인,6월,드레스,추가 피팅비,선택,4,4,6,6,10
5대 광역시,6월,드레스,추가 피팅비,선택,2,3,4,6,6
이외 지역,6월,드레스,추가 피팅비,선택,1,2,5,8,10
전국,5월,드레스,추가 피팅비,선택,2,4,6,6,10
수도권,5월,드레스,추가 피팅비,선택,4,6,6,8,10
비수도권,5월,드레스,추가 피팅비,선택,2,3,4,6,8
서울,5월,드레스,추가 피팅비,선택,4,6,6,8,10
경인,5월,드레스,추가 피팅비,선택,4,4,6,6,10
5대 광역시,5월,드레스,추가 피팅비,선택,2,3,4,6,6
이외 지역,5월,드레스,추가 피팅비,선택,1,2,5,8,10
전국,4월,드레스,재가봉비,선택,6,6,10,11,11
수도권,4월,드레스,재가봉비,선택,6,6,10,11,11
비수도권,4월,드레스,재가봉비,선택,4,7,10,11,11
서울,4월,드레스,재가봉비,선택,6,6,10,11,11
경인,4월,드레스,재가봉비,선택,6,6,6,8,10
5대 광역시,4월,드레스,재가봉비,선택,5,8,10,11,11
이외 지역,4월,드레스,재가봉비,선택,0,6,10,11,-
전국,3월,드레스,재가봉비,선택,6,6,10,11,11
수도권,3월,드레스,재가봉비,선택,6,6,10,11,11
비수도권,3월,드레스,재가봉비,선택,4,8,10,11,11
서울,3월,드레스,재가봉비,선택,6,6,10,11,11
경인,3월,드레스,재가봉비,선택,6,6,6,8,10
5대 광역시,3월,드레스,재가봉비,선택,5,8,10,11,11
이외 지역,3월,드레스,재가봉비,선택,0,6,10,11,-
전국,2월,드레스,재가봉비,선택,6,6,10,11,11
수도권,2월,드레스,재가봉비,선택,6,6,10,11,11
비수도권,2월,드레스,재가봉비,선택,4,8,10,11,11
서울,2월,드레스,재가봉비,선택,6,6,10,11,11
경인,2월,드레스,재가봉비,선택,6,6,6,8,10
5대 광역시,2월,드레스,재가봉비,선택,5,8,10,11,11
이외 지역,2월,드레스,재가봉비,선택,0,6,10,11,-
전국,1월,드레스,재가봉비,선택,6,6,10,11,11
수도권,1월,드레스,재가봉비,선택,6,6,10,11,11
비수도권,1월,드레스,재가봉비,선택,4,8,10,11,11
서울,1월,드레스,재가봉비,선택,6,6,10,11,11
경인,1월,드레스,재가봉비,선택,6,6,6,6,10
5대 광역시,1월,드레스,재가봉비,선택,5,8,10,11,11
이외 지역,1월,드레스,재가봉비,선택,0,6,10,11,-
전국,12월,드레스,재가봉비,선택,6,6,10,11,11
수도권,12월,드레스,재가봉비,선택,6,6,10,11,11
비수도권,12월,드레스,재가봉비,선택,4,8,10,11,11
서울,12월,드레스,재가봉비,선택,6,6,10,11,11
경인,12월,드레스,재가봉비,선택,6,6,6,6,10
5대 광역시,12월,드레스,재가봉비,선택,5,8,10,11,11
이외 지역,12월,드레스,재가봉비,선택,0,6,10,11,-
전국,11월,드레스,재가봉비,선택,6,6,10,11,11
수도권,11월,드레스,재가봉비,선택,6,6,10,11,11
비수도권,11월,드레스,재가봉비,선택,4,8,10,11,11
서울,11월,드레스,재가봉비,선택,6,6,10,11,11
경인,11월,드레스,재가봉비,선택,6,6,6,6,10
5대 광역시,11월,드레스,재가봉비,선택,5,8,10,11,11
이외 지역,11월,드레스,재가봉비,선택,0,6,10,11,-
전국,10월,드레스,재가봉비,선택,6,6,10,11,11
수도권,10월,드레스,재가봉비,선택,6,6,10,11,11
비수도권,10월,드레스,재가봉비,선택,4,8,10,11,11
서울,10월,드레스,재가봉비,선택,6,6,10,11,11
경인,10월,드레스,재가봉비,선택,6,6,6,8,-
5대 광역시,10월,드레스,재가봉비,선택,5,8,10,11,11
이외 지역,10월,드레스,재가봉비,선택,0,6,10,11,-
전국,9월,드레스,재가봉비,선택,6,6,10,11,11
수도권,9월,드레스,재가봉비,선택,6,6,10,11,11
비수도권,9월,드레스,재가봉비,선택,4,6,10,11,11
서울,9월,드레스,재가봉비,선택,6,6,10,11,11
경인,9월,드레스,재가봉비,선택,6,6,6,6,10
5대 광역시,9월,드레스,재가봉비,선택,5,6,10,11,11
이외 지역,9월,드레스,재가봉비,선택,0,6,6,10,-
전국,8월,드레스,재가봉비,선택,6,6,10,11,11
수도권,8월,드레스,재가봉비,선택,6,6,10,11,11
비수도권,8월,드레스,재가봉비,선택,4,6,10,11,11
서울,8월,드레스,재가봉비,선택,6,6,10,11,11
경인,8월,드레스,재가봉비,선택,6,6,6,6,10
5대 광역시,8월,드레스,재가봉비,선택,5,6,10,11,11
이외 지역,8월,드레스,재가봉비,선택,0,6,6,10,-
전국,7월,드레스,재가봉비,선택,6,6,10,10,11
수도권,7월,드레스,재가봉비,선택,6,6,10,10,11
비수도권,7월,드레스,재가봉비,선택,3,6,10,10,11
서울,7월,드레스,재가봉비,선택,6,6,10,11,11
경인,7월,드레스,재가봉비,선택,6,6,6,6,10
5대 광역시,7월,드레스,재가봉비,선택,3,6,10,11,11
이외 지역,7월,드레스,재가봉비,선택,0,6,6,10,-
전국,6월,드레스,재가봉비,선택,6,6,10,10,11
수도권,6월,드레스,재가봉비,선택,6,6,10,10,11
비수도권,6월,드레스,재가봉비,선택,3,6,10,10,11
서울,6월,드레스,재가봉비,선택,6,6,10,11,11
경인,6월,드레스,재가봉비,선택,6,6,6,6,10
5대 광역시,6월,드레스,재가봉비,선택,3,6,10,11,11
이외 지역,6월,드레스,재가봉비,선택,0,6,6,10,-
전국,5월,드레스,재가봉비,선택,6,6,10,10,11
수도권,5월,드레스,재가봉비,선택,6,6,10,10,11
비수도권,5월,드레스,재가봉비,선택,3,6,10,10,11
서울,5월,드레스,재가봉비,선택,6,6,10,11,11
경인,5월,드레스,재가봉비,선택,6,6,6,6,10
5대 광역시,5월,드레스,재가봉비,선택,3,6,10,11,11
이외 지역,5월,드레스,재가봉비,선택,0,6,6,10,-
전국,4월,드레스,가봉스냅,선택,29,44,75,99,100
수도권,4월,드레스,가봉스냅,선택,28,44,75,99,100
비수도권,4월,드레스,가봉스냅,선택,10,54,66,77,89
서울,4월,드레스,가봉스냅,선택,27,44,75,99,100
경인,4월,드레스,가봉스냅,선택,50,50,64,-,-
5대 광역시,4월,드레스,가봉스냅,선택,50,66,72,85,-
이외 지역,4월,드레스,가봉스냅,선택,0,8,50,73,-
전국,3월,드레스,가봉스냅,선택,29,45,75,99,100
수도권,3월,드레스,가봉스냅,선택,28,44,75,99,100
비수도권,3월,드레스,가봉스냅,선택,10,54,66,77,89
서울,3월,드레스,가봉스냅,선택,27,44,75,99,100
경인,3월,드레스,가봉스냅,선택,50,50,64,-,-
5대 광역시,3월,드레스,가봉스냅,선택,50,66,72,85,-
이외 지역,3월,드레스,가봉스냅,선택,0,8,50,73,-
전국,2월,드레스,가봉스냅,선택,32,44,75,99,100
수도권,2월,드레스,가봉스냅,선택,31,44,75,99,100
비수도권,2월,드레스,가봉스냅,선택,10,54,66,77,89
서울,2월,드레스,가봉스냅,선택,31,44,75,100,100
경인,2월,드레스,가봉스냅,선택,50,50,64,-,-
5대 광역시,2월,드레스,가봉스냅,선택,50,66,72,85,-
이외 지역,2월,드레스,가봉스냅,선택,0,8,50,73,-
전국,1월,드레스,가봉스냅,선택,31,45,75,99,100
수도권,1월,드레스,가봉스냅,선택,30,44,75,100,100
비수도권,1월,드레스,가봉스냅,선택,13,58,66,83,95
서울,1월,드레스,가봉스냅,선택,30,44,75,100,100
경인,1월,드레스,가봉스냅,선택,50,50,50,-,-
5대 광역시,1월,드레스,가봉스냅,선택,50,66,77,89,-
이외 지역,1월,드레스,가봉스냅,선택,0,8,50,73,-
전국,12월,드레스,가봉스냅,선택,31,44,75,99,100
수도권,12월,드레스,가봉스냅,선택,30,44,75,100,100
비수도권,12월,드레스,가봉스냅,선택,13,58,66,83,95
서울,12월,드레스,가봉스냅,선택,30,44,75,100,100
경인,12월,드레스,가봉스냅,선택,50,50,50,-,-
5대 광역시,12월,드레스,가봉스냅,선택,50,66,77,89,-
이외 지역,12월,드레스,가봉스냅,선택,0,8,50,73,-
전국,11월,드레스,가봉스냅,선택,31,44,75,99,100
수도권,11월,드레스,가봉스냅,선택,30,44,75,99,100
비수도권,11월,드레스,가봉스냅,선택,13,58,66,83,95
서울,11월,드레스,가봉스냅,선택,29,44,75,100,100
경인,11월,드레스,가봉스냅,선택,50,50,50,-,-
5대 광역시,11월,드레스,가봉스냅,선택,50,66,77,89,-
이외 지역,11월,드레스,가봉스냅,선택,0,8,50,73,-
전국,10월,드레스,가봉스냅,선택,31,44,75,99,100
수도권,10월,드레스,가봉스냅,선택,30,44,75,99,100
비수도권,10월,드레스,가봉스냅,선택,13,58,66,83,95
서울,10월,드레스,가봉스냅,선택,29,44,75,100,100
경인,10월,드레스,가봉스냅,선택,50,50,50,-,-
5대 광역시,10월,드레스,가봉스냅,선택,50,66,77,89,-
이외 지역,10월,드레스,가봉스냅,선택,0,8,50,73,-
전국,9월,드레스,가봉스냅,선택,31,44,75,99,100
수도권,9월,드레스,가봉스냅,선택,30,44,75,99,100
비수도권,9월,드레스,가봉스냅,선택,13,58,66,83,95
서울,9월,드레스,가봉스냅,선택,30,41,75,99,100
경인,9월,드레스,가봉스냅,선택,50,50,50,-,-
5대 광역시,9월,드레스,가봉스냅,선택,50,66,77,89,-
이외 지역,9월,드레스,가봉스냅,선택,0,8,50,73,-
전국,8월,드레스,가봉스냅,선택,31,44,75,99,100
수도권,8월,드레스,가봉스냅,선택,30,44,75,99,100
비수도권,8월,드레스,가봉스냅,선택,13,58,66,83,95
서울,8월,드레스,가봉스냅,선택,29,44,75,100,100
경인,8월,드레스,가봉스냅,선택,50,50,50,-,-
5대 광역시,8월,드레스,가봉스냅,선택,50,66,77,89,-
이외 지역,8월,드레스,가봉스냅,선택,0,8,50,73,-
전국,7월,드레스,가봉스냅,선택,31,44,75,99,100
수도권,7월,드레스,가봉스냅,선택,30,44,75,99,100
비수도권,7월,드레스,가봉스냅,선택,13,58,66,83,95
서울,7월,드레스,가봉스냅,선택,29,44,75,100,100
경인,7월,드레스,가봉스냅,선택,50,50,50,-,-
5대 광역시,7월,드레스,가봉스냅,선택,50,66,77,89,-
이외 지역,7월,드레스,가봉스냅,선택,0,8,50,73,-
전국,6월,드레스,가봉스냅,선택,31,44,75,99,100
수도권,6월,드레스,가봉스냅,선택,30,44,75,99,100
비수도권,6월,드레스,가봉스냅,선택,13,58,66,83,95
서울,6월,드레스,가봉스냅,선택,29,44,75,100,100
경인,6월,드레스,가봉스냅,선택,50,50,50,-,-
5대 광역시,6월,드레스,가봉스냅,선택,50,66,77,89,-
이외 지역,6월,드레스,가봉스냅,선택,0,8,50,73,-
전국,5월,드레스,가봉스냅,선택,31,44,75,99,100
수도권,5월,드레스,가봉스냅,선택,30,44,75,99,100
비수도권,5월,드레스,가봉스냅,선택,13,58,66,83,95
서울,5월,드레스,가봉스냅,선택,29,44,75,100,100
경인,5월,드레스,가봉스냅,선택,50,50,50,-,-
5대 광역시,5월,드레스,가봉스냅,선택,50,66,77,89,-
이외 지역,5월,드레스,가봉스냅,선택,0,8,50,73,-
전국,4월,드레스,드레스 지정비,선택,8,55,88,140,200
수도권,4월,드레스,드레스 지정비,선택,8,50,73,100,143
비수도권,4월,드레스,드레스 지정비,선택,40,83,130,200,300
서울,4월,드레스,드레스 지정비,선택,8,50,83,100,155
경인,4월,드레스,드레스 지정비,선택,8,32,65,77,-
5대 광역시,4월,드레스,드레스 지정비,선택,35,100,165,263,300
이외 지역,4월,드레스,드레스 지정비,선택,22,58,88,127,165
전국,3월,드레스,드레스 지정비,선택,10,56,90,165,198
수도권,3월,드레스,드레스 지정비,선택,8,50,73,100,143
비수도권,3월,드레스,드레스 지정비,선택,55,91,165,165,300
서울,3월,드레스,드레스 지정비,선택,8,50,83,100,155
경인,3월,드레스,드레스 지정비,선택,8,32,65,77,-
5대 광역시,3월,드레스,드레스 지정비,선택,83,125,165,250,300
이외 지역,3월,드레스,드레스 지정비,선택,22,58,88,127,165
전국,2월,드레스,드레스 지정비,선택,30,65,97,165,200
수도권,2월,드레스,드레스 지정비,선택,23,55,83,110,157
비수도권,2월,드레스,드레스 지정비,선택,55,91,165,165,300
서울,2월,드레스,드레스 지정비,선택,30,55,83,118,163
경인,2월,드레스,드레스 지정비,선택,8,32,65,77,-
5대 광역시,2월,드레스,드레스 지정비,선택,83,125,165,250,300
이외 지역,2월,드레스,드레스 지정비,선택,22,58,88,127,165
전국,1월,드레스,드레스 지정비,선택,30,65,100,165,250
수도권,1월,드레스,드레스 지정비,선택,30,55,83,110,160
비수도권,1월,드레스,드레스 지정비,선택,55,100,165,165,300
서울,1월,드레스,드레스 지정비,선택,30,55,83,118,163
경인,1월,드레스,드레스 지정비,선택,55,55,65,-,-
5대 광역시,1월,드레스,드레스 지정비,선택,83,125,165,250,300
이외 지역,1월,드레스,드레스 지정비,선택,22,58,88,127,165
전국,12월,드레스,드레스 지정비,선택,30,65,100,165,250
수도권,12월,드레스,드레스 지정비,선택,30,55,83,100,154
비수도권,12월,드레스,드레스 지정비,선택,55,100,165,165,300
서울,12월,드레스,드레스 지정비,선택,30,55,83,108,157
경인,12월,드레스,드레스 지정비,선택,55,55,65,-,-
5대 광역시,12월,드레스,드레스 지정비,선택,83,125,165,250,300
이외 지역,12월,드레스,드레스 지정비,선택,22,58,88,127,165
전국,11월,드레스,드레스 지정비,선택,30,65,100,165,250
수도권,11월,드레스,드레스 지정비,선택,30,55,83,100,141
비수도권,11월,드레스,드레스 지정비,선택,55,97,165,174,300
서울,11월,드레스,드레스 지정비,선택,30,55,83,100,146
경인,11월,드레스,드레스 지정비,선택,55,55,65,-,-
5대 광역시,11월,드레스,드레스 지정비,선택,83,128,165,250,300
이외 지역,11월,드레스,드레스 지정비,선택,22,58,88,127,165
전국,10월,드레스,드레스 지정비,선택,30,65,100,165,250
수도권,10월,드레스,드레스 지정비,선택,30,55,83,100,141
비수도권,10월,드레스,드레스 지정비,선택,55,97,165,174,300
서울,10월,드레스,드레스 지정비,선택,30,55,83,100,146
경인,10월,드레스,드레스 지정비,선택,55,55,65,-,-
5대 광역시,10월,드레스,드레스 지정비,선택,83,128,165,250,300
이외 지역,10월,드레스,드레스 지정비,선택,22,58,88,127,165
전국,9월,드레스,드레스 지정비,선택,30,65,100,165,240
수도권,9월,드레스,드레스 지정비,선택,30,40,75,100,154
비수도권,9월,드레스,드레스 지정비,선택,48,100,165,165,300
서울,9월,드레스,드레스 지정비,선택,26,40,83,100,156
경인,9월,드레스,드레스 지정비,선택,40,40,53,-,-
5대 광역시,9월,드레스,드레스 지정비,선택,72,128,165,250,300
이외 지역,9월,드레스,드레스 지정비,선택,0,60,100,160,-
전국,8월,드레스,드레스 지정비,선택,30,64,100,165,270
수도권,8월,드레스,드레스 지정비,선택,23,38,75,93,144
비수도권,8월,드레스,드레스 지정비,선택,48,100,165,165,300
서울,8월,드레스,드레스 지정비,선택,19,33,75,98,147
경인,8월,드레스,드레스 지정비,선택,40,40,53,-,-
5대 광역시,8월,드레스,드레스 지정비,선택,72,128,165,250,300
이외 지역,8월,드레스,드레스 지정비,선택,0,60,100,160,-
전국,7월,드레스,드레스 지정비,선택,30,64,100,165,280
수도권,7월,드레스,드레스 지정비,선택,21,35,75,95,146
비수도권,7월,드레스,드레스 지정비,선택,48,100,165,165,300
서울,7월,드레스,드레스 지정비,선택,17,30,75,100,148
경인,7월,드레스,드레스 지정비,선택,40,40,53,-,-
5대 광역시,7월,드레스,드레스 지정비,선택,72,128,165,250,300
이외 지역,7월,드레스,드레스 지정비,선택,0,60,100,160,-
전국,6월,드레스,드레스 지정비,선택,30,64,100,165,280
수도권,6월,드레스,드레스 지정비,선택,21,35,75,95,146
비수도권,6월,드레스,드레스 지정비,선택,48,100,165,165,300
서울,6월,드레스,드레스 지정비,선택,17,30,75,100,148
경인,6월,드레스,드레스 지정비,선택,40,40,53,-,-
5대 광역시,6월,드레스,드레스 지정비,선택,72,128,165,250,300
이외 지역,6월,드레스,드레스 지정비,선택,0,60,100,160,-
전국,5월,드레스,드레스 지정비,선택,8,30,115,165,300
수도권,5월,드레스,드레스 지정비,선택,8,30,30,66,83
비수도권,5월,드레스,드레스 지정비,선택,26,143,165,233,300
서울,5월,드레스,드레스 지정비,선택,8,30,30,74,83
경인,5월,드레스,드레스 지정비,선택,40,40,40,-,-
5대 광역시,5월,드레스,드레스 지정비,선택,51,160,165,300,300
이외 지역,5월,드레스,드레스 지정비,선택,0,21,124,165,-
전국,4월,드레스,디자인 추가,선택,50,72,115,150,400
수도권,4월,드레스,디자인 추가,선택,46,66,88,138,550
비수도권,4월,드레스,디자인 추가,선택,64,83,130,179,182
서울,4월,드레스,디자인 추가,선택,44,66,110,154,550
경인,4월,드레스,디자인 추가,선택,61,75,75,107,130
5대 광역시,4월,드레스,디자인 추가,선택,62,102,150,182,192
이외 지역,4월,드레스,디자인 추가,선택,47,75,83,83,127
전국,3월,드레스,디자인 추가,선택,50,72,115,154,278
수도권,3월,드레스,디자인 추가,선택,46,66,88,138,550
비수도권,3월,드레스,디자인 추가,선택,68,83,141,180,182
서울,3월,드레스,디자인 추가,선택,44,66,110,154,550
경인,3월,드레스,디자인 추가,선택,61,75,75,107,130
5대 광역시,3월,드레스,디자인 추가,선택,67,115,150,180,185
이외 지역,3월,드레스,디자인 추가,선택,47,75,83,83,127
전국,2월,드레스,디자인 추가,선택,50,72,115,154,354
수도권,2월,드레스,디자인 추가,선택,44,66,88,142,550
비수도권,2월,드레스,디자인 추가,선택,68,83,141,180,182
서울,2월,드레스,디자인 추가,선택,44,66,110,154,550
경인,2월,드레스,디자인 추가,선택,61,75,75,107,130
5대 광역시,2월,드레스,디자인 추가,선택,67,115,150,180,185
이외 지역,2월,드레스,디자인 추가,선택,47,75,83,83,127
전국,1월,드레스,디자인 추가,선택,50,72,115,170,400
수도권,1월,드레스,디자인 추가,선택,45,66,88,154,550
비수도권,1월,드레스,디자인 추가,선택,68,83,145,180,182
서울,1월,드레스,디자인 추가,선택,44,66,110,174,550
경인,1월,드레스,디자인 추가,선택,57,75,75,99,130
5대 광역시,1월,드레스,디자인 추가,선택,68,115,150,180,184
이외 지역,1월,드레스,디자인 추가,선택,47,75,83,83,127
전국,12월,드레스,디자인 추가,선택,50,72,115,178,400
수도권,12월,드레스,디자인 추가,선택,44,66,88,146,550
비수도권,12월,드레스,디자인 추가,선택,69,83,148,180,182
서울,12월,드레스,디자인 추가,선택,44,66,110,161,550
경인,12월,드레스,디자인 추가,선택,57,75,75,99,130
5대 광역시,12월,드레스,디자인 추가,선택,69,118,150,180,182
이외 지역,12월,드레스,디자인 추가,선택,47,75,83,83,127
전국,11월,드레스,디자인 추가,선택,50,72,115,159,385
수도권,11월,드레스,디자인 추가,선택,44,66,83,138,550
비수도권,11월,드레스,디자인 추가,선택,69,83,148,180,182
서울,11월,드레스,디자인 추가,선택,44,66,88,154,550
경인,11월,드레스,디자인 추가,선택,57,75,75,99,130
5대 광역시,11월,드레스,디자인 추가,선택,69,118,150,180,182
이외 지역,11월,드레스,디자인 추가,선택,47,75,83,83,127
전국,10월,드레스,디자인 추가,선택,50,70,115,180,400
수도권,10월,드레스,디자인 추가,선택,44,66,83,154,550
비수도권,10월,드레스,디자인 추가,선택,69,83,150,180,182
서울,10월,드레스,디자인 추가,선택,44,66,88,154,550
경인,10월,드레스,디자인 추가,선택,45,70,75,87,-
5대 광역시,10월,드레스,디자인 추가,선택,69,117,150,180,182
이외 지역,10월,드레스,디자인 추가,선택,44,75,81,83,112
전국,9월,드레스,디자인 추가,선택,50,69,115,154,400
수도권,9월,드레스,디자인 추가,선택,44,66,83,142,550
비수도권,9월,드레스,디자인 추가,선택,67,83,145,180,182
서울,9월,드레스,디자인 추가,선택,44,66,88,154,550
경인,9월,드레스,디자인 추가,선택,53,75,75,75,109
5대 광역시,9월,드레스,디자인 추가,선택,67,115,150,182,187
이외 지역,9월,드레스,디자인 추가,선택,44,75,81,83,112
전국,8월,드레스,디자인 추가,선택,50,72,115,179,400
수도권,8월,드레스,디자인 추가,선택,44,66,83,142,550
비수도권,8월,드레스,디자인 추가,선택,69,83,150,180,182
서울,8월,드레스,디자인 추가,선택,44,66,88,154,550
경인,8월,드레스,디자인 추가,선택,53,75,75,75,109
5대 광역시,8월,드레스,디자인 추가,선택,69,117,150,180,182
이외 지역,8월,드레스,디자인 추가,선택,44,75,81,83,112
전국,7월,드레스,디자인 추가,선택,50,72,115,180,400
수도권,7월,드레스,디자인 추가,선택,44,66,83,142,550
비수도권,7월,드레스,디자인 추가,선택,68,83,150,180,182
서울,7월,드레스,디자인 추가,선택,44,66,88,154,550
경인,7월,드레스,디자인 추가,선택,53,75,75,75,109
5대 광역시,7월,드레스,디자인 추가,선택,69,117,150,180,182
이외 지역,7월,드레스,디자인 추가,선택,40,75,83,83,-
전국,6월,드레스,디자인 추가,선택,50,75,121,180,400
수도권,6월,드레스,디자인 추가,선택,50,65,83,154,550
비수도권,6월,드레스,디자인 추가,선택,68,83,150,180,182
서울,6월,드레스,디자인 추가,선택,50,65,113,220,550
경인,6월,드레스,디자인 추가,선택,53,75,75,75,109
5대 광역시,6월,드레스,디자인 추가,선택,68,121,150,180,183
이외 지역,6월,드레스,디자인 추가,선택,40,75,83,83,-
전국,5월,드레스,디자인 추가,선택,50,75,123,180,400
수도권,5월,드레스,디자인 추가,선택,50,66,91,154,550
비수도권,5월,드레스,디자인 추가,선택,68,83,150,180,182
서울,5월,드레스,디자인 추가,선택,48,65,115,220,550
경인,5월,드레스,디자인 추가,선택,53,75,75,75,109
5대 광역시,5월,드레스,디자인 추가,선택,68,121,150,180,183
이외 지역,5월,드레스,디자인 추가,선택,40,75,83,83,-
전국,4월,드레스,웨딩슈즈 대여,선택,0,0,0,6,10
수도권,4월,드레스,웨딩슈즈 대여,선택,0,0,0,6,6
비수도권,4월,드레스,웨딩슈즈 대여,선택,0,0,0,5,10
서울,4월,드레스,웨딩슈즈 대여,선택,0,0,2,6,6
경인,4월,드레스,웨딩슈즈 대여,선택,0,0,0,-,-
5대 광역시,4월,드레스,웨딩슈즈 대여,선택,0,0,0,0,7
이외 지역,4월,드레스,웨딩슈즈 대여,선택,0,1,8,10,-
전국,3월,드레스,웨딩슈즈 대여,선택,0,0,0,6,10
수도권,3월,드레스,웨딩슈즈 대여,선택,0,0,0,6,6
비수도권,3월,드레스,웨딩슈즈 대여,선택,0,0,0,5,10
서울,3월,드레스,웨딩슈즈 대여,선택,0,0,2,6,6
경인,3월,드레스,웨딩슈즈 대여,선택,0,0,0,-,-
5대 광역시,3월,드레스,웨딩슈즈 대여,선택,0,0,0,0,7
이외 지역,3월,드레스,웨딩슈즈 대여,선택,0,1,8,10,-
전국,2월,드레스,웨딩슈즈 대여,선택,0,0,0,6,6
수도권,2월,드레스,웨딩슈즈 대여,선택,0,0,0,6,6
비수도권,2월,드레스,웨딩슈즈 대여,선택,0,0,0,5,10
서울,2월,드레스,웨딩슈즈 대여,선택,0,0,2,6,6
경인,2월,드레스,웨딩슈즈 대여,선택,0,0,0,-,-
5대 광역시,2월,드레스,웨딩슈즈 대여,선택,0,0,0,0,7
이외 지역,2월,드레스,웨딩슈즈 대여,선택,0,1,8,10,-
전국,1월,드레스,웨딩슈즈 대여,선택,0,0,0,6,6
수도권,1월,드레스,웨딩슈즈 대여,선택,0,0,2,6,6
비수도권,1월,드레스,웨딩슈즈 대여,선택,0,0,0,1,10
서울,1월,드레스,웨딩슈즈 대여,선택,0,0,3,6,6
경인,1월,드레스,웨딩슈즈 대여,선택,0,0,0,-,-
5대 광역시,1월,드레스,웨딩슈즈 대여,선택,0,0,0,0,3
이외 지역,1월,드레스,웨딩슈즈 대여,선택,0,1,8,10,-
전국,12월,드레스,웨딩슈즈 대여,선택,0,0,0,6,6
수도권,12월,드레스,웨딩슈즈 대여,선택,0,0,2,6,6
비수도권,12월,드레스,웨딩슈즈 대여,선택,0,0,0,1,10
서울,12월,드레스,웨딩슈즈 대여,선택,0,0,3,6,6
경인,12월,드레스,웨딩슈즈 대여,선택,0,0,0,-,-
5대 광역시,12월,드레스,웨딩슈즈 대여,선택,0,0,0,0,3
이외 지역,12월,드레스,웨딩슈즈 대여,선택,0,1,8,10,-
전국,11월,드레스,웨딩슈즈 대여,선택,0,0,0,6,6
수도권,11월,드레스,웨딩슈즈 대여,선택,0,0,2,6,6
비수도권,11월,드레스,웨딩슈즈 대여,선택,0,0,0,1,10
서울,11월,드레스,웨딩슈즈 대여,선택,0,0,3,6,6
경인,11월,드레스,웨딩슈즈 대여,선택,0,0,0,-,-
5대 광역시,11월,드레스,웨딩슈즈 대여,선택,0,0,0,0,3
이외 지역,11월,드레스,웨딩슈즈 대여,선택,0,1,8,10,-
전국,10월,드레스,웨딩슈즈 대여,선택,0,0,0,6,6
수도권,10월,드레스,웨딩슈즈 대여,선택,0,0,2,6,6
비수도권,10월,드레스,웨딩슈즈 대여,선택,0,0,0,1,10
서울,10월,드레스,웨딩슈즈 대여,선택,0,0,3,6,6
경인,10월,드레스,웨딩슈즈 대여,선택,0,0,0,-,-
5대 광역시,10월,드레스,웨딩슈즈 대여,선택,0,0,0,0,3
이외 지역,10월,드레스,웨딩슈즈 대여,선택,0,1,8,10,-
전국,9월,드레스,웨딩슈즈 대여,선택,0,0,0,6,6
수도권,9월,드레스,웨딩슈즈 대여,선택,0,0,2,6,6
비수도권,9월,드레스,웨딩슈즈 대여,선택,0,0,0,1,10
서울,9월,드레스,웨딩슈즈 대여,선택,0,0,3,6,6
경인,9월,드레스,웨딩슈즈 대여,선택,0,0,0,-,-
5대 광역시,9월,드레스,웨딩슈즈 대여,선택,0,0,0,0,3
이외 지역,9월,드레스,웨딩슈즈 대여,선택,0,1,8,10,-
전국,8월,드레스,웨딩슈즈 대여,선택,0,0,0,6,6
수도권,8월,드레스,웨딩슈즈 대여,선택,0,0,2,6,6
비수도권,8월,드레스,웨딩슈즈 대여,선택,0,0,0,1,10
서울,8월,드레스,웨딩슈즈 대여,선택,0,0,3,6,6
경인,8월,드레스,웨딩슈즈 대여,선택,0,0,0,-,-
5대 광역시,8월,드레스,웨딩슈즈 대여,선택,0,0,0,0,3
이외 지역,8월,드레스,웨딩슈즈 대여,선택,0,1,8,10,-
전국,7월,드레스,웨딩슈즈 대여,선택,0,0,0,6,6
수도권,7월,드레스,웨딩슈즈 대여,선택,0,0,2,6,6
비수도권,7월,드레스,웨딩슈즈 대여,선택,0,0,0,1,10
서울,7월,드레스,웨딩슈즈 대여,선택,0,0,3,6,6
경인,7월,드레스,웨딩슈즈 대여,선택,0,0,0,-,-
5대 광역시,7월,드레스,웨딩슈즈 대여,선택,0,0,0,0,3
이외 지역,7월,드레스,웨딩슈즈 대여,선택,0,1,8,10,-
전국,6월,드레스,웨딩슈즈 대여,선택,0,0,0,6,6
수도권,6월,드레스,웨딩슈즈 대여,선택,0,0,2,6,6
비수도권,6월,드레스,웨딩슈즈 대여,선택,0,0,0,1,10
서울,6월,드레스,웨딩슈즈 대여,선택,0,0,3,6,6
경인,6월,드레스,웨딩슈즈 대여,선택,0,0,0,-,-
5대 광역시,6월,드레스,웨딩슈즈 대여,선택,0,0,0,0,3
이외 지역,6월,드레스,웨딩슈즈 대여,선택,0,1,8,10,-
전국,5월,드레스,웨딩슈즈 대여,선택,0,0,0,6,6
수도권,5월,드레스,웨딩슈즈 대여,선택,0,0,2,6,6
비수도권,5월,드레스,웨딩슈즈 대여,선택,0,0,0,1,10
서울,5월,드레스,웨딩슈즈 대여,선택,0,0,3,6,6
경인,5월,드레스,웨딩슈즈 대여,선택,0,0,0,-,-
5대 광역시,5월,드레스,웨딩슈즈 대여,선택,0,0,0,0,3
이외 지역,5월,드레스,웨딩슈즈 대여,선택,0,1,8,10,-
전국,4월,드레스,2부 드레스,선택,17,30,44,55,80
수도권,4월,드레스,2부 드레스,선택,18,39,50,65,77
비수도권,4월,드레스,2부 드레스,선택,15,20,33,44,80
서울,4월,드레스,2부 드레스,선택,32,40,50,66,77
경인,4월,드레스,2부 드레스,선택,17,17,17,38,52
5대 광역시,4월,드레스,2부 드레스,선택,15,20,33,44,80
이외 지역,4월,드레스,2부 드레스,선택,19,21,39,75,88
전국,3월,드레스,2부 드레스,선택,17,30,44,64,80
수도권,3월,드레스,2부 드레스,선택,18,39,50,65,77
비수도권,3월,드레스,2부 드레스,선택,15,20,33,62,80
서울,3월,드레스,2부 드레스,선택,32,40,50,66,77
경인,3월,드레스,2부 드레스,선택,17,17,17,38,52
5대 광역시,3월,드레스,2부 드레스,선택,15,20,33,55,80
이외 지역,3월,드레스,2부 드레스,선택,19,21,39,75,88
전국,2월,드레스,2부 드레스,선택,17,30,44,62,80
수도권,2월,드레스,2부 드레스,선택,17,39,44,62,77
비수도권,2월,드레스,2부 드레스,선택,15,20,33,62,80
서울,2월,드레스,2부 드레스,선택,30,40,50,65,77
경인,2월,드레스,2부 드레스,선택,17,17,17,38,52
5대 광역시,2월,드레스,2부 드레스,선택,15,20,33,55,80
이외 지역,2월,드레스,2부 드레스,선택,19,21,39,75,88
전국,1월,드레스,2부 드레스,선택,17,30,40,61,80
수도권,1월,드레스,2부 드레스,선택,17,39,44,61,76
비수도권,1월,드레스,2부 드레스,선택,15,20,33,62,80
서울,1월,드레스,2부 드레스,선택,32,40,50,65,77
경인,1월,드레스,2부 드레스,선택,17,17,17,23,45
5대 광역시,1월,드레스,2부 드레스,선택,15,20,33,55,80
이외 지역,1월,드레스,2부 드레스,선택,19,21,39,75,88
전국,12월,드레스,2부 드레스,선택,17,30,40,61,80
수도권,12월,드레스,2부 드레스,선택,17,39,44,62,77
비수도권,12월,드레스,2부 드레스,선택,15,20,33,58,80
서울,12월,드레스,2부 드레스,선택,32,40,50,65,77
경인,12월,드레스,2부 드레스,선택,17,17,17,23,45
5대 광역시,12월,드레스,2부 드레스,선택,15,20,33,53,80
이외 지역,12월,드레스,2부 드레스,선택,19,21,39,75,88
전국,11월,드레스,2부 드레스,선택,17,30,40,58,80
수도권,11월,드레스,2부 드레스,선택,17,38,44,59,73
비수도권,11월,드레스,2부 드레스,선택,15,20,33,58,80
서울,11월,드레스,2부 드레스,선택,31,40,50,65,77
경인,11월,드레스,2부 드레스,선택,17,17,17,23,45
5대 광역시,11월,드레스,2부 드레스,선택,15,20,33,53,80
이외 지역,11월,드레스,2부 드레스,선택,19,21,39,75,88
전국,10월,드레스,2부 드레스,선택,17,30,40,55,80
수도권,10월,드레스,2부 드레스,선택,20,39,44,55,70
비수도권,10월,드레스,2부 드레스,선택,15,20,33,58,80
서울,10월,드레스,2부 드레스,선택,30,40,50,62,72
경인,10월,드레스,2부 드레스,선택,17,17,18,35,49
5대 광역시,10월,드레스,2부 드레스,선택,15,20,33,53,80
이외 지역,10월,드레스,2부 드레스,선택,19,21,39,75,88
전국,9월,드레스,2부 드레스,선택,17,30,40,55,80
수도권,9월,드레스,2부 드레스,선택,17,35,44,55,70
비수도권,9월,드레스,2부 드레스,선택,15,20,33,58,80
서울,9월,드레스,2부 드레스,선택,30,39,50,61,71
경인,9월,드레스,2부 드레스,선택,17,17,17,23,45
5대 광역시,9월,드레스,2부 드레스,선택,15,20,33,53,80
이외 지역,9월,드레스,2부 드레스,선택,19,21,39,75,88
전국,8월,드레스,2부 드레스,선택,17,30,40,55,80
수도권,8월,드레스,2부 드레스,선택,17,36,44,55,70
비수도권,8월,드레스,2부 드레스,선택,15,20,33,58,80
서울,8월,드레스,2부 드레스,선택,30,40,50,62,72
경인,8월,드레스,2부 드레스,선택,17,17,17,23,45
5대 광역시,8월,드레스,2부 드레스,선택,15,20,33,53,80
이외 지역,8월,드레스,2부 드레스,선택,19,21,39,75,88
전국,7월,드레스,2부 드레스,선택,17,30,40,55,80
수도권,7월,드레스,2부 드레스,선택,17,36,44,55,70
비수도권,7월,드레스,2부 드레스,선택,15,20,33,58,80
서울,7월,드레스,2부 드레스,선택,30,40,50,62,72
경인,7월,드레스,2부 드레스,선택,17,17,17,23,45
5대 광역시,7월,드레스,2부 드레스,선택,15,20,33,53,80
이외 지역,7월,드레스,2부 드레스,선택,19,21,39,75,88
전국,6월,드레스,2부 드레스,선택,17,30,40,55,80
수도권,6월,드레스,2부 드레스,선택,17,36,44,55,70
비수도권,6월,드레스,2부 드레스,선택,15,20,33,58,80
서울,6월,드레스,2부 드레스,선택,30,40,50,62,72
경인,6월,드레스,2부 드레스,선택,17,17,17,23,45
5대 광역시,6월,드레스,2부 드레스,선택,15,20,33,53,80
이외 지역,6월,드레스,2부 드레스,선택,19,21,39,75,88
전국,5월,드레스,2부 드레스,선택,17,30,40,55,80
수도권,5월,드레스,2부 드레스,선택,17,35,44,55,70
비수도권,5월,드레스,2부 드레스,선택,15,20,33,58,80
서울,5월,드레스,2부 드레스,선택,30,39,50,63,73
경인,5월,드레스,2부 드레스,선택,17,17,17,23,45
5대 광역시,5월,드레스,2부 드레스,선택,15,20,33,53,80
이외 지역,5월,드레스,2부 드레스,선택,19,21,39,75,88
전국,4월,드레스,퍼스트웨어,선택,33,50,105,200,300
수도권,4월,드레스,퍼스트웨어,선택,33,55,110,220,300
비수도권,4월,드레스,퍼스트웨어,선택,36,39,66,200,214
서울,4월,드레스,퍼스트웨어,선택,33,55,110,220,300
경인,4월,드레스,퍼스트웨어,선택,22,22,74,-,-
5대 광역시,4월,드레스,퍼스트웨어,선택,34,39,55,200,210
이외 지역,4월,드레스,퍼스트웨어,선택,77,108,200,215,-
전국,3월,드레스,퍼스트웨어,선택,33,53,110,200,300
수도권,3월,드레스,퍼스트웨어,선택,33,55,110,220,300
비수도권,3월,드레스,퍼스트웨어,선택,39,39,165,200,200
서울,3월,드레스,퍼스트웨어,선택,33,55,110,220,300
경인,3월,드레스,퍼스트웨어,선택,22,22,74,-,-
5대 광역시,3월,드레스,퍼스트웨어,선택,38,39,127,200,200
이외 지역,3월,드레스,퍼스트웨어,선택,77,108,200,215,-
전국,2월,드레스,퍼스트웨어,선택,33,52,110,200,300
수도권,2월,드레스,퍼스트웨어,선택,33,54,110,220,300
비수도권,2월,드레스,퍼스트웨어,선택,39,39,165,200,200
서울,2월,드레스,퍼스트웨어,선택,33,55,110,220,300
경인,2월,드레스,퍼스트웨어,선택,22,22,74,-,-
5대 광역시,2월,드레스,퍼스트웨어,선택,38,39,127,200,200
이외 지역,2월,드레스,퍼스트웨어,선택,77,108,200,215,-
전국,1월,드레스,퍼스트웨어,선택,33,51,110,200,300
수도권,1월,드레스,퍼스트웨어,선택,33,53,100,235,300
비수도권,1월,드레스,퍼스트웨어,선택,39,39,165,200,200
서울,1월,드레스,퍼스트웨어,선택,33,53,105,243,300
경인,1월,드레스,퍼스트웨어,선택,22,22,22,-,-
5대 광역시,1월,드레스,퍼스트웨어,선택,39,39,127,200,200
이외 지역,1월,드레스,퍼스트웨어,선택,77,108,200,215,-
전국,12월,드레스,퍼스트웨어,선택,33,47,110,200,300
수도권,12월,드레스,퍼스트웨어,선택,33,52,100,250,300
비수도권,12월,드레스,퍼스트웨어,선택,39,39,146,200,200
서울,12월,드레스,퍼스트웨어,선택,33,53,100,250,300
경인,12월,드레스,퍼스트웨어,선택,22,22,22,-,-
5대 광역시,12월,드레스,퍼스트웨어,선택,39,39,118,200,200
이외 지역,12월,드레스,퍼스트웨어,선택,77,108,200,215,-
전국,11월,드레스,퍼스트웨어,선택,33,39,110,200,300
수도권,11월,드레스,퍼스트웨어,선택,33,50,100,250,300
비수도권,11월,드레스,퍼스트웨어,선택,39,39,146,200,200
서울,11월,드레스,퍼스트웨어,선택,33,52,100,250,300
경인,11월,드레스,퍼스트웨어,선택,22,22,22,-,-
5대 광역시,11월,드레스,퍼스트웨어,선택,39,39,118,200,200
이외 지역,11월,드레스,퍼스트웨어,선택,77,108,200,215,-
전국,10월,드레스,퍼스트웨어,선택,33,39,110,200,300
수도권,10월,드레스,퍼스트웨어,선택,33,50,100,250,300
비수도권,10월,드레스,퍼스트웨어,선택,39,39,146,200,200
서울,10월,드레스,퍼스트웨어,선택,33,52,100,250,300
경인,10월,드레스,퍼스트웨어,선택,22,22,22,-,-
5대 광역시,10월,드레스,퍼스트웨어,선택,39,39,118,200,200
이외 지역,10월,드레스,퍼스트웨어,선택,77,108,200,215,-
전국,9월,드레스,퍼스트웨어,선택,33,51,110,200,300
수도권,9월,드레스,퍼스트웨어,선택,33,53,110,275,300
비수도권,9월,드레스,퍼스트웨어,선택,39,39,165,200,200
서울,9월,드레스,퍼스트웨어,선택,33,53,110,275,300
경인,9월,드레스,퍼스트웨어,선택,-,-,-,-,-
5대 광역시,9월,드레스,퍼스트웨어,선택,39,39,127,200,200
이외 지역,9월,드레스,퍼스트웨어,선택,77,108,200,215,-
전국,8월,드레스,퍼스트웨어,선택,33,50,110,200,300
수도권,8월,드레스,퍼스트웨어,선택,33,53,110,288,300
비수도권,8월,드레스,퍼스트웨어,선택,39,39,165,200,200
서울,8월,드레스,퍼스트웨어,선택,33,53,110,288,300
경인,8월,드레스,퍼스트웨어,선택,-,-,-,-,-
5대 광역시,8월,드레스,퍼스트웨어,선택,39,39,127,200,200
이외 지역,8월,드레스,퍼스트웨어,선택,77,108,200,215,-
전국,7월,드레스,퍼스트웨어,선택,33,50,110,200,300
수도권,7월,드레스,퍼스트웨어,선택,33,53,110,288,300
비수도권,7월,드레스,퍼스트웨어,선택,39,39,165,200,200
서울,7월,드레스,퍼스트웨어,선택,33,53,110,288,300
경인,7월,드레스,퍼스트웨어,선택,-,-,-,-,-
5대 광역시,7월,드레스,퍼스트웨어,선택,39,39,127,200,200
이외 지역,7월,드레스,퍼스트웨어,선택,77,108,200,215,-
전국,6월,드레스,퍼스트웨어,선택,39,55,110,220,300
수도권,6월,드레스,퍼스트웨어,선택,35,55,110,300,300
비수도권,6월,드레스,퍼스트웨어,선택,39,39,165,200,200
서울,6월,드레스,퍼스트웨어,선택,35,55,110,300,300
경인,6월,드레스,퍼스트웨어,선택,-,-,-,-,-
5대 광역시,6월,드레스,퍼스트웨어,선택,39,39,127,200,200
이외 지역,6월,드레스,퍼스트웨어,선택,77,108,200,215,-
전국,5월,드레스,퍼스트웨어,선택,39,55,118,220,300
수도권,5월,드레스,퍼스트웨어,선택,35,55,110,300,300
비수도권,5월,드레스,퍼스트웨어,선택,39,39,165,200,200
서울,5월,드레스,퍼스트웨어,선택,35,55,110,300,300
경인,5월,드레스,퍼스트웨어,선택,-,-,-,-,-
5대 광역시,5월,드레스,퍼스트웨어,선택,39,39,127,200,200
이외 지역,5월,드레스,퍼스트웨어,선택,77,108,200,215,-
전국,4월,드레스,야외 예식,선택,3,5,15,22,31
수도권,4월,드레스,야외 예식,선택,5,11,18,31,31
비수도권,4월,드레스,야외 예식,선택,3,3,15,15,19
서울,4월,드레스,야외 예식,선택,5,11,17,30,31
경인,4월,드레스,야외 예식,선택,22,22,25,-,-
5대 광역시,4월,드레스,야외 예식,선택,3,3,15,15,19
이외 지역,4월,드레스,야외 예식,선택,5,7,13,15,-
전국,3월,드레스,야외 예식,선택,3,5,15,19,31
수도권,3월,드레스,야외 예식,선택,5,11,18,31,31
비수도권,3월,드레스,야외 예식,선택,3,3,15,15,16
서울,3월,드레스,야외 예식,선택,5,11,17,30,31
경인,3월,드레스,야외 예식,선택,22,22,25,-,-
5대 광역시,3월,드레스,야외 예식,선택,3,3,15,15,17
이외 지역,3월,드레스,야외 예식,선택,5,7,13,15,-
전국,2월,드레스,야외 예식,선택,3,5,15,18,30
수도권,2월,드레스,야외 예식,선택,5,11,15,30,31
비수도권,2월,드레스,야외 예식,선택,3,3,15,15,16
서울,2월,드레스,야외 예식,선택,5,10,11,30,31
경인,2월,드레스,야외 예식,선택,22,22,25,-,-
5대 광역시,2월,드레스,야외 예식,선택,3,3,15,15,17
이외 지역,2월,드레스,야외 예식,선택,5,7,13,15,-
전국,1월,드레스,야외 예식,선택,3,5,15,15,30
수도권,1월,드레스,야외 예식,선택,5,11,13,30,31
비수도권,1월,드레스,야외 예식,선택,3,3,15,15,15
서울,1월,드레스,야외 예식,선택,5,10,11,30,31
경인,1월,드레스,야외 예식,선택,22,22,24,-,-
5대 광역시,1월,드레스,야외 예식,선택,3,3,15,15,16
이외 지역,1월,드레스,야외 예식,선택,5,7,13,15,-
전국,12월,드레스,야외 예식,선택,3,5,15,15,30
수도권,12월,드레스,야외 예식,선택,5,11,11,30,31
비수도권,12월,드레스,야외 예식,선택,3,3,15,15,15
서울,12월,드레스,야외 예식,선택,5,10,11,30,31
경인,12월,드레스,야외 예식,선택,22,22,24,-,-
5대 광역시,12월,드레스,야외 예식,선택,3,3,15,15,16
이외 지역,12월,드레스,야외 예식,선택,5,7,13,15,-
전국,11월,드레스,야외 예식,선택,3,5,15,15,30
수도권,11월,드레스,야외 예식,선택,5,10,11,30,31
비수도권,11월,드레스,야외 예식,선택,3,3,15,15,15
서울,11월,드레스,야외 예식,선택,5,9,11,30,31
경인,11월,드레스,야외 예식,선택,22,22,24,-,-
5대 광역시,11월,드레스,야외 예식,선택,3,3,15,15,16
이외 지역,11월,드레스,야외 예식,선택,5,7,13,15,-
전국,10월,드레스,야외 예식,선택,3,5,15,15,30
수도권,10월,드레스,야외 예식,선택,5,10,11,30,31
비수도권,10월,드레스,야외 예식,선택,3,3,15,15,15
서울,10월,드레스,야외 예식,선택,5,9,11,30,31
경인,10월,드레스,야외 예식,선택,22,22,24,-,-
5대 광역시,10월,드레스,야외 예식,선택,3,3,15,15,16
이외 지역,10월,드레스,야외 예식,선택,5,7,13,15,-
전국,9월,드레스,야외 예식,선택,3,5,15,15,30
수도권,9월,드레스,야외 예식,선택,5,10,11,30,31
비수도권,9월,드레스,야외 예식,선택,3,3,15,15,15
서울,9월,드레스,야외 예식,선택,5,9,11,30,31
경인,9월,드레스,야외 예식,선택,22,22,24,-,-
5대 광역시,9월,드레스,야외 예식,선택,3,3,15,15,16
이외 지역,9월,드레스,야외 예식,선택,5,7,13,15,-
전국,8월,드레스,야외 예식,선택,3,5,15,15,30
수도권,8월,드레스,야외 예식,선택,5,10,11,30,31
비수도권,8월,드레스,야외 예식,선택,3,3,15,15,15
서울,8월,드레스,야외 예식,선택,5,9,11,30,31
경인,8월,드레스,야외 예식,선택,22,22,24,-,-
5대 광역시,8월,드레스,야외 예식,선택,3,3,15,15,16
이외 지역,8월,드레스,야외 예식,선택,5,7,13,15,-
전국,7월,드레스,야외 예식,선택,3,5,15,15,30
수도권,7월,드레스,야외 예식,선택,5,10,11,30,31
비수도권,7월,드레스,야외 예식,선택,3,3,15,15,15
서울,7월,드레스,야외 예식,선택,5,9,11,30,31
경인,7월,드레스,야외 예식,선택,22,22,24,-,-
5대 광역시,7월,드레스,야외 예식,선택,3,3,15,15,16
이외 지역,7월,드레스,야외 예식,선택,5,7,13,15,-
전국,6월,드레스,야외 예식,선택,3,5,15,15,30
수도권,6월,드레스,야외 예식,선택,5,10,11,30,31
비수도권,6월,드레스,야외 예식,선택,3,3,15,15,15
서울,6월,드레스,야외 예식,선택,5,9,11,30,31
경인,6월,드레스,야외 예식,선택,22,22,24,-,-
5대 광역시,6월,드레스,야외 예식,선택,3,3,15,15,16
이외 지역,6월,드레스,야외 예식,선택,5,7,13,15,-
전국,5월,드레스,야외 예식,선택,3,5,15,15,30
수도권,5월,드레스,야외 예식,선택,5,10,11,28,31
비수도권,5월,드레스,야외 예식,선택,3,3,15,15,15
서울,5월,드레스,야외 예식,선택,5,9,11,30,31
경인,5월,드레스,야외 예식,선택,22,22,24,-,-
5대 광역시,5월,드레스,야외 예식,선택,3,3,15,15,16
이외 지역,5월,드레스,야외 예식,선택,5,7,13,15,-
전국,4월,드레스,턱시도 대여,선택,5,12,23,30,30
수도권,4월,드레스,턱시도 대여,선택,10,13,24,30,30
비수도권,4월,드레스,턱시도 대여,선택,0,6,15,25,-
서울,4월,드레스,턱시도 대여,선택,10,12,28,30,30
경인,4월,드레스,턱시도 대여,선택,15,15,19,-,-
5대 광역시,4월,드레스,턱시도 대여,선택,0,4,18,28,-
이외 지역,4월,드레스,턱시도 대여,선택,0,6,15,24,-
전국,3월,드레스,턱시도 대여,선택,5,12,23,30,30
수도권,3월,드레스,턱시도 대여,선택,10,13,24,30,30
비수도권,3월,드레스,턱시도 대여,선택,0,6,15,25,-
서울,3월,드레스,턱시도 대여,선택,10,12,28,30,30
경인,3월,드레스,턱시도 대여,선택,15,15,19,-,-
5대 광역시,3월,드레스,턱시도 대여,선택,0,4,18,28,-
이외 지역,3월,드레스,턱시도 대여,선택,0,6,15,24,-
전국,2월,드레스,턱시도 대여,선택,7,11,20,30,30
수도권,2월,드레스,턱시도 대여,선택,11,12,23,30,30
비수도권,2월,드레스,턱시도 대여,선택,0,6,15,25,-
서울,2월,드레스,턱시도 대여,선택,10,11,24,30,30
경인,2월,드레스,턱시도 대여,선택,15,15,19,-,-
5대 광역시,2월,드레스,턱시도 대여,선택,0,4,18,28,-
이외 지역,2월,드레스,턱시도 대여,선택,0,6,15,24,-
전국,1월,드레스,턱시도 대여,선택,7,11,20,30,30
수도권,1월,드레스,턱시도 대여,선택,11,12,23,30,30
비수도권,1월,드레스,턱시도 대여,선택,0,6,15,25,-
서울,1월,드레스,턱시도 대여,선택,10,11,24,30,30
경인,1월,드레스,턱시도 대여,선택,15,15,19,-,-
5대 광역시,1월,드레스,턱시도 대여,선택,0,4,18,28,-
이외 지역,1월,드레스,턱시도 대여,선택,0,6,15,24,-
전국,12월,드레스,턱시도 대여,선택,7,11,20,30,30
수도권,12월,드레스,턱시도 대여,선택,11,12,23,30,30
비수도권,12월,드레스,턱시도 대여,선택,0,6,15,25,-
서울,12월,드레스,턱시도 대여,선택,10,11,24,30,30
경인,12월,드레스,턱시도 대여,선택,15,15,19,-,-
5대 광역시,12월,드레스,턱시도 대여,선택,0,4,18,28,-
이외 지역,12월,드레스,턱시도 대여,선택,0,6,15,24,-
전국,11월,드레스,턱시도 대여,선택,7,11,20,30,30
수도권,11월,드레스,턱시도 대여,선택,11,12,23,30,30
비수도권,11월,드레스,턱시도 대여,선택,0,6,15,25,-
서울,11월,드레스,턱시도 대여,선택,10,11,24,30,30
경인,11월,드레스,턱시도 대여,선택,15,15,19,-,-
5대 광역시,11월,드레스,턱시도 대여,선택,0,4,18,28,-
이외 지역,11월,드레스,턱시도 대여,선택,0,6,15,24,-
전국,10월,드레스,턱시도 대여,선택,7,11,20,30,30
수도권,10월,드레스,턱시도 대여,선택,11,12,23,30,30
비수도권,10월,드레스,턱시도 대여,선택,0,6,15,25,-
서울,10월,드레스,턱시도 대여,선택,10,11,24,30,30
경인,10월,드레스,턱시도 대여,선택,15,15,19,-,-
5대 광역시,10월,드레스,턱시도 대여,선택,0,4,18,28,-
이외 지역,10월,드레스,턱시도 대여,선택,0,6,15,24,-
전국,9월,드레스,턱시도 대여,선택,8,11,18,30,30
수도권,9월,드레스,턱시도 대여,선택,11,11,23,30,30
비수도권,9월,드레스,턱시도 대여,선택,0,6,15,25,-
서울,9월,드레스,턱시도 대여,선택,11,11,23,30,30
경인,9월,드레스,턱시도 대여,선택,15,15,19,-,-
5대 광역시,9월,드레스,턱시도 대여,선택,0,4,18,28,-
이외 지역,9월,드레스,턱시도 대여,선택,0,6,15,24,-
전국,8월,드레스,턱시도 대여,선택,7,11,20,30,30
수도권,8월,드레스,턱시도 대여,선택,11,12,23,30,30
비수도권,8월,드레스,턱시도 대여,선택,0,6,15,25,-
서울,8월,드레스,턱시도 대여,선택,10,11,24,30,30
경인,8월,드레스,턱시도 대여,선택,15,15,19,-,-
5대 광역시,8월,드레스,턱시도 대여,선택,0,4,18,28,-
이외 지역,8월,드레스,턱시도 대여,선택,0,6,15,24,-
전국,7월,드레스,턱시도 대여,선택,7,11,20,30,30
수도권,7월,드레스,턱시도 대여,선택,11,12,23,30,30
비수도권,7월,드레스,턱시도 대여,선택,0,6,15,25,-
서울,7월,드레스,턱시도 대여,선택,10,11,24,30,30
경인,7월,드레스,턱시도 대여,선택,15,15,19,-,-
5대 광역시,7월,드레스,턱시도 대여,선택,0,4,18,28,-
이외 지역,7월,드레스,턱시도 대여,선택,0,6,15,24,-
전국,6월,드레스,턱시도 대여,선택,7,11,20,30,30
수도권,6월,드레스,턱시도 대여,선택,11,12,23,30,30
비수도권,6월,드레스,턱시도 대여,선택,0,6,15,25,-
서울,6월,드레스,턱시도 대여,선택,10,11,24,30,30
경인,6월,드레스,턱시도 대여,선택,15,15,19,-,-
5대 광역시,6월,드레스,턱시도 대여,선택,0,4,18,28,-
이외 지역,6월,드레스,턱시도 대여,선택,0,6,15,24,-
전국,5월,드레스,턱시도 대여,선택,6,11,18,30,30
수도권,5월,드레스,턱시도 대여,선택,11,12,23,30,30
비수도권,5월,드레스,턱시도 대여,선택,0,6,15,25,-
서울,5월,드레스,턱시도 대여,선택,10,11,23,30,30
경인,5월,드레스,턱시도 대여,선택,15,15,19,-,-
5대 광역시,5월,드레스,턱시도 대여,선택,0,4,18,28,-
이외 지역,5월,드레스,턱시도 대여,선택,0,6,15,24,-
전국,4월,드레스,액세서리 대여,선택,0,0,0,50,50
수도권,4월,드레스,액세서리 대여,선택,0,0,0,-,-
비수도권,4월,드레스,액세서리 대여,선택,0,0,16,50,50
서울,4월,드레스,액세서리 대여,선택,0,0,0,-,-
경인,4월,드레스,액세서리 대여,선택,-,-,-,-,-
5대 광역시,4월,드레스,액세서리 대여,선택,0,0,16,50,50
이외 지역,4월,드레스,액세서리 대여,선택,-,-,-,-,-
전국,3월,드레스,액세서리 대여,선택,0,0,0,50,50
수도권,3월,드레스,액세서리 대여,선택,0,0,0,-,-
비수도권,3월,드레스,액세서리 대여,선택,0,0,16,50,50
서울,3월,드레스,액세서리 대여,선택,0,0,0,-,-
경인,3월,드레스,액세서리 대여,선택,-,-,-,-,-
5대 광역시,3월,드레스,액세서리 대여,선택,0,0,16,50,50
이외 지역,3월,드레스,액세서리 대여,선택,-,-,-,-,-
전국,2월,드레스,액세서리 대여,선택,0,0,0,50,50
수도권,2월,드레스,액세서리 대여,선택,0,0,0,-,-
비수도권,2월,드레스,액세서리 대여,선택,0,0,16,50,50
서울,2월,드레스,액세서리 대여,선택,0,0,0,-,-
경인,2월,드레스,액세서리 대여,선택,-,-,-,-,-
5대 광역시,2월,드레스,액세서리 대여,선택,0,0,16,50,50
이외 지역,2월,드레스,액세서리 대여,선택,-,-,-,-,-
전국,1월,드레스,액세서리 대여,선택,0,0,0,50,50
수도권,1월,드레스,액세서리 대여,선택,0,0,0,-,-
비수도권,1월,드레스,액세서리 대여,선택,0,0,16,50,50
서울,1월,드레스,액세서리 대여,선택,0,0,0,-,-
경인,1월,드레스,액세서리 대여,선택,-,-,-,-,-
5대 광역시,1월,드레스,액세서리 대여,선택,0,0,16,50,50
이외 지역,1월,드레스,액세서리 대여,선택,-,-,-,-,-
전국,12월,드레스,액세서리 대여,선택,0,0,16,50,50
수도권,12월,드레스,액세서리 대여,선택,0,0,0,-,-
비수도권,12월,드레스,액세서리 대여,선택,0,0,33,50,50
서울,12월,드레스,액세서리 대여,선택,0,0,0,-,-
경인,12월,드레스,액세서리 대여,선택,-,-,-,-,-
5대 광역시,12월,드레스,액세서리 대여,선택,0,0,33,50,50
이외 지역,12월,드레스,액세서리 대여,선택,-,-,-,-,-
전국,11월,드레스,액세서리 대여,선택,0,0,16,50,50
수도권,11월,드레스,액세서리 대여,선택,0,0,0,-,-
비수도권,11월,드레스,액세서리 대여,선택,0,0,33,50,50
서울,11월,드레스,액세서리 대여,선택,0,0,0,-,-
경인,11월,드레스,액세서리 대여,선택,-,-,-,-,-
5대 광역시,11월,드레스,액세서리 대여,선택,0,0,33,50,50
이외 지역,11월,드레스,액세서리 대여,선택,-,-,-,-,-
전국,10월,드레스,액세서리 대여,선택,0,0,16,50,50
수도권,10월,드레스,액세서리 대여,선택,0,0,0,-,-
비수도권,10월,드레스,액세서리 대여,선택,0,0,33,50,50
서울,10월,드레스,액세서리 대여,선택,0,0,0,-,-
경인,10월,드레스,액세서리 대여,선택,-,-,-,-,-
5대 광역시,10월,드레스,액세서리 대여,선택,0,0,33,50,50
이외 지역,10월,드레스,액세서리 대여,선택,-,-,-,-,-
전국,9월,드레스,액세서리 대여,선택,0,0,16,50,50
수도권,9월,드레스,액세서리 대여,선택,0,0,0,-,-
비수도권,9월,드레스,액세서리 대여,선택,0,0,33,50,50
서울,9월,드레스,액세서리 대여,선택,0,0,0,-,-
경인,9월,드레스,액세서리 대여,선택,-,-,-,-,-
5대 광역시,9월,드레스,액세서리 대여,선택,0,0,33,50,50
이외 지역,9월,드레스,액세서리 대여,선택,-,-,-,-,-
전국,8월,드레스,액세서리 대여,선택,0,0,16,50,50
수도권,8월,드레스,액세서리 대여,선택,0,0,0,-,-
비수도권,8월,드레스,액세서리 대여,선택,0,0,33,50,50
서울,8월,드레스,액세서리 대여,선택,0,0,0,-,-
경인,8월,드레스,액세서리 대여,선택,-,-,-,-,-
5대 광역시,8월,드레스,액세서리 대여,선택,0,0,33,50,50
이외 지역,8월,드레스,액세서리 대여,선택,-,-,-,-,-
전국,7월,드레스,액세서리 대여,선택,0,0,16,50,50
수도권,7월,드레스,액세서리 대여,선택,0,0,0,-,-
비수도권,7월,드레스,액세서리 대여,선택,0,0,33,50,50
서울,7월,드레스,액세서리 대여,선택,0,0,0,-,-
경인,7월,드레스,액세서리 대여,선택,-,-,-,-,-
5대 광역시,7월,드레스,액세서리 대여,선택,0,0,33,50,50
이외 지역,7월,드레스,액세서리 대여,선택,-,-,-,-,-
전국,6월,드레스,액세서리 대여,선택,0,0,16,50,50
수도권,6월,드레스,액세서리 대여,선택,0,0,0,-,-
비수도권,6월,드레스,액세서리 대여,선택,0,0,33,50,50
서울,6월,드레스,액세서리 대여,선택,0,0,0,-,-
경인,6월,드레스,액세서리 대여,선택,-,-,-,-,-
5대 광역시,6월,드레스,액세서리 대여,선택,0,0,33,50,50
이외 지역,6월,드레스,액세서리 대여,선택,-,-,-,-,-
전국,5월,드레스,액세서리 대여,선택,0,0,16,50,50
수도권,5월,드레스,액세서리 대여,선택,0,0,0,-,-
비수도권,5월,드레스,액세서리 대여,선택,0,0,33,50,50
서울,5월,드레스,액세서리 대여,선택,0,0,0,-,-
경인,5월,드레스,액세서리 대여,선택,-,-,-,-,-
5대 광역시,5월,드레스,액세서리 대여,선택,0,0,33,50,50
이외 지역,5월,드레스,액세서리 대여,선택,-,-,-,-,-
전국,4월,메이크업,(원장)본식+촬영,필수,37,56,82,105,132
수도권,4월,메이크업,(원장)본식+촬영,필수,70,78,93,110,132
비수도권,4월,메이크업,(원장)본식+촬영,필수,29,39,58,85,154
서울(강남),4월,메이크업,(원장)본식+촬영,필수,72,82,99,113,132
서울(강남외),4월,메이크업,(원장)본식+촬영,필수,32,69,75,101,131
부산,4월,메이크업,(원장)본식+촬영,필수,61,68,77,88,141
대구,4월,메이크업,(원장)본식+촬영,필수,29,39,44,70,154
인천,4월,메이크업,(원장)본식+촬영,필수,55,60,72,74,77
광주,4월,메이크업,(원장)본식+촬영,필수,20,29,32,40,90
대전,4월,메이크업,(원장)본식+촬영,필수,29,40,45,61,-
울산,4월,메이크업,(원장)본식+촬영,필수,69,69,74,-,-
경기도,4월,메이크업,(원장)본식+촬영,필수,43,71,82,90,98
강원도,4월,메이크업,(원장)본식+촬영,필수,37,37,60,99,-
충청도,4월,메이크업,(원장)본식+촬영,필수,44,56,78,101,112
전라도,4월,메이크업,(원장)본식+촬영,필수,19,37,58,87,154
경상도,4월,메이크업,(원장)본식+촬영,필수,37,47,78,84,-
제주도,4월,메이크업,(원장)본식+촬영,필수,30,30,44,-,-
전국,3월,메이크업,(원장)본식+촬영,필수,37,58,81,105,132
수도권,3월,메이크업,(원장)본식+촬영,필수,70,78,93,110,132
비수도권,3월,메이크업,(원장)본식+촬영,필수,30,39,60,85,154
서울(강남),3월,메이크업,(원장)본식+촬영,필수,72,82,99,113,132
서울(강남외),3월,메이크업,(원장)본식+촬영,필수,32,69,75,101,131
부산,3월,메이크업,(원장)본식+촬영,필수,61,69,78,89,141
대구,3월,메이크업,(원장)본식+촬영,필수,29,39,45,70,154
인천,3월,메이크업,(원장)본식+촬영,필수,55,60,72,74,77
광주,3월,메이크업,(원장)본식+촬영,필수,20,29,32,40,90
대전,3월,메이크업,(원장)본식+촬영,필수,29,40,45,61,-
울산,3월,메이크업,(원장)본식+촬영,필수,69,69,74,-,-
경기도,3월,메이크업,(원장)본식+촬영,필수,43,71,82,90,98
강원도,3월,메이크업,(원장)본식+촬영,필수,37,37,60,99,-
충청도,3월,메이크업,(원장)본식+촬영,필수,44,56,78,101,112
전라도,3월,메이크업,(원장)본식+촬영,필수,19,37,58,87,154
경상도,3월,메이크업,(원장)본식+촬영,필수,37,47,78,84,-
제주도,3월,메이크업,(원장)본식+촬영,필수,30,30,44,-,-
전국,2월,메이크업,(원장)본식+촬영,필수,37,56,79,104,132
수도권,2월,메이크업,(원장)본식+촬영,필수,68,77,92,110,132
비수도권,2월,메이크업,(원장)본식+촬영,필수,30,39,60,85,154
서울(강남),2월,메이크업,(원장)본식+촬영,필수,71,82,98,113,133
서울(강남외),2월,메이크업,(원장)본식+촬영,필수,41,64,75,96,122
부산,2월,메이크업,(원장)본식+촬영,필수,61,69,78,89,141
대구,2월,메이크업,(원장)본식+촬영,필수,29,39,45,70,154
인천,2월,메이크업,(원장)본식+촬영,필수,55,60,72,74,77
광주,2월,메이크업,(원장)본식+촬영,필수,20,29,32,40,90
대전,2월,메이크업,(원장)본식+촬영,필수,29,40,45,61,-
울산,2월,메이크업,(원장)본식+촬영,필수,69,69,74,-,-
경기도,2월,메이크업,(원장)본식+촬영,필수,43,71,82,90,98
강원도,2월,메이크업,(원장)본식+촬영,필수,37,37,60,99,-
충청도,2월,메이크업,(원장)본식+촬영,필수,44,56,78,101,112
전라도,2월,메이크업,(원장)본식+촬영,필수,19,37,58,87,154
경상도,2월,메이크업,(원장)본식+촬영,필수,37,47,78,84,-
제주도,2월,메이크업,(원장)본식+촬영,필수,30,30,44,-,-
전국,1월,메이크업,(원장)본식+촬영,필수,37,54,78,103,132
수도권,1월,메이크업,(원장)본식+촬영,필수,68,77,92,110,132
비수도권,1월,메이크업,(원장)본식+촬영,필수,30,39,58,83,154
서울(강남),1월,메이크업,(원장)본식+촬영,필수,72,82,100,113,134
서울(강남외),1월,메이크업,(원장)본식+촬영,필수,41,64,75,96,122
부산,1월,메이크업,(원장)본식+촬영,필수,61,68,78,88,137
대구,1월,메이크업,(원장)본식+촬영,필수,29,39,44,70,154
인천,1월,메이크업,(원장)본식+촬영,필수,55,60,72,74,77
광주,1월,메이크업,(원장)본식+촬영,필수,20,29,33,38,90
대전,1월,메이크업,(원장)본식+촬영,필수,29,40,45,61,-
울산,1월,메이크업,(원장)본식+촬영,필수,69,69,74,-,-
경기도,1월,메이크업,(원장)본식+촬영,필수,43,71,82,90,98
강원도,1월,메이크업,(원장)본식+촬영,필수,37,37,37,88,-
충청도,1월,메이크업,(원장)본식+촬영,필수,44,56,78,101,112
전라도,1월,메이크업,(원장)본식+촬영,필수,19,37,58,87,154
경상도,1월,메이크업,(원장)본식+촬영,필수,37,47,78,84,-
제주도,1월,메이크업,(원장)본식+촬영,필수,30,30,44,-,-
전국,12월,메이크업,(원장)본식+촬영,필수,37,50,78,103,132
수도권,12월,메이크업,(원장)본식+촬영,필수,68,77,93,110,132
비수도권,12월,메이크업,(원장)본식+촬영,필수,30,39,58,83,154
서울(강남),12월,메이크업,(원장)본식+촬영,필수,72,82,101,113,138
서울(강남외),12월,메이크업,(원장)본식+촬영,필수,41,64,75,96,122
부산,12월,메이크업,(원장)본식+촬영,필수,61,68,78,88,137
대구,12월,메이크업,(원장)본식+촬영,필수,29,39,45,70,154
인천,12월,메이크업,(원장)본식+촬영,필수,55,60,72,74,77
광주,12월,메이크업,(원장)본식+촬영,필수,20,29,33,38,90
대전,12월,메이크업,(원장)본식+촬영,필수,29,40,45,61,-
울산,12월,메이크업,(원장)본식+촬영,필수,61,63,74,86,-
경기도,12월,메이크업,(원장)본식+촬영,필수,43,71,82,90,98
강원도,12월,메이크업,(원장)본식+촬영,필수,37,37,37,88,-
충청도,12월,메이크업,(원장)본식+촬영,필수,44,56,78,101,112
전라도,12월,메이크업,(원장)본식+촬영,필수,19,37,58,87,154
경상도,12월,메이크업,(원장)본식+촬영,필수,37,47,78,84,-
제주도,12월,메이크업,(원장)본식+촬영,필수,30,30,44,-,-
전국,11월,메이크업,(원장)본식+촬영,필수,37,49,77,103,132
수도권,11월,메이크업,(원장)본식+촬영,필수,68,77,93,110,132
비수도권,11월,메이크업,(원장)본식+촬영,필수,30,39,58,82,154
서울(강남),11월,메이크업,(원장)본식+촬영,필수,72,82,100,113,134
서울(강남외),11월,메이크업,(원장)본식+촬영,필수,41,64,75,96,122
부산,11월,메이크업,(원장)본식+촬영,필수,61,68,78,88,137
대구,11월,메이크업,(원장)본식+촬영,필수,29,39,44,70,154
인천,11월,메이크업,(원장)본식+촬영,필수,55,60,72,74,77
광주,11월,메이크업,(원장)본식+촬영,필수,20,29,33,38,90
대전,11월,메이크업,(원장)본식+촬영,필수,29,40,45,61,-
울산,11월,메이크업,(원장)본식+촬영,필수,61,63,74,86,-
경기도,11월,메이크업,(원장)본식+촬영,필수,43,71,82,90,98
강원도,11월,메이크업,(원장)본식+촬영,필수,37,37,37,88,-
충청도,11월,메이크업,(원장)본식+촬영,필수,44,56,78,101,110
전라도,11월,메이크업,(원장)본식+촬영,필수,19,37,58,87,154
경상도,11월,메이크업,(원장)본식+촬영,필수,37,38,77,82,-
제주도,11월,메이크업,(원장)본식+촬영,필수,30,30,44,-,-
전국,10월,메이크업,(원장)본식+촬영,필수,37,47,77,102,132
수도권,10월,메이크업,(원장)본식+촬영,필수,66,77,92,110,132
비수도권,10월,메이크업,(원장)본식+촬영,필수,30,39,58,82,154
서울(강남),10월,메이크업,(원장)본식+촬영,필수,71,82,98,113,134
서울(강남외),10월,메이크업,(원장)본식+촬영,필수,41,64,73,89,122
부산,10월,메이크업,(원장)본식+촬영,필수,61,68,77,86,136
대구,10월,메이크업,(원장)본식+촬영,필수,29,39,44,70,154
인천,10월,메이크업,(원장)본식+촬영,필수,57,60,72,75,77
광주,10월,메이크업,(원장)본식+촬영,필수,20,29,33,38,90
대전,10월,메이크업,(원장)본식+촬영,필수,29,40,45,61,-
울산,10월,메이크업,(원장)본식+촬영,필수,61,63,74,86,-
경기도,10월,메이크업,(원장)본식+촬영,필수,39,60,82,90,98
강원도,10월,메이크업,(원장)본식+촬영,필수,37,37,37,88,-
충청도,10월,메이크업,(원장)본식+촬영,필수,42,52,78,98,110
전라도,10월,메이크업,(원장)본식+촬영,필수,19,37,58,66,154
경상도,10월,메이크업,(원장)본식+촬영,필수,37,38,77,82,-
제주도,10월,메이크업,(원장)본식+촬영,필수,30,30,44,-,-
전국,9월,메이크업,(원장)본식+촬영,필수,37,48,77,101,132
수도권,9월,메이크업,(원장)본식+촬영,필수,65,77,93,110,132
비수도권,9월,메이크업,(원장)본식+촬영,필수,30,39,58,82,154
서울(강남),9월,메이크업,(원장)본식+촬영,필수,70,82,96,113,132
서울(강남외),9월,메이크업,(원장)본식+촬영,필수,39,62,73,94,123
부산,9월,메이크업,(원장)본식+촬영,필수,61,68,77,85,136
대구,9월,메이크업,(원장)본식+촬영,필수,29,39,44,70,154
인천,9월,메이크업,(원장)본식+촬영,필수,55,60,72,73,77
광주,9월,메이크업,(원장)본식+촬영,필수,20,29,33,38,90
대전,9월,메이크업,(원장)본식+촬영,필수,29,40,45,61,-
울산,9월,메이크업,(원장)본식+촬영,필수,61,63,74,86,-
경기도,9월,메이크업,(원장)본식+촬영,필수,39,60,82,90,98
강원도,9월,메이크업,(원장)본식+촬영,필수,37,37,37,88,-
충청도,9월,메이크업,(원장)본식+촬영,필수,42,52,78,97,110
전라도,9월,메이크업,(원장)본식+촬영,필수,19,37,58,66,154
경상도,9월,메이크업,(원장)본식+촬영,필수,37,38,77,82,-
제주도,9월,메이크업,(원장)본식+촬영,필수,30,30,44,-,-
전국,8월,메이크업,(원장)본식+촬영,필수,37,47,77,100,132
수도권,8월,메이크업,(원장)본식+촬영,필수,64,76,92,110,132
비수도권,8월,메이크업,(원장)본식+촬영,필수,30,39,58,82,154
서울(강남),8월,메이크업,(원장)본식+촬영,필수,70,82,96,113,136
서울(강남외),8월,메이크업,(원장)본식+촬영,필수,39,62,73,94,123
부산,8월,메이크업,(원장)본식+촬영,필수,61,68,77,85,136
대구,8월,메이크업,(원장)본식+촬영,필수,29,39,44,70,154
인천,8월,메이크업,(원장)본식+촬영,필수,55,60,72,73,77
광주,8월,메이크업,(원장)본식+촬영,필수,20,29,33,38,90
대전,8월,메이크업,(원장)본식+촬영,필수,29,40,45,61,-
울산,8월,메이크업,(원장)본식+촬영,필수,61,63,74,86,-
경기도,8월,메이크업,(원장)본식+촬영,필수,39,60,82,90,98
강원도,8월,메이크업,(원장)본식+촬영,필수,37,37,37,88,-
충청도,8월,메이크업,(원장)본식+촬영,필수,42,52,78,97,110
전라도,8월,메이크업,(원장)본식+촬영,필수,19,37,58,66,154
경상도,8월,메이크업,(원장)본식+촬영,필수,37,38,77,82,-
제주도,8월,메이크업,(원장)본식+촬영,필수,30,30,44,-,-
전국,7월,메이크업,(원장)본식+촬영,필수,37,47,76,100,132
수도권,7월,메이크업,(원장)본식+촬영,필수,60,73,91,109,132
비수도권,7월,메이크업,(원장)본식+촬영,필수,30,39,58,80,154
서울(강남),7월,메이크업,(원장)본식+촬영,필수,70,80,96,113,132
서울(강남외),7월,메이크업,(원장)본식+촬영,필수,36,54,72,89,123
부산,7월,메이크업,(원장)본식+촬영,필수,61,68,77,85,136
대구,7월,메이크업,(원장)본식+촬영,필수,29,39,44,70,154
인천,7월,메이크업,(원장)본식+촬영,필수,55,60,72,74,77
광주,7월,메이크업,(원장)본식+촬영,필수,20,29,33,38,90
대전,7월,메이크업,(원장)본식+촬영,필수,29,40,45,61,-
울산,7월,메이크업,(원장)본식+촬영,필수,61,63,74,98,-
경기도,7월,메이크업,(원장)본식+촬영,필수,39,55,83,90,99
강원도,7월,메이크업,(원장)본식+촬영,필수,37,37,37,88,-
충청도,7월,메이크업,(원장)본식+촬영,필수,42,52,76,98,110
전라도,7월,메이크업,(원장)본식+촬영,필수,18,37,58,88,154
경상도,7월,메이크업,(원장)본식+촬영,필수,37,38,77,82,-
제주도,7월,메이크업,(원장)본식+촬영,필수,30,30,44,-,-
전국,6월,메이크업,(원장)본식+촬영,필수,37,47,73,98,128
수도권,6월,메이크업,(원장)본식+촬영,필수,60,73,88,109,139
비수도권,6월,메이크업,(원장)본식+촬영,필수,30,39,58,78,109
서울(강남),6월,메이크업,(원장)본식+촬영,필수,70,79,96,113,139
서울(강남외),6월,메이크업,(원장)본식+촬영,필수,36,54,72,88,107
부산,6월,메이크업,(원장)본식+촬영,필수,61,68,77,85,105
대구,6월,메이크업,(원장)본식+촬영,필수,29,39,44,70,154
인천,6월,메이크업,(원장)본식+촬영,필수,55,60,72,74,77
광주,6월,메이크업,(원장)본식+촬영,필수,20,29,33,38,90
대전,6월,메이크업,(원장)본식+촬영,필수,29,40,45,61,-
울산,6월,메이크업,(원장)본식+촬영,필수,61,63,74,98,-
경기도,6월,메이크업,(원장)본식+촬영,필수,39,50,81,89,-
강원도,6월,메이크업,(원장)본식+촬영,필수,37,37,37,88,-
충청도,6월,메이크업,(원장)본식+촬영,필수,42,52,76,98,110
전라도,6월,메이크업,(원장)본식+촬영,필수,18,37,58,66,154
경상도,6월,메이크업,(원장)본식+촬영,필수,37,38,77,82,-
제주도,6월,메이크업,(원장)본식+촬영,필수,30,30,44,-,-
전국,5월,메이크업,(원장)본식+촬영,필수,36,46,73,98,128
수도권,5월,메이크업,(원장)본식+촬영,필수,56,73,88,109,139
비수도권,5월,메이크업,(원장)본식+촬영,필수,30,39,58,78,109
서울(강남),5월,메이크업,(원장)본식+촬영,필수,66,78,96,113,139
서울(강남외),5월,메이크업,(원장)본식+촬영,필수,36,54,72,88,107
부산,5월,메이크업,(원장)본식+촬영,필수,61,68,77,85,105
대구,5월,메이크업,(원장)본식+촬영,필수,29,39,44,70,154
인천,5월,메이크업,(원장)본식+촬영,필수,55,60,72,74,77
광주,5월,메이크업,(원장)본식+촬영,필수,20,29,33,38,90
대전,5월,메이크업,(원장)본식+촬영,필수,44,44,61,-,-
울산,5월,메이크업,(원장)본식+촬영,필수,61,63,74,98,-
경기도,5월,메이크업,(원장)본식+촬영,필수,39,50,81,89,-
강원도,5월,메이크업,(원장)본식+촬영,필수,37,37,37,88,-
충청도,5월,메이크업,(원장)본식+촬영,필수,42,52,76,98,110
전라도,5월,메이크업,(원장)본식+촬영,필수,18,37,58,66,154
경상도,5월,메이크업,(원장)본식+촬영,필수,37,38,77,82,-
제주도,5월,메이크업,(원장)본식+촬영,필수,30,30,44,-,-
전국,4월,메이크업,(부원장)본식+촬영,필수,27,50,73,95,121
수도권,4월,메이크업,(부원장)본식+촬영,필수,61,68,82,109,121
비수도권,4월,메이크업,(부원장)본식+촬영,필수,19,28,55,74,132
서울(강남),4월,메이크업,(부원장)본식+촬영,필수,66,77,84,115,132
서울(강남외),4월,메이크업,(부원장)본식+촬영,필수,33,54,63,82,121
부산,4월,메이크업,(부원장)본식+촬영,필수,58,60,66,81,134
대구,4월,메이크업,(부원장)본식+촬영,필수,19,19,42,66,132
인천,4월,메이크업,(부원장)본식+촬영,필수,55,60,65,68,69
광주,4월,메이크업,(부원장)본식+촬영,필수,15,25,27,30,70
대전,4월,메이크업,(부원장)본식+촬영,필수,19,29,43,58,-
울산,4월,메이크업,(부원장)본식+촬영,필수,51,51,66,-,-
경기도,4월,메이크업,(부원장)본식+촬영,필수,42,60,77,83,93
강원도,4월,메이크업,(부원장)본식+촬영,필수,35,35,53,89,-
충청도,4월,메이크업,(부원장)본식+촬영,필수,37,46,73,92,109
전라도,4월,메이크업,(부원장)본식+촬영,필수,15,35,55,55,132
경상도,4월,메이크업,(부원장)본식+촬영,필수,35,47,73,78,-
제주도,4월,메이크업,(부원장)본식+촬영,필수,29,29,42,-,-
전국,3월,메이크업,(부원장)본식+촬영,필수,27,51,73,95,132
수도권,3월,메이크업,(부원장)본식+촬영,필수,61,68,81,109,121
비수도권,3월,메이크업,(부원장)본식+촬영,필수,19,30,55,76,132
서울(강남),3월,메이크업,(부원장)본식+촬영,필수,66,77,84,115,132
서울(강남외),3월,메이크업,(부원장)본식+촬영,필수,33,54,63,82,121
부산,3월,메이크업,(부원장)본식+촬영,필수,58,62,73,82,132
대구,3월,메이크업,(부원장)본식+촬영,필수,19,19,42,66,132
인천,3월,메이크업,(부원장)본식+촬영,필수,55,60,65,68,69
광주,3월,메이크업,(부원장)본식+촬영,필수,15,25,27,30,70
대전,3월,메이크업,(부원장)본식+촬영,필수,19,29,43,58,-
울산,3월,메이크업,(부원장)본식+촬영,필수,51,51,66,-,-
경기도,3월,메이크업,(부원장)본식+촬영,필수,42,60,77,83,93
강원도,3월,메이크업,(부원장)본식+촬영,필수,35,35,53,89,-
충청도,3월,메이크업,(부원장)본식+촬영,필수,37,46,73,92,109
전라도,3월,메이크업,(부원장)본식+촬영,필수,15,35,55,55,132
경상도,3월,메이크업,(부원장)본식+촬영,필수,35,47,73,78,-
제주도,3월,메이크업,(부원장)본식+촬영,필수,29,29,42,-,-
전국,2월,메이크업,(부원장)본식+촬영,필수,27,49,72,93,127
수도권,2월,메이크업,(부원장)본식+촬영,필수,60,66,81,108,121
비수도권,2월,메이크업,(부원장)본식+촬영,필수,19,30,55,76,132
서울(강남),2월,메이크업,(부원장)본식+촬영,필수,65,77,84,116,132
서울(강남외),2월,메이크업,(부원장)본식+촬영,필수,45,52,64,79,114
부산,2월,메이크업,(부원장)본식+촬영,필수,58,62,73,82,132
대구,2월,메이크업,(부원장)본식+촬영,필수,19,19,42,66,132
인천,2월,메이크업,(부원장)본식+촬영,필수,55,60,65,68,69
광주,2월,메이크업,(부원장)본식+촬영,필수,15,25,27,30,70
대전,2월,메이크업,(부원장)본식+촬영,필수,19,29,43,58,-
울산,2월,메이크업,(부원장)본식+촬영,필수,51,51,66,-,-
경기도,2월,메이크업,(부원장)본식+촬영,필수,42,60,77,83,93
강원도,2월,메이크업,(부원장)본식+촬영,필수,35,35,53,89,-
충청도,2월,메이크업,(부원장)본식+촬영,필수,37,46,73,92,109
전라도,2월,메이크업,(부원장)본식+촬영,필수,15,35,55,55,132
경상도,2월,메이크업,(부원장)본식+촬영,필수,35,47,73,78,-
제주도,2월,메이크업,(부원장)본식+촬영,필수,29,29,42,-,-
전국,1월,메이크업,(부원장)본식+촬영,필수,25,46,69,92,121
수도권,1월,메이크업,(부원장)본식+촬영,필수,60,66,81,109,121
비수도권,1월,메이크업,(부원장)본식+촬영,필수,19,28,55,74,132
서울(강남),1월,메이크업,(부원장)본식+촬영,필수,66,77,88,116,132
서울(강남외),1월,메이크업,(부원장)본식+촬영,필수,45,52,64,79,114
부산,1월,메이크업,(부원장)본식+촬영,필수,58,60,70,81,132
대구,1월,메이크업,(부원장)본식+촬영,필수,19,19,42,66,132
인천,1월,메이크업,(부원장)본식+촬영,필수,55,60,65,68,69
광주,1월,메이크업,(부원장)본식+촬영,필수,15,25,27,29,70
대전,1월,메이크업,(부원장)본식+촬영,필수,19,29,43,58,-
울산,1월,메이크업,(부원장)본식+촬영,필수,51,51,66,-,-
경기도,1월,메이크업,(부원장)본식+촬영,필수,42,60,77,83,93
강원도,1월,메이크업,(부원장)본식+촬영,필수,35,35,35,83,-
충청도,1월,메이크업,(부원장)본식+촬영,필수,37,46,73,92,109
전라도,1월,메이크업,(부원장)본식+촬영,필수,15,35,55,55,132
경상도,1월,메이크업,(부원장)본식+촬영,필수,35,47,73,78,-
제주도,1월,메이크업,(부원장)본식+촬영,필수,29,29,42,-,-
전국,12월,메이크업,(부원장)본식+촬영,필수,25,45,69,92,127
수도권,12월,메이크업,(부원장)본식+촬영,필수,60,66,81,109,121
비수도권,12월,메이크업,(부원장)본식+촬영,필수,19,28,55,74,132
서울(강남),12월,메이크업,(부원장)본식+촬영,필수,66,77,89,117,132
서울(강남외),12월,메이크업,(부원장)본식+촬영,필수,45,52,64,79,114
부산,12월,메이크업,(부원장)본식+촬영,필수,58,60,70,81,132
대구,12월,메이크업,(부원장)본식+촬영,필수,19,19,42,66,132
인천,12월,메이크업,(부원장)본식+촬영,필수,55,60,65,68,69
광주,12월,메이크업,(부원장)본식+촬영,필수,15,25,27,29,70
대전,12월,메이크업,(부원장)본식+촬영,필수,19,29,43,58,-
울산,12월,메이크업,(부원장)본식+촬영,필수,51,55,66,76,-
경기도,12월,메이크업,(부원장)본식+촬영,필수,42,60,77,83,93
강원도,12월,메이크업,(부원장)본식+촬영,필수,35,35,35,83,-
충청도,12월,메이크업,(부원장)본식+촬영,필수,37,46,73,92,109
전라도,12월,메이크업,(부원장)본식+촬영,필수,15,35,55,55,132
경상도,12월,메이크업,(부원장)본식+촬영,필수,35,47,73,78,-
제주도,12월,메이크업,(부원장)본식+촬영,필수,29,29,42,-,-
전국,11월,메이크업,(부원장)본식+촬영,필수,25,45,68,91,127
수도권,11월,메이크업,(부원장)본식+촬영,필수,60,66,81,109,121
비수도권,11월,메이크업,(부원장)본식+촬영,필수,19,28,55,74,132
서울(강남),11월,메이크업,(부원장)본식+촬영,필수,66,77,88,117,132
서울(강남외),11월,메이크업,(부원장)본식+촬영,필수,45,52,64,79,114
부산,11월,메이크업,(부원장)본식+촬영,필수,58,60,70,81,132
대구,11월,메이크업,(부원장)본식+촬영,필수,19,19,42,66,132
인천,11월,메이크업,(부원장)본식+촬영,필수,55,60,65,68,69
광주,11월,메이크업,(부원장)본식+촬영,필수,15,25,27,29,70
대전,11월,메이크업,(부원장)본식+촬영,필수,19,29,43,58,-
울산,11월,메이크업,(부원장)본식+촬영,필수,51,55,66,76,-
경기도,11월,메이크업,(부원장)본식+촬영,필수,42,60,77,83,93
강원도,11월,메이크업,(부원장)본식+촬영,필수,35,35,35,83,-
충청도,11월,메이크업,(부원장)본식+촬영,필수,37,46,73,92,109
전라도,11월,메이크업,(부원장)본식+촬영,필수,15,35,55,55,132
경상도,11월,메이크업,(부원장)본식+촬영,필수,35,53,67,76,-
제주도,11월,메이크업,(부원장)본식+촬영,필수,29,29,42,-,-
전국,10월,메이크업,(부원장)본식+촬영,필수,25,45,69,92,132
수도권,10월,메이크업,(부원장)본식+촬영,필수,60,66,82,109,125
비수도권,10월,메이크업,(부원장)본식+촬영,필수,19,28,55,74,132
서울(강남),10월,메이크업,(부원장)본식+촬영,필수,66,77,88,117,132
서울(강남외),10월,메이크업,(부원장)본식+촬영,필수,45,52,64,79,114
부산,10월,메이크업,(부원장)본식+촬영,필수,58,60,70,81,132
대구,10월,메이크업,(부원장)본식+촬영,필수,19,19,42,66,132
인천,10월,메이크업,(부원장)본식+촬영,필수,57,60,66,69,69
광주,10월,메이크업,(부원장)본식+촬영,필수,15,25,27,29,70
대전,10월,메이크업,(부원장)본식+촬영,필수,19,29,43,58,-
울산,10월,메이크업,(부원장)본식+촬영,필수,51,55,66,76,-
경기도,10월,메이크업,(부원장)본식+촬영,필수,42,60,77,83,93
강원도,10월,메이크업,(부원장)본식+촬영,필수,35,35,35,83,-
충청도,10월,메이크업,(부원장)본식+촬영,필수,37,46,73,92,109
전라도,10월,메이크업,(부원장)본식+촬영,필수,15,35,55,55,132
경상도,10월,메이크업,(부원장)본식+촬영,필수,35,53,67,76,-
제주도,10월,메이크업,(부원장)본식+촬영,필수,29,29,42,-,-
전국,9월,메이크업,(부원장)본식+촬영,필수,25,46,69,93,125
수도권,9월,메이크업,(부원장)본식+촬영,필수,60,66,82,109,121
비수도권,9월,메이크업,(부원장)본식+촬영,필수,19,28,55,74,132
서울(강남),9월,메이크업,(부원장)본식+촬영,필수,65,77,91,117,132
서울(강남외),9월,메이크업,(부원장)본식+촬영,필수,44,51,63,75,116
부산,9월,메이크업,(부원장)본식+촬영,필수,58,60,70,81,132
대구,9월,메이크업,(부원장)본식+촬영,필수,19,19,42,66,132
인천,9월,메이크업,(부원장)본식+촬영,필수,55,60,65,68,69
광주,9월,메이크업,(부원장)본식+촬영,필수,15,25,27,29,70
대전,9월,메이크업,(부원장)본식+촬영,필수,19,29,43,58,-
울산,9월,메이크업,(부원장)본식+촬영,필수,51,55,66,76,-
경기도,9월,메이크업,(부원장)본식+촬영,필수,42,60,77,83,93
강원도,9월,메이크업,(부원장)본식+촬영,필수,35,35,35,83,-
충청도,9월,메이크업,(부원장)본식+촬영,필수,37,46,73,92,109
전라도,9월,메이크업,(부원장)본식+촬영,필수,15,35,55,55,132
경상도,9월,메이크업,(부원장)본식+촬영,필수,35,53,67,76,-
제주도,9월,메이크업,(부원장)본식+촬영,필수,29,29,42,-,-
전국,8월,메이크업,(부원장)본식+촬영,필수,25,45,68,92,130
수도권,8월,메이크업,(부원장)본식+촬영,필수,60,66,82,109,121
비수도권,8월,메이크업,(부원장)본식+촬영,필수,19,28,55,74,132
서울(강남),8월,메이크업,(부원장)본식+촬영,필수,65,77,91,117,132
서울(강남외),8월,메이크업,(부원장)본식+촬영,필수,44,51,63,75,116
부산,8월,메이크업,(부원장)본식+촬영,필수,58,60,70,81,132
대구,8월,메이크업,(부원장)본식+촬영,필수,19,19,42,66,132
인천,8월,메이크업,(부원장)본식+촬영,필수,55,60,65,68,69
광주,8월,메이크업,(부원장)본식+촬영,필수,15,25,27,29,70
대전,8월,메이크업,(부원장)본식+촬영,필수,19,29,43,58,-
울산,8월,메이크업,(부원장)본식+촬영,필수,51,55,66,76,-
경기도,8월,메이크업,(부원장)본식+촬영,필수,42,60,77,83,93
강원도,8월,메이크업,(부원장)본식+촬영,필수,35,35,35,83,-
충청도,8월,메이크업,(부원장)본식+촬영,필수,37,46,73,92,109
전라도,8월,메이크업,(부원장)본식+촬영,필수,15,35,55,55,132
경상도,8월,메이크업,(부원장)본식+촬영,필수,35,53,67,76,-
제주도,8월,메이크업,(부원장)본식+촬영,필수,29,29,42,-,-
전국,7월,메이크업,(부원장)본식+촬영,필수,25,45,66,94,121
수도권,7월,메이크업,(부원장)본식+촬영,필수,55,66,80,108,121
비수도권,7월,메이크업,(부원장)본식+촬영,필수,19,28,55,74,132
서울(강남),7월,메이크업,(부원장)본식+촬영,필수,63,75,91,116,132
서울(강남외),7월,메이크업,(부원장)본식+촬영,필수,33,49,60,66,116
부산,7월,메이크업,(부원장)본식+촬영,필수,58,60,70,81,132
대구,7월,메이크업,(부원장)본식+촬영,필수,19,19,42,66,132
인천,7월,메이크업,(부원장)본식+촬영,필수,55,60,66,68,69
광주,7월,메이크업,(부원장)본식+촬영,필수,15,25,27,29,70
대전,7월,메이크업,(부원장)본식+촬영,필수,19,29,43,58,-
울산,7월,메이크업,(부원장)본식+촬영,필수,51,55,66,87,-
경기도,7월,메이크업,(부원장)본식+촬영,필수,39,60,77,84,94
강원도,7월,메이크업,(부원장)본식+촬영,필수,35,35,35,83,-
충청도,7월,메이크업,(부원장)본식+촬영,필수,37,46,70,92,109
전라도,7월,메이크업,(부원장)본식+촬영,필수,15,35,55,74,132
경상도,7월,메이크업,(부원장)본식+촬영,필수,35,53,67,76,-
제주도,7월,메이크업,(부원장)본식+촬영,필수,29,29,42,-,-
전국,6월,메이크업,(부원장)본식+촬영,필수,25,45,66,92,128
수도권,6월,메이크업,(부원장)본식+촬영,필수,55,66,79,108,128
비수도권,6월,메이크업,(부원장)본식+촬영,필수,19,28,55,73,116
서울(강남),6월,메이크업,(부원장)본식+촬영,필수,61,74,91,115,132
서울(강남외),6월,메이크업,(부원장)본식+촬영,필수,33,49,60,66,95
부산,6월,메이크업,(부원장)본식+촬영,필수,58,60,70,81,100
대구,6월,메이크업,(부원장)본식+촬영,필수,19,19,42,66,132
인천,6월,메이크업,(부원장)본식+촬영,필수,55,60,66,68,69
광주,6월,메이크업,(부원장)본식+촬영,필수,15,25,27,28,70
대전,6월,메이크업,(부원장)본식+촬영,필수,19,29,43,58,-
울산,6월,메이크업,(부원장)본식+촬영,필수,51,55,66,87,-
경기도,6월,메이크업,(부원장)본식+촬영,필수,37,60,77,85,-
강원도,6월,메이크업,(부원장)본식+촬영,필수,35,35,35,83,-
충청도,6월,메이크업,(부원장)본식+촬영,필수,37,46,70,92,109
전라도,6월,메이크업,(부원장)본식+촬영,필수,15,35,52,55,132
경상도,6월,메이크업,(부원장)본식+촬영,필수,35,53,67,76,-
제주도,6월,메이크업,(부원장)본식+촬영,필수,29,29,42,-,-
전국,5월,메이크업,(부원장)본식+촬영,필수,25,44,66,93,128
수도권,5월,메이크업,(부원장)본식+촬영,필수,55,64,78,109,128
비수도권,5월,메이크업,(부원장)본식+촬영,필수,19,28,55,73,116
서울(강남),5월,메이크업,(부원장)본식+촬영,필수,59,69,91,116,132
서울(강남외),5월,메이크업,(부원장)본식+촬영,필수,33,49,60,66,95
부산,5월,메이크업,(부원장)본식+촬영,필수,58,60,70,81,100
대구,5월,메이크업,(부원장)본식+촬영,필수,19,19,42,66,132
인천,5월,메이크업,(부원장)본식+촬영,필수,55,60,66,68,69
광주,5월,메이크업,(부원장)본식+촬영,필수,15,25,27,28,70
대전,5월,메이크업,(부원장)본식+촬영,필수,42,42,58,-,-
울산,5월,메이크업,(부원장)본식+촬영,필수,51,55,66,87,-
경기도,5월,메이크업,(부원장)본식+촬영,필수,37,60,77,85,-
강원도,5월,메이크업,(부원장)본식+촬영,필수,35,35,35,83,-
충청도,5월,메이크업,(부원장)본식+촬영,필수,37,46,70,92,109
전라도,5월,메이크업,(부원장)본식+촬영,필수,15,35,52,55,132
경상도,5월,메이크업,(부원장)본식+촬영,필수,35,53,67,76,-
제주도,5월,메이크업,(부원장)본식+촬영,필수,29,29,42,-,-
전국,4월,메이크업,(실장)본식+촬영,필수,20,44,66,89,110
수도권,4월,메이크업,(실장)본식+촬영,필수,54,60,74,103,110
비수도권,4월,메이크업,(실장)본식+촬영,필수,17,27,45,73,110
서울(강남),4월,메이크업,(실장)본식+촬영,필수,55,69,77,106,110
서울(강남외),4월,메이크업,(실장)본식+촬영,필수,25,50,56,88,108
부산,4월,메이크업,(실장)본식+촬영,필수,44,55,63,73,131
대구,4월,메이크업,(실장)본식+촬영,필수,17,17,40,55,110
인천,4월,메이크업,(실장)본식+촬영,필수,55,55,55,65,66
광주,4월,메이크업,(실장)본식+촬영,필수,9,15,24,27,55
대전,4월,메이크업,(실장)본식+촬영,필수,17,24,41,55,-
울산,4월,메이크업,(실장)본식+촬영,필수,51,51,63,-,-
경기도,4월,메이크업,(실장)본식+촬영,필수,32,36,54,60,68
강원도,4월,메이크업,(실장)본식+촬영,필수,44,44,50,72,-
충청도,4월,메이크업,(실장)본식+촬영,필수,40,50,73,88,109
전라도,4월,메이크업,(실장)본식+촬영,필수,15,33,60,99,110
경상도,4월,메이크업,(실장)본식+촬영,필수,33,46,73,78,-
제주도,4월,메이크업,(실장)본식+촬영,필수,28,28,40,-,-
전국,3월,메이크업,(실장)본식+촬영,필수,22,44,67,91,110
수도권,3월,메이크업,(실장)본식+촬영,필수,54,60,74,102,110
비수도권,3월,메이크업,(실장)본식+촬영,필수,17,28,52,73,110
서울(강남),3월,메이크업,(실장)본식+촬영,필수,55,69,77,106,110
서울(강남외),3월,메이크업,(실장)본식+촬영,필수,25,50,56,88,108
부산,3월,메이크업,(실장)본식+촬영,필수,54,55,64,82,112
대구,3월,메이크업,(실장)본식+촬영,필수,17,17,40,55,110
인천,3월,메이크업,(실장)본식+촬영,필수,55,55,55,65,66
광주,3월,메이크업,(실장)본식+촬영,필수,9,15,24,27,55
대전,3월,메이크업,(실장)본식+촬영,필수,17,24,41,55,-
울산,3월,메이크업,(실장)본식+촬영,필수,51,51,63,-,-
경기도,3월,메이크업,(실장)본식+촬영,필수,32,36,54,60,68
강원도,3월,메이크업,(실장)본식+촬영,필수,44,44,50,72,-
충청도,3월,메이크업,(실장)본식+촬영,필수,40,50,73,88,109
전라도,3월,메이크업,(실장)본식+촬영,필수,15,33,60,99,110
경상도,3월,메이크업,(실장)본식+촬영,필수,33,46,73,78,-
제주도,3월,메이크업,(실장)본식+촬영,필수,28,28,40,-,-
전국,2월,메이크업,(실장)본식+촬영,필수,20,44,66,88,110
수도권,2월,메이크업,(실장)본식+촬영,필수,51,60,74,99,110
비수도권,2월,메이크업,(실장)본식+촬영,필수,17,28,52,73,110
서울(강남),2월,메이크업,(실장)본식+촬영,필수,55,69,77,108,110
서울(강남외),2월,메이크업,(실장)본식+촬영,필수,38,44,55,71,97
부산,2월,메이크업,(실장)본식+촬영,필수,54,55,64,82,112
대구,2월,메이크업,(실장)본식+촬영,필수,17,17,40,55,110
인천,2월,메이크업,(실장)본식+촬영,필수,55,55,55,65,66
광주,2월,메이크업,(실장)본식+촬영,필수,9,15,24,27,55
대전,2월,메이크업,(실장)본식+촬영,필수,17,24,41,55,-
울산,2월,메이크업,(실장)본식+촬영,필수,51,51,63,-,-
경기도,2월,메이크업,(실장)본식+촬영,필수,32,36,54,60,68
강원도,2월,메이크업,(실장)본식+촬영,필수,44,44,50,72,-
충청도,2월,메이크업,(실장)본식+촬영,필수,40,50,73,88,109
전라도,2월,메이크업,(실장)본식+촬영,필수,15,33,60,99,110
경상도,2월,메이크업,(실장)본식+촬영,필수,33,46,73,78,-
제주도,2월,메이크업,(실장)본식+촬영,필수,28,28,40,-,-
전국,1월,메이크업,(실장)본식+촬영,필수,20,43,63,86,110
수도권,1월,메이크업,(실장)본식+촬영,필수,51,60,74,103,110
비수도권,1월,메이크업,(실장)본식+촬영,필수,17,27,46,72,110
서울(강남),1월,메이크업,(실장)본식+촬영,필수,55,69,78,109,110
서울(강남외),1월,메이크업,(실장)본식+촬영,필수,38,44,55,71,97
부산,1월,메이크업,(실장)본식+촬영,필수,55,55,63,79,109
대구,1월,메이크업,(실장)본식+촬영,필수,17,17,40,55,110
인천,1월,메이크업,(실장)본식+촬영,필수,55,55,55,65,66
광주,1월,메이크업,(실장)본식+촬영,필수,9,17,25,27,55
대전,1월,메이크업,(실장)본식+촬영,필수,17,24,41,55,-
울산,1월,메이크업,(실장)본식+촬영,필수,51,51,63,-,-
경기도,1월,메이크업,(실장)본식+촬영,필수,32,36,54,60,68
강원도,1월,메이크업,(실장)본식+촬영,필수,44,44,44,67,-
충청도,1월,메이크업,(실장)본식+촬영,필수,40,50,73,88,109
전라도,1월,메이크업,(실장)본식+촬영,필수,15,33,60,99,110
경상도,1월,메이크업,(실장)본식+촬영,필수,33,46,73,78,-
제주도,1월,메이크업,(실장)본식+촬영,필수,28,28,40,-,-
전국,12월,메이크업,(실장)본식+촬영,필수,20,42,62,86,110
수도권,12월,메이크업,(실장)본식+촬영,필수,52,60,74,103,110
비수도권,12월,메이크업,(실장)본식+촬영,필수,17,27,47,71,110
서울(강남),12월,메이크업,(실장)본식+촬영,필수,55,70,79,109,110
서울(강남외),12월,메이크업,(실장)본식+촬영,필수,38,44,55,71,97
부산,12월,메이크업,(실장)본식+촬영,필수,55,55,63,79,109
대구,12월,메이크업,(실장)본식+촬영,필수,17,17,40,55,110
인천,12월,메이크업,(실장)본식+촬영,필수,55,55,55,65,66
광주,12월,메이크업,(실장)본식+촬영,필수,9,17,25,27,55
대전,12월,메이크업,(실장)본식+촬영,필수,17,24,41,55,-
울산,12월,메이크업,(실장)본식+촬영,필수,51,53,63,69,-
경기도,12월,메이크업,(실장)본식+촬영,필수,32,36,54,60,68
강원도,12월,메이크업,(실장)본식+촬영,필수,44,44,44,67,-
충청도,12월,메이크업,(실장)본식+촬영,필수,40,50,73,88,109
전라도,12월,메이크업,(실장)본식+촬영,필수,15,33,60,99,110
경상도,12월,메이크업,(실장)본식+촬영,필수,33,46,73,78,-
제주도,12월,메이크업,(실장)본식+촬영,필수,28,28,40,-,-
전국,11월,메이크업,(실장)본식+촬영,필수,20,42,62,83,110
수도권,11월,메이크업,(실장)본식+촬영,필수,52,60,74,103,110
비수도권,11월,메이크업,(실장)본식+촬영,필수,17,27,47,71,110
서울(강남),11월,메이크업,(실장)본식+촬영,필수,55,70,78,109,110
서울(강남외),11월,메이크업,(실장)본식+촬영,필수,38,44,55,71,97
부산,11월,메이크업,(실장)본식+촬영,필수,55,55,63,79,109
대구,11월,메이크업,(실장)본식+촬영,필수,17,17,40,55,110
인천,11월,메이크업,(실장)본식+촬영,필수,55,55,55,65,66
광주,11월,메이크업,(실장)본식+촬영,필수,9,17,25,27,55
대전,11월,메이크업,(실장)본식+촬영,필수,17,24,41,55,-
울산,11월,메이크업,(실장)본식+촬영,필수,51,53,63,69,-
경기도,11월,메이크업,(실장)본식+촬영,필수,32,36,54,60,68
강원도,11월,메이크업,(실장)본식+촬영,필수,44,44,44,67,-
충청도,11월,메이크업,(실장)본식+촬영,필수,40,50,73,88,109
전라도,11월,메이크업,(실장)본식+촬영,필수,15,33,60,99,110
경상도,11월,메이크업,(실장)본식+촬영,필수,33,35,66,76,-
제주도,11월,메이크업,(실장)본식+촬영,필수,28,28,40,-,-
전국,10월,메이크업,(실장)본식+촬영,필수,20,42,62,86,110
수도권,10월,메이크업,(실장)본식+촬영,필수,51,60,74,104,110
비수도권,10월,메이크업,(실장)본식+촬영,필수,17,27,47,71,110
서울(강남),10월,메이크업,(실장)본식+촬영,필수,55,70,78,109,110
서울(강남외),10월,메이크업,(실장)본식+촬영,필수,38,44,55,71,97
부산,10월,메이크업,(실장)본식+촬영,필수,55,55,63,79,109
대구,10월,메이크업,(실장)본식+촬영,필수,17,17,40,55,110
인천,10월,메이크업,(실장)본식+촬영,필수,55,55,60,66,66
광주,10월,메이크업,(실장)본식+촬영,필수,9,17,25,27,55
대전,10월,메이크업,(실장)본식+촬영,필수,17,24,41,55,-
울산,10월,메이크업,(실장)본식+촬영,필수,51,53,63,69,-
경기도,10월,메이크업,(실장)본식+촬영,필수,32,36,54,60,68
강원도,10월,메이크업,(실장)본식+촬영,필수,44,44,44,67,-
충청도,10월,메이크업,(실장)본식+촬영,필수,40,50,73,88,109
전라도,10월,메이크업,(실장)본식+촬영,필수,15,33,60,99,110
경상도,10월,메이크업,(실장)본식+촬영,필수,33,35,66,76,-
제주도,10월,메이크업,(실장)본식+촬영,필수,28,28,40,-,-
전국,9월,메이크업,(실장)본식+촬영,필수,20,42,62,88,110
수도권,9월,메이크업,(실장)본식+촬영,필수,52,59,74,105,110
비수도권,9월,메이크업,(실장)본식+촬영,필수,17,27,47,71,110
서울(강남),9월,메이크업,(실장)본식+촬영,필수,55,70,79,109,110
서울(강남외),9월,메이크업,(실장)본식+촬영,필수,38,43,54,73,110
부산,9월,메이크업,(실장)본식+촬영,필수,55,55,63,79,109
대구,9월,메이크업,(실장)본식+촬영,필수,17,17,40,55,110
인천,9월,메이크업,(실장)본식+촬영,필수,55,55,55,65,66
광주,9월,메이크업,(실장)본식+촬영,필수,9,17,25,27,55
대전,9월,메이크업,(실장)본식+촬영,필수,17,24,41,55,-
울산,9월,메이크업,(실장)본식+촬영,필수,51,53,63,69,-
경기도,9월,메이크업,(실장)본식+촬영,필수,32,36,54,60,68
강원도,9월,메이크업,(실장)본식+촬영,필수,44,44,44,67,-
충청도,9월,메이크업,(실장)본식+촬영,필수,40,50,73,88,109
전라도,9월,메이크업,(실장)본식+촬영,필수,15,33,60,99,110
경상도,9월,메이크업,(실장)본식+촬영,필수,33,35,66,76,-
제주도,9월,메이크업,(실장)본식+촬영,필수,28,28,40,-,-
전국,8월,메이크업,(실장)본식+촬영,필수,20,42,62,87,110
수도권,8월,메이크업,(실장)본식+촬영,필수,51,58,74,103,110
비수도권,8월,메이크업,(실장)본식+촬영,필수,17,27,47,71,110
서울(강남),8월,메이크업,(실장)본식+촬영,필수,55,70,79,109,110
서울(강남외),8월,메이크업,(실장)본식+촬영,필수,38,43,54,73,110
부산,8월,메이크업,(실장)본식+촬영,필수,55,55,63,79,109
대구,8월,메이크업,(실장)본식+촬영,필수,17,17,40,55,110
인천,8월,메이크업,(실장)본식+촬영,필수,55,55,55,65,66
광주,8월,메이크업,(실장)본식+촬영,필수,9,17,25,27,55
대전,8월,메이크업,(실장)본식+촬영,필수,17,24,41,55,-
울산,8월,메이크업,(실장)본식+촬영,필수,51,53,63,69,-
경기도,8월,메이크업,(실장)본식+촬영,필수,32,36,54,60,68
강원도,8월,메이크업,(실장)본식+촬영,필수,44,44,44,67,-
충청도,8월,메이크업,(실장)본식+촬영,필수,40,50,73,88,109
전라도,8월,메이크업,(실장)본식+촬영,필수,15,33,60,99,110
경상도,8월,메이크업,(실장)본식+촬영,필수,33,35,66,76,-
제주도,8월,메이크업,(실장)본식+촬영,필수,28,28,40,-,-
전국,7월,메이크업,(실장)본식+촬영,필수,20,42,60,91,110
수도권,7월,메이크업,(실장)본식+촬영,필수,44,56,74,103,110
비수도권,7월,메이크업,(실장)본식+촬영,필수,17,27,46,70,110
서울(강남),7월,메이크업,(실장)본식+촬영,필수,55,69,78,109,110
서울(강남외),7월,메이크업,(실장)본식+촬영,필수,20,43,50,73,110
부산,7월,메이크업,(실장)본식+촬영,필수,55,55,63,79,109
대구,7월,메이크업,(실장)본식+촬영,필수,17,17,40,55,110
인천,7월,메이크업,(실장)본식+촬영,필수,55,55,55,65,66
광주,7월,메이크업,(실장)본식+촬영,필수,9,17,25,27,55
대전,7월,메이크업,(실장)본식+촬영,필수,17,24,41,55,-
울산,7월,메이크업,(실장)본식+촬영,필수,51,53,63,83,-
경기도,7월,메이크업,(실장)본식+촬영,필수,32,36,47,59,60
강원도,7월,메이크업,(실장)본식+촬영,필수,44,44,44,67,-
충청도,7월,메이크업,(실장)본식+촬영,필수,40,50,71,93,109
전라도,7월,메이크업,(실장)본식+촬영,필수,15,33,52,102,110
경상도,7월,메이크업,(실장)본식+촬영,필수,33,35,66,76,-
제주도,7월,메이크업,(실장)본식+촬영,필수,28,28,40,-,-
전국,6월,메이크업,(실장)본식+촬영,필수,20,40,59,91,110
수도권,6월,메이크업,(실장)본식+촬영,필수,44,56,74,103,113
비수도권,6월,메이크업,(실장)본식+촬영,필수,17,27,45,70,109
서울(강남),6월,메이크업,(실장)본식+촬영,필수,55,69,80,108,113
서울(강남외),6월,메이크업,(실장)본식+촬영,필수,20,43,50,60,98
부산,6월,메이크업,(실장)본식+촬영,필수,55,55,63,79,95
대구,6월,메이크업,(실장)본식+촬영,필수,17,17,40,55,110
인천,6월,메이크업,(실장)본식+촬영,필수,55,55,55,65,66
광주,6월,메이크업,(실장)본식+촬영,필수,9,16,25,27,55
대전,6월,메이크업,(실장)본식+촬영,필수,17,24,41,55,-
울산,6월,메이크업,(실장)본식+촬영,필수,51,53,63,83,-
경기도,6월,메이크업,(실장)본식+촬영,필수,32,36,47,59,60
강원도,6월,메이크업,(실장)본식+촬영,필수,44,44,44,67,-
충청도,6월,메이크업,(실장)본식+촬영,필수,40,50,71,93,109
전라도,6월,메이크업,(실장)본식+촬영,필수,15,33,52,99,110
경상도,6월,메이크업,(실장)본식+촬영,필수,33,35,66,76,-
제주도,6월,메이크업,(실장)본식+촬영,필수,28,28,40,-,-
전국,5월,메이크업,(실장)본식+촬영,필수,20,40,56,91,110
수도권,5월,메이크업,(실장)본식+촬영,필수,44,55,74,104,113
비수도권,5월,메이크업,(실장)본식+촬영,필수,17,27,45,70,109
서울(강남),5월,메이크업,(실장)본식+촬영,필수,55,69,82,108,113
서울(강남외),5월,메이크업,(실장)본식+촬영,필수,20,43,50,60,98
부산,5월,메이크업,(실장)본식+촬영,필수,55,55,63,79,95
대구,5월,메이크업,(실장)본식+촬영,필수,17,17,40,55,110
인천,5월,메이크업,(실장)본식+촬영,필수,55,55,55,65,66
광주,5월,메이크업,(실장)본식+촬영,필수,9,16,25,27,55
대전,5월,메이크업,(실장)본식+촬영,필수,40,40,55,-,-
울산,5월,메이크업,(실장)본식+촬영,필수,51,53,63,83,-
경기도,5월,메이크업,(실장)본식+촬영,필수,32,36,47,59,60
강원도,5월,메이크업,(실장)본식+촬영,필수,44,44,44,67,-
충청도,5월,메이크업,(실장)본식+촬영,필수,40,50,71,93,109
전라도,5월,메이크업,(실장)본식+촬영,필수,15,33,52,99,110
경상도,5월,메이크업,(실장)본식+촬영,필수,33,35,66,76,-
제주도,5월,메이크업,(실장)본식+촬영,필수,28,28,40,-,-
전국,4월,메이크업,담당자 지정,선택,6,6,6,10,15
수도권,4월,메이크업,담당자 지정,선택,6,6,6,8,13
비수도권,4월,메이크업,담당자 지정,선택,4,6,10,15,22
서울,4월,메이크업,담당자 지정,선택,6,6,6,8,12
경인,4월,메이크업,담당자 지정,선택,6,6,10,11,-
5대 광역시,4월,메이크업,담당자 지정,선택,4,8,11,22,32
이외 지역,4월,메이크업,담당자 지정,선택,4,6,8,11,15
전국,3월,메이크업,담당자 지정,선택,6,6,6,10,15
수도권,3월,메이크업,담당자 지정,선택,6,6,6,8,15
비수도권,3월,메이크업,담당자 지정,선택,4,6,10,15,22
서울,3월,메이크업,담당자 지정,선택,6,6,6,8,14
경인,3월,메이크업,담당자 지정,선택,6,6,10,11,-
5대 광역시,3월,메이크업,담당자 지정,선택,5,8,11,22,31
이외 지역,3월,메이크업,담당자 지정,선택,4,6,8,11,15
전국,2월,메이크업,담당자 지정,선택,6,6,6,10,15
수도권,2월,메이크업,담당자 지정,선택,6,6,6,8,15
비수도권,2월,메이크업,담당자 지정,선택,4,6,10,15,22
서울,2월,메이크업,담당자 지정,선택,6,6,6,8,15
경인,2월,메이크업,담당자 지정,선택,6,6,10,11,-
5대 광역시,2월,메이크업,담당자 지정,선택,5,8,11,22,31
이외 지역,2월,메이크업,담당자 지정,선택,4,6,8,11,15
전국,1월,메이크업,담당자 지정,선택,6,6,6,11,15
수도권,1월,메이크업,담당자 지정,선택,6,6,6,8,15
비수도권,1월,메이크업,담당자 지정,선택,4,6,10,15,22
서울,1월,메이크업,담당자 지정,선택,6,6,6,8,15
경인,1월,메이크업,담당자 지정,선택,6,6,10,11,-
5대 광역시,1월,메이크업,담당자 지정,선택,5,8,11,22,31
이외 지역,1월,메이크업,담당자 지정,선택,4,6,8,11,15
전국,12월,메이크업,담당자 지정,선택,6,6,6,10,15
수도권,12월,메이크업,담당자 지정,선택,6,6,6,8,15
비수도권,12월,메이크업,담당자 지정,선택,4,6,10,15,22
서울,12월,메이크업,담당자 지정,선택,6,6,6,8,15
경인,12월,메이크업,담당자 지정,선택,6,6,10,11,-
5대 광역시,12월,메이크업,담당자 지정,선택,4,8,11,22,29
이외 지역,12월,메이크업,담당자 지정,선택,4,6,8,11,15
전국,11월,메이크업,담당자 지정,선택,6,6,6,10,15
수도권,11월,메이크업,담당자 지정,선택,6,6,6,8,15
비수도권,11월,메이크업,담당자 지정,선택,4,6,10,15,22
서울,11월,메이크업,담당자 지정,선택,6,6,6,8,15
경인,11월,메이크업,담당자 지정,선택,6,6,10,11,-
5대 광역시,11월,메이크업,담당자 지정,선택,4,8,11,22,29
이외 지역,11월,메이크업,담당자 지정,선택,4,6,8,11,15
전국,10월,메이크업,담당자 지정,선택,6,6,6,11,15
수도권,10월,메이크업,담당자 지정,선택,6,6,6,8,15
비수도권,10월,메이크업,담당자 지정,선택,4,6,10,15,22
서울,10월,메이크업,담당자 지정,선택,6,6,6,8,15
경인,10월,메이크업,담당자 지정,선택,6,7,10,16,-
5대 광역시,10월,메이크업,담당자 지정,선택,4,8,11,22,29
이외 지역,10월,메이크업,담당자 지정,선택,4,6,9,11,15
전국,9월,메이크업,담당자 지정,선택,6,6,6,11,15
수도권,9월,메이크업,담당자 지정,선택,6,6,6,8,15
비수도권,9월,메이크업,담당자 지정,선택,4,6,10,15,22
서울,9월,메이크업,담당자 지정,선택,6,6,6,8,15
경인,9월,메이크업,담당자 지정,선택,6,6,10,11,-
5대 광역시,9월,메이크업,담당자 지정,선택,4,8,11,22,29
이외 지역,9월,메이크업,담당자 지정,선택,4,6,9,11,15
전국,8월,메이크업,담당자 지정,선택,6,6,6,11,15
수도권,8월,메이크업,담당자 지정,선택,6,6,6,8,15
비수도권,8월,메이크업,담당자 지정,선택,4,6,10,15,22
서울,8월,메이크업,담당자 지정,선택,6,6,6,8,15
경인,8월,메이크업,담당자 지정,선택,6,6,10,11,-
5대 광역시,8월,메이크업,담당자 지정,선택,4,8,11,22,29
이외 지역,8월,메이크업,담당자 지정,선택,4,6,9,11,15
전국,7월,메이크업,담당자 지정,선택,6,6,6,11,15
수도권,7월,메이크업,담당자 지정,선택,6,6,6,10,15
비수도권,7월,메이크업,담당자 지정,선택,4,6,10,15,22
서울,7월,메이크업,담당자 지정,선택,6,6,6,8,15
경인,7월,메이크업,담당자 지정,선택,6,6,10,11,-
5대 광역시,7월,메이크업,담당자 지정,선택,4,8,11,22,29
이외 지역,7월,메이크업,담당자 지정,선택,4,6,9,11,15
전국,6월,메이크업,담당자 지정,선택,6,6,6,10,15
수도권,6월,메이크업,담당자 지정,선택,6,6,6,10,15
비수도권,6월,메이크업,담당자 지정,선택,4,6,9,17,22
서울,6월,메이크업,담당자 지정,선택,6,6,6,8,15
경인,6월,메이크업,담당자 지정,선택,6,6,10,11,-
5대 광역시,6월,메이크업,담당자 지정,선택,4,8,10,22,32
이외 지역,6월,메이크업,담당자 지정,선택,4,6,8,10,15
전국,5월,메이크업,담당자 지정,선택,6,6,6,11,15
수도권,5월,메이크업,담당자 지정,선택,6,6,6,10,15
비수도권,5월,메이크업,담당자 지정,선택,4,6,9,17,22
서울,5월,메이크업,담당자 지정,선택,6,6,6,8,15
경인,5월,메이크업,담당자 지정,선택,6,6,10,11,-
5대 광역시,5월,메이크업,담당자 지정,선택,4,8,10,22,32
이외 지역,5월,메이크업,담당자 지정,선택,4,6,8,10,15
전국,4월,메이크업,촬영 출장비,선택,3,15,20,24,57
수도권,4월,메이크업,촬영 출장비,선택,3,13,15,33,72
비수도권,4월,메이크업,촬영 출장비,선택,3,13,21,22,30
서울,4월,메이크업,촬영 출장비,선택,3,10,15,33,72
경인,4월,메이크업,촬영 출장비,선택,22,22,22,-,-
5대 광역시,4월,메이크업,촬영 출장비,선택,2,20,22,22,39
이외 지역,4월,메이크업,촬영 출장비,선택,5,5,10,-,-
전국,3월,메이크업,촬영 출장비,선택,3,15,20,23,52
수도권,3월,메이크업,촬영 출장비,선택,3,15,15,33,72
비수도권,3월,메이크업,촬영 출장비,선택,3,15,22,22,25
서울,3월,메이크업,촬영 출장비,선택,3,13,15,33,72
경인,3월,메이크업,촬영 출장비,선택,22,22,22,-,-
5대 광역시,3월,메이크업,촬영 출장비,선택,3,20,22,22,34
이외 지역,3월,메이크업,촬영 출장비,선택,5,5,10,-,-
전국,2월,메이크업,촬영 출장비,선택,3,15,20,23,43
수도권,2월,메이크업,촬영 출장비,선택,3,15,15,33,49
비수도권,2월,메이크업,촬영 출장비,선택,3,15,22,22,25
서울,2월,메이크업,촬영 출장비,선택,3,13,15,33,52
경인,2월,메이크업,촬영 출장비,선택,22,22,22,-,-
5대 광역시,2월,메이크업,촬영 출장비,선택,3,20,22,22,34
이외 지역,2월,메이크업,촬영 출장비,선택,5,5,10,-,-
전국,1월,메이크업,촬영 출장비,선택,3,15,20,22,37
수도권,1월,메이크업,촬영 출장비,선택,3,13,15,33,52
비수도권,1월,메이크업,촬영 출장비,선택,3,15,22,22,25
서울,1월,메이크업,촬영 출장비,선택,3,10,15,33,54
경인,1월,메이크업,촬영 출장비,선택,22,22,22,-,-
5대 광역시,1월,메이크업,촬영 출장비,선택,3,20,22,22,34
이외 지역,1월,메이크업,촬영 출장비,선택,5,5,10,-,-
전국,12월,메이크업,촬영 출장비,선택,3,15,20,22,33
수도권,12월,메이크업,촬영 출장비,선택,3,10,15,28,37
비수도권,12월,메이크업,촬영 출장비,선택,3,15,22,22,25
서울,12월,메이크업,촬영 출장비,선택,3,8,15,30,38
경인,12월,메이크업,촬영 출장비,선택,22,22,22,-,-
5대 광역시,12월,메이크업,촬영 출장비,선택,3,20,22,22,34
이외 지역,12월,메이크업,촬영 출장비,선택,5,5,10,-,-
전국,11월,메이크업,촬영 출장비,선택,3,15,20,22,33
수도권,11월,메이크업,촬영 출장비,선택,3,10,15,28,37
비수도권,11월,메이크업,촬영 출장비,선택,3,13,22,22,30
서울,11월,메이크업,촬영 출장비,선택,3,8,15,30,38
경인,11월,메이크업,촬영 출장비,선택,22,22,22,-,-
5대 광역시,11월,메이크업,촬영 출장비,선택,2,20,22,22,39
이외 지역,11월,메이크업,촬영 출장비,선택,5,5,10,-,-
전국,10월,메이크업,촬영 출장비,선택,3,15,20,22,33
수도권,10월,메이크업,촬영 출장비,선택,3,10,15,28,37
비수도권,10월,메이크업,촬영 출장비,선택,3,13,22,22,30
서울,10월,메이크업,촬영 출장비,선택,3,8,15,30,38
경인,10월,메이크업,촬영 출장비,선택,22,22,-,-,-
5대 광역시,10월,메이크업,촬영 출장비,선택,2,20,22,22,39
이외 지역,10월,메이크업,촬영 출장비,선택,5,5,10,-,-
전국,9월,메이크업,촬영 출장비,선택,3,15,20,22,33
수도권,9월,메이크업,촬영 출장비,선택,3,10,15,28,37
비수도권,9월,메이크업,촬영 출장비,선택,3,13,22,22,30
서울,9월,메이크업,촬영 출장비,선택,3,8,15,30,38
경인,9월,메이크업,촬영 출장비,선택,22,22,22,-,-
5대 광역시,9월,메이크업,촬영 출장비,선택,2,20,22,22,39
이외 지역,9월,메이크업,촬영 출장비,선택,5,5,10,-,-
전국,8월,메이크업,촬영 출장비,선택,3,15,20,22,33
수도권,8월,메이크업,촬영 출장비,선택,3,10,15,28,37
비수도권,8월,메이크업,촬영 출장비,선택,3,13,22,22,30
서울,8월,메이크업,촬영 출장비,선택,3,8,15,30,38
경인,8월,메이크업,촬영 출장비,선택,22,22,22,-,-
5대 광역시,8월,메이크업,촬영 출장비,선택,2,20,22,22,39
이외 지역,8월,메이크업,촬영 출장비,선택,5,5,10,-,-
전국,7월,메이크업,촬영 출장비,선택,3,15,20,22,33
수도권,7월,메이크업,촬영 출장비,선택,3,10,15,28,37
비수도권,7월,메이크업,촬영 출장비,선택,3,13,22,22,30
서울,7월,메이크업,촬영 출장비,선택,3,8,15,30,38
경인,7월,메이크업,촬영 출장비,선택,22,22,22,-,-
5대 광역시,7월,메이크업,촬영 출장비,선택,2,20,22,22,39
이외 지역,7월,메이크업,촬영 출장비,선택,5,5,10,-,-
전국,6월,메이크업,촬영 출장비,선택,3,15,20,22,33
수도권,6월,메이크업,촬영 출장비,선택,3,10,15,28,37
비수도권,6월,메이크업,촬영 출장비,선택,3,13,22,22,30
서울,6월,메이크업,촬영 출장비,선택,3,8,15,30,38
경인,6월,메이크업,촬영 출장비,선택,22,22,22,-,-
5대 광역시,6월,메이크업,촬영 출장비,선택,2,20,22,22,39
이외 지역,6월,메이크업,촬영 출장비,선택,5,5,10,-,-
전국,5월,메이크업,촬영 출장비,선택,3,15,20,22,33
수도권,5월,메이크업,촬영 출장비,선택,3,10,15,28,37
비수도권,5월,메이크업,촬영 출장비,선택,3,13,22,22,30
서울,5월,메이크업,촬영 출장비,선택,3,8,15,30,38
경인,5월,메이크업,촬영 출장비,선택,22,22,22,-,-
5대 광역시,5월,메이크업,촬영 출장비,선택,2,20,22,22,39
이외 지역,5월,메이크업,촬영 출장비,선택,5,5,10,-,-
전국,4월,메이크업,휴무일 진행비,선택,0,5,17,19,-
수도권,4월,메이크업,휴무일 진행비,선택,17,17,17,22,-
비수도권,4월,메이크업,휴무일 진행비,선택,0,1,5,14,-
서울,4월,메이크업,휴무일 진행비,선택,17,17,17,22,-
경인,4월,메이크업,휴무일 진행비,선택,-,-,-,-,-
5대 광역시,4월,메이크업,휴무일 진행비,선택,0,0,8,-,-
이외 지역,4월,메이크업,휴무일 진행비,선택,5,5,5,-,-
전국,3월,메이크업,휴무일 진행비,선택,0,5,17,19,-
수도권,3월,메이크업,휴무일 진행비,선택,17,17,17,22,-
비수도권,3월,메이크업,휴무일 진행비,선택,0,1,5,14,-
서울,3월,메이크업,휴무일 진행비,선택,17,17,17,22,-
경인,3월,메이크업,휴무일 진행비,선택,-,-,-,-,-
5대 광역시,3월,메이크업,휴무일 진행비,선택,0,0,8,-,-
이외 지역,3월,메이크업,휴무일 진행비,선택,5,5,5,-,-
전국,2월,메이크업,휴무일 진행비,선택,0,5,17,21,-
수도권,2월,메이크업,휴무일 진행비,선택,17,17,19,22,-
비수도권,2월,메이크업,휴무일 진행비,선택,0,1,5,14,-
서울,2월,메이크업,휴무일 진행비,선택,17,17,19,22,-
경인,2월,메이크업,휴무일 진행비,선택,-,-,-,-,-
5대 광역시,2월,메이크업,휴무일 진행비,선택,0,0,8,-,-
이외 지역,2월,메이크업,휴무일 진행비,선택,5,5,5,-,-
전국,1월,메이크업,휴무일 진행비,선택,0,5,17,21,-
수도권,1월,메이크업,휴무일 진행비,선택,17,17,19,22,-
비수도권,1월,메이크업,휴무일 진행비,선택,0,1,5,14,-
서울,1월,메이크업,휴무일 진행비,선택,17,17,19,22,-
경인,1월,메이크업,휴무일 진행비,선택,-,-,-,-,-
5대 광역시,1월,메이크업,휴무일 진행비,선택,0,0,8,-,-
이외 지역,1월,메이크업,휴무일 진행비,선택,5,5,5,-,-
전국,12월,메이크업,휴무일 진행비,선택,0,5,17,22,-
수도권,12월,메이크업,휴무일 진행비,선택,17,17,22,-,-
비수도권,12월,메이크업,휴무일 진행비,선택,0,1,5,14,-
서울,12월,메이크업,휴무일 진행비,선택,17,17,22,-,-
경인,12월,메이크업,휴무일 진행비,선택,-,-,-,-,-
5대 광역시,12월,메이크업,휴무일 진행비,선택,0,0,8,-,-
이외 지역,12월,메이크업,휴무일 진행비,선택,5,5,5,-,-
전국,11월,메이크업,휴무일 진행비,선택,0,5,17,22,-
수도권,11월,메이크업,휴무일 진행비,선택,17,17,22,-,-
비수도권,11월,메이크업,휴무일 진행비,선택,0,1,5,14,-
서울,11월,메이크업,휴무일 진행비,선택,17,17,22,-,-
경인,11월,메이크업,휴무일 진행비,선택,-,-,-,-,-
5대 광역시,11월,메이크업,휴무일 진행비,선택,0,0,8,-,-
이외 지역,11월,메이크업,휴무일 진행비,선택,5,5,5,-,-
전국,10월,메이크업,휴무일 진행비,선택,0,5,17,22,-
수도권,10월,메이크업,휴무일 진행비,선택,17,17,22,-,-
비수도권,10월,메이크업,휴무일 진행비,선택,0,1,5,14,-
서울,10월,메이크업,휴무일 진행비,선택,17,17,22,-,-
경인,10월,메이크업,휴무일 진행비,선택,-,-,-,-,-
5대 광역시,10월,메이크업,휴무일 진행비,선택,0,0,8,-,-
이외 지역,10월,메이크업,휴무일 진행비,선택,5,5,5,-,-
전국,9월,메이크업,휴무일 진행비,선택,0,5,17,22,-
수도권,9월,메이크업,휴무일 진행비,선택,17,17,22,-,-
비수도권,9월,메이크업,휴무일 진행비,선택,0,1,5,14,-
서울,9월,메이크업,휴무일 진행비,선택,17,17,22,-,-
경인,9월,메이크업,휴무일 진행비,선택,-,-,-,-,-
5대 광역시,9월,메이크업,휴무일 진행비,선택,0,0,8,-,-
이외 지역,9월,메이크업,휴무일 진행비,선택,5,5,5,-,-
전국,8월,메이크업,휴무일 진행비,선택,0,5,17,22,-
수도권,8월,메이크업,휴무일 진행비,선택,17,17,22,-,-
비수도권,8월,메이크업,휴무일 진행비,선택,0,1,5,14,-
서울,8월,메이크업,휴무일 진행비,선택,17,17,22,-,-
경인,8월,메이크업,휴무일 진행비,선택,-,-,-,-,-
5대 광역시,8월,메이크업,휴무일 진행비,선택,0,0,8,-,-
이외 지역,8월,메이크업,휴무일 진행비,선택,5,5,5,-,-
전국,7월,메이크업,휴무일 진행비,선택,0,5,17,22,-
수도권,7월,메이크업,휴무일 진행비,선택,17,17,22,-,-
비수도권,7월,메이크업,휴무일 진행비,선택,0,1,5,14,-
서울,7월,메이크업,휴무일 진행비,선택,17,17,22,-,-
경인,7월,메이크업,휴무일 진행비,선택,-,-,-,-,-
5대 광역시,7월,메이크업,휴무일 진행비,선택,0,0,8,-,-
이외 지역,7월,메이크업,휴무일 진행비,선택,5,5,5,-,-
전국,6월,메이크업,휴무일 진행비,선택,0,5,17,22,-
수도권,6월,메이크업,휴무일 진행비,선택,17,17,22,-,-
비수도권,6월,메이크업,휴무일 진행비,선택,0,1,5,14,-
서울,6월,메이크업,휴무일 진행비,선택,17,17,22,-,-
경인,6월,메이크업,휴무일 진행비,선택,-,-,-,-,-
5대 광역시,6월,메이크업,휴무일 진행비,선택,0,0,8,-,-
이외 지역,6월,메이크업,휴무일 진행비,선택,5,5,5,-,-
전국,5월,메이크업,휴무일 진행비,선택,0,5,17,22,-
수도권,5월,메이크업,휴무일 진행비,선택,17,17,22,-,-
비수도권,5월,메이크업,휴무일 진행비,선택,0,1,5,14,-
서울,5월,메이크업,휴무일 진행비,선택,17,17,22,-,-
경인,5월,메이크업,휴무일 진행비,선택,-,-,-,-,-
5대 광역시,5월,메이크업,휴무일 진행비,선택,0,0,8,-,-
이외 지역,5월,메이크업,휴무일 진행비,선택,5,5,5,-,-
전국,4월,메이크업,신랑 메이크업,선택,0,3,5,7,11
수도권,4월,메이크업,신랑 메이크업,선택,0,4,5,11,13
비수도권,4월,메이크업,신랑 메이크업,선택,0,3,3,5,8
서울,4월,메이크업,신랑 메이크업,선택,0,1,5,11,13
경인,4월,메이크업,신랑 메이크업,선택,8,8,9,-,-
5대 광역시,4월,메이크업,신랑 메이크업,선택,0,3,3,5,7
이외 지역,4월,메이크업,신랑 메이크업,선택,0,0,5,8,-
전국,3월,메이크업,신랑 메이크업,선택,0,3,5,6,11
수도권,3월,메이크업,신랑 메이크업,선택,0,4,5,11,13
비수도권,3월,메이크업,신랑 메이크업,선택,0,1,3,5,8
서울,3월,메이크업,신랑 메이크업,선택,0,1,5,11,13
경인,3월,메이크업,신랑 메이크업,선택,8,8,9,-,-
5대 광역시,3월,메이크업,신랑 메이크업,선택,0,3,3,5,6
이외 지역,3월,메이크업,신랑 메이크업,선택,0,0,5,8,-
전국,2월,메이크업,신랑 메이크업,선택,0,3,5,6,11
수도권,2월,메이크업,신랑 메이크업,선택,0,5,6,11,13
비수도권,2월,메이크업,신랑 메이크업,선택,0,1,3,5,8
서울,2월,메이크업,신랑 메이크업,선택,0,2,5,11,13
경인,2월,메이크업,신랑 메이크업,선택,8,8,9,-,-
5대 광역시,2월,메이크업,신랑 메이크업,선택,0,3,3,5,6
이외 지역,2월,메이크업,신랑 메이크업,선택,0,0,5,8,-
전국,1월,메이크업,신랑 메이크업,선택,0,3,5,6,11
수도권,1월,메이크업,신랑 메이크업,선택,0,5,6,11,13
비수도권,1월,메이크업,신랑 메이크업,선택,0,1,3,5,8
서울,1월,메이크업,신랑 메이크업,선택,0,2,5,11,13
경인,1월,메이크업,신랑 메이크업,선택,8,8,9,-,-
5대 광역시,1월,메이크업,신랑 메이크업,선택,0,3,3,5,6
이외 지역,1월,메이크업,신랑 메이크업,선택,0,0,5,8,-
전국,12월,메이크업,신랑 메이크업,선택,0,3,5,6,11
수도권,12월,메이크업,신랑 메이크업,선택,0,5,6,11,13
비수도권,12월,메이크업,신랑 메이크업,선택,0,1,3,5,8
서울,12월,메이크업,신랑 메이크업,선택,0,2,5,11,13
경인,12월,메이크업,신랑 메이크업,선택,8,8,9,-,-
5대 광역시,12월,메이크업,신랑 메이크업,선택,0,3,3,5,6
이외 지역,12월,메이크업,신랑 메이크업,선택,0,0,5,8,-
전국,11월,메이크업,신랑 메이크업,선택,0,3,5,8,11
수도권,11월,메이크업,신랑 메이크업,선택,0,5,6,11,13
비수도권,11월,메이크업,신랑 메이크업,선택,0,2,5,5,10
서울,11월,메이크업,신랑 메이크업,선택,0,2,5,11,13
경인,11월,메이크업,신랑 메이크업,선택,8,8,9,-,-
5대 광역시,11월,메이크업,신랑 메이크업,선택,0,3,3,5,6
이외 지역,11월,메이크업,신랑 메이크업,선택,0,0,6,9,-
전국,10월,메이크업,신랑 메이크업,선택,0,3,5,8,11
수도권,10월,메이크업,신랑 메이크업,선택,0,5,6,11,13
비수도권,10월,메이크업,신랑 메이크업,선택,0,2,5,5,10
서울,10월,메이크업,신랑 메이크업,선택,0,2,5,11,13
경인,10월,메이크업,신랑 메이크업,선택,8,8,9,-,-
5대 광역시,10월,메이크업,신랑 메이크업,선택,0,3,3,5,6
이외 지역,10월,메이크업,신랑 메이크업,선택,0,0,6,9,-
전국,9월,메이크업,신랑 메이크업,선택,0,3,5,8,11
수도권,9월,메이크업,신랑 메이크업,선택,0,5,6,11,13
비수도권,9월,메이크업,신랑 메이크업,선택,0,2,5,5,10
서울,9월,메이크업,신랑 메이크업,선택,0,2,5,11,13
경인,9월,메이크업,신랑 메이크업,선택,8,8,9,-,-
5대 광역시,9월,메이크업,신랑 메이크업,선택,0,3,3,5,6
이외 지역,9월,메이크업,신랑 메이크업,선택,0,0,6,9,-
전국,8월,메이크업,신랑 메이크업,선택,0,3,5,8,11
수도권,8월,메이크업,신랑 메이크업,선택,0,5,6,11,13
비수도권,8월,메이크업,신랑 메이크업,선택,0,2,5,5,10
서울,8월,메이크업,신랑 메이크업,선택,0,2,5,11,13
경인,8월,메이크업,신랑 메이크업,선택,8,8,9,-,-
5대 광역시,8월,메이크업,신랑 메이크업,선택,0,3,3,5,6
이외 지역,8월,메이크업,신랑 메이크업,선택,0,0,6,9,-
전국,7월,메이크업,신랑 메이크업,선택,0,3,5,8,11
수도권,7월,메이크업,신랑 메이크업,선택,0,5,6,11,13
비수도권,7월,메이크업,신랑 메이크업,선택,0,2,5,5,10
서울,7월,메이크업,신랑 메이크업,선택,0,2,5,11,13
경인,7월,메이크업,신랑 메이크업,선택,8,8,9,-,-
5대 광역시,7월,메이크업,신랑 메이크업,선택,0,3,3,5,6
이외 지역,7월,메이크업,신랑 메이크업,선택,0,0,6,9,-
전국,6월,메이크업,신랑 메이크업,선택,0,3,5,8,11
수도권,6월,메이크업,신랑 메이크업,선택,0,5,6,11,13
비수도권,6월,메이크업,신랑 메이크업,선택,0,2,5,5,10
서울,6월,메이크업,신랑 메이크업,선택,0,2,5,11,13
경인,6월,메이크업,신랑 메이크업,선택,8,8,9,-,-
5대 광역시,6월,메이크업,신랑 메이크업,선택,0,3,3,5,6
이외 지역,6월,메이크업,신랑 메이크업,선택,0,0,6,9,-
전국,5월,메이크업,신랑 메이크업,선택,0,3,5,8,11
수도권,5월,메이크업,신랑 메이크업,선택,0,5,6,11,13
비수도권,5월,메이크업,신랑 메이크업,선택,0,2,5,5,10
서울,5월,메이크업,신랑 메이크업,선택,0,2,5,11,13
경인,5월,메이크업,신랑 메이크업,선택,8,8,9,-,-
5대 광역시,5월,메이크업,신랑 메이크업,선택,0,3,3,5,6
이외 지역,5월,메이크업,신랑 메이크업,선택,0,0,6,9,-
전국,4월,메이크업,신랑헤어,선택,3,3,5,8,11
수도권,4월,메이크업,신랑헤어,선택,5,5,6,10,12
비수도권,4월,메이크업,신랑헤어,선택,2,3,3,8,8
서울,4월,메이크업,신랑헤어,선택,5,5,6,10,12
경인,4월,메이크업,신랑헤어,선택,-,-,-,-,-
5대 광역시,4월,메이크업,신랑헤어,선택,2,3,3,3,9
이외 지역,4월,메이크업,신랑헤어,선택,4,5,8,8,-
전국,3월,메이크업,신랑헤어,선택,3,3,5,8,11
수도권,3월,메이크업,신랑헤어,선택,5,5,6,10,12
비수도권,3월,메이크업,신랑헤어,선택,2,3,3,8,8
서울,3월,메이크업,신랑헤어,선택,5,5,6,10,12
경인,3월,메이크업,신랑헤어,선택,-,-,-,-,-
5대 광역시,3월,메이크업,신랑헤어,선택,2,3,3,4,8
이외 지역,3월,메이크업,신랑헤어,선택,4,5,8,8,-
전국,2월,메이크업,신랑헤어,선택,3,3,5,8,11
수도권,2월,메이크업,신랑헤어,선택,5,5,6,9,12
비수도권,2월,메이크업,신랑헤어,선택,2,3,3,8,8
서울,2월,메이크업,신랑헤어,선택,5,5,6,9,12
경인,2월,메이크업,신랑헤어,선택,-,-,-,-,-
5대 광역시,2월,메이크업,신랑헤어,선택,2,3,3,4,8
이외 지역,2월,메이크업,신랑헤어,선택,4,5,8,8,-
전국,1월,메이크업,신랑헤어,선택,3,3,5,8,11
수도권,1월,메이크업,신랑헤어,선택,5,5,6,9,12
비수도권,1월,메이크업,신랑헤어,선택,2,3,3,8,8
서울,1월,메이크업,신랑헤어,선택,5,5,6,9,12
경인,1월,메이크업,신랑헤어,선택,-,-,-,-,-
5대 광역시,1월,메이크업,신랑헤어,선택,2,3,3,4,8
이외 지역,1월,메이크업,신랑헤어,선택,4,5,8,8,-
전국,12월,메이크업,신랑헤어,선택,3,3,5,8,11
수도권,12월,메이크업,신랑헤어,선택,5,5,6,9,12
비수도권,12월,메이크업,신랑헤어,선택,2,3,3,8,8
서울,12월,메이크업,신랑헤어,선택,5,5,6,9,12
경인,12월,메이크업,신랑헤어,선택,-,-,-,-,-
5대 광역시,12월,메이크업,신랑헤어,선택,2,3,3,4,8
이외 지역,12월,메이크업,신랑헤어,선택,4,5,8,8,-
전국,11월,메이크업,신랑헤어,선택,3,3,5,8,11
수도권,11월,메이크업,신랑헤어,선택,5,5,6,9,12
비수도권,11월,메이크업,신랑헤어,선택,2,3,3,8,8
서울,11월,메이크업,신랑헤어,선택,5,5,6,9,12
경인,11월,메이크업,신랑헤어,선택,-,-,-,-,-
5대 광역시,11월,메이크업,신랑헤어,선택,2,3,3,5,8
이외 지역,11월,메이크업,신랑헤어,선택,4,5,8,8,-
전국,10월,메이크업,신랑헤어,선택,3,3,5,8,11
수도권,10월,메이크업,신랑헤어,선택,5,5,6,9,12
비수도권,10월,메이크업,신랑헤어,선택,2,3,3,8,8
서울,10월,메이크업,신랑헤어,선택,5,5,6,9,12
경인,10월,메이크업,신랑헤어,선택,-,-,-,-,-
5대 광역시,10월,메이크업,신랑헤어,선택,2,3,3,5,8
이외 지역,10월,메이크업,신랑헤어,선택,4,5,8,8,-
전국,9월,메이크업,신랑헤어,선택,3,3,5,8,11
수도권,9월,메이크업,신랑헤어,선택,5,5,6,9,12
비수도권,9월,메이크업,신랑헤어,선택,2,3,3,8,8
서울,9월,메이크업,신랑헤어,선택,5,5,6,9,12
경인,9월,메이크업,신랑헤어,선택,-,-,-,-,-
5대 광역시,9월,메이크업,신랑헤어,선택,2,3,3,5,8
이외 지역,9월,메이크업,신랑헤어,선택,4,5,8,8,-
전국,8월,메이크업,신랑헤어,선택,3,3,5,8,11
수도권,8월,메이크업,신랑헤어,선택,5,5,6,9,12
비수도권,8월,메이크업,신랑헤어,선택,2,3,3,8,8
서울,8월,메이크업,신랑헤어,선택,5,5,6,9,12
경인,8월,메이크업,신랑헤어,선택,-,-,-,-,-
5대 광역시,8월,메이크업,신랑헤어,선택,2,3,3,5,8
이외 지역,8월,메이크업,신랑헤어,선택,4,5,8,8,-
전국,7월,메이크업,신랑헤어,선택,3,3,5,8,11
수도권,7월,메이크업,신랑헤어,선택,5,5,6,9,12
비수도권,7월,메이크업,신랑헤어,선택,2,3,3,8,8
서울,7월,메이크업,신랑헤어,선택,5,5,6,9,12
경인,7월,메이크업,신랑헤어,선택,-,-,-,-,-
5대 광역시,7월,메이크업,신랑헤어,선택,2,3,3,5,8
이외 지역,7월,메이크업,신랑헤어,선택,4,5,8,8,-
전국,6월,메이크업,신랑헤어,선택,3,3,5,8,11
수도권,6월,메이크업,신랑헤어,선택,5,5,6,9,12
비수도권,6월,메이크업,신랑헤어,선택,2,3,3,8,8
서울,6월,메이크업,신랑헤어,선택,5,5,6,9,12
경인,6월,메이크업,신랑헤어,선택,-,-,-,-,-
5대 광역시,6월,메이크업,신랑헤어,선택,2,3,3,5,8
이외 지역,6월,메이크업,신랑헤어,선택,4,5,8,8,-
전국,5월,메이크업,신랑헤어,선택,3,3,5,8,11
수도권,5월,메이크업,신랑헤어,선택,5,5,6,9,12
비수도권,5월,메이크업,신랑헤어,선택,2,3,3,8,8
서울,5월,메이크업,신랑헤어,선택,5,5,6,9,12
경인,5월,메이크업,신랑헤어,선택,-,-,-,-,-
5대 광역시,5월,메이크업,신랑헤어,선택,2,3,3,5,8
이외 지역,5월,메이크업,신랑헤어,선택,4,5,8,8,-
전국,4월,메이크업,신부 커트,선택,5,6,7,8,8
수도권,4월,메이크업,신부 커트,선택,5,6,7,8,8
비수도권,4월,메이크업,신부 커트,선택,0,6,8,8,8
서울,4월,메이크업,신부 커트,선택,5,6,7,8,8
경인,4월,메이크업,신부 커트,선택,8,8,8,-,-
5대 광역시,4월,메이크업,신부 커트,선택,0,6,7,8,-
이외 지역,4월,메이크업,신부 커트,선택,0,7,8,8,-
전국,3월,메이크업,신부 커트,선택,5,6,7,8,8
수도권,3월,메이크업,신부 커트,선택,5,6,7,8,8
비수도권,3월,메이크업,신부 커트,선택,0,6,8,8,8
서울,3월,메이크업,신부 커트,선택,5,6,7,8,8
경인,3월,메이크업,신부 커트,선택,8,8,8,-,-
5대 광역시,3월,메이크업,신부 커트,선택,0,6,8,8,-
이외 지역,3월,메이크업,신부 커트,선택,0,7,8,8,-
전국,2월,메이크업,신부 커트,선택,5,6,7,8,8
수도권,2월,메이크업,신부 커트,선택,5,6,7,8,8
비수도권,2월,메이크업,신부 커트,선택,0,6,8,8,8
서울,2월,메이크업,신부 커트,선택,5,6,7,8,8
경인,2월,메이크업,신부 커트,선택,8,8,8,-,-
5대 광역시,2월,메이크업,신부 커트,선택,0,6,8,8,-
이외 지역,2월,메이크업,신부 커트,선택,0,7,8,8,-
전국,1월,메이크업,신부 커트,선택,5,6,7,8,8
수도권,1월,메이크업,신부 커트,선택,5,6,7,8,8
비수도권,1월,메이크업,신부 커트,선택,0,6,8,8,8
서울,1월,메이크업,신부 커트,선택,5,6,7,8,8
경인,1월,메이크업,신부 커트,선택,8,8,8,-,-
5대 광역시,1월,메이크업,신부 커트,선택,0,6,8,8,-
이외 지역,1월,메이크업,신부 커트,선택,0,7,8,8,-
전국,12월,메이크업,신부 커트,선택,5,6,7,8,8
수도권,12월,메이크업,신부 커트,선택,5,6,7,8,8
비수도권,12월,메이크업,신부 커트,선택,0,6,8,8,8
서울,12월,메이크업,신부 커트,선택,5,6,7,8,8
경인,12월,메이크업,신부 커트,선택,8,8,8,-,-
5대 광역시,12월,메이크업,신부 커트,선택,0,6,8,8,-
이외 지역,12월,메이크업,신부 커트,선택,0,7,8,8,-
전국,11월,메이크업,신부 커트,선택,5,6,7,8,8
수도권,11월,메이크업,신부 커트,선택,5,6,7,8,8
비수도권,11월,메이크업,신부 커트,선택,0,6,8,8,8
서울,11월,메이크업,신부 커트,선택,5,6,7,8,8
경인,11월,메이크업,신부 커트,선택,8,8,8,-,-
5대 광역시,11월,메이크업,신부 커트,선택,0,6,8,8,-
이외 지역,11월,메이크업,신부 커트,선택,0,7,8,8,-
전국,10월,메이크업,신부 커트,선택,5,6,7,8,8
수도권,10월,메이크업,신부 커트,선택,5,6,7,8,8
비수도권,10월,메이크업,신부 커트,선택,0,6,8,8,8
서울,10월,메이크업,신부 커트,선택,5,6,7,8,8
경인,10월,메이크업,신부 커트,선택,8,8,-,-,-
5대 광역시,10월,메이크업,신부 커트,선택,0,6,8,8,-
이외 지역,10월,메이크업,신부 커트,선택,0,7,8,8,-
전국,9월,메이크업,신부 커트,선택,5,6,7,8,8
수도권,9월,메이크업,신부 커트,선택,5,6,7,8,8
비수도권,9월,메이크업,신부 커트,선택,0,6,8,8,8
서울,9월,메이크업,신부 커트,선택,5,6,7,8,8
경인,9월,메이크업,신부 커트,선택,8,8,8,-,-
5대 광역시,9월,메이크업,신부 커트,선택,0,6,8,8,-
이외 지역,9월,메이크업,신부 커트,선택,0,7,8,8,-
전국,8월,메이크업,신부 커트,선택,5,6,7,8,8
수도권,8월,메이크업,신부 커트,선택,5,6,7,8,8
비수도권,8월,메이크업,신부 커트,선택,0,6,8,8,8
서울,8월,메이크업,신부 커트,선택,5,6,7,8,8
경인,8월,메이크업,신부 커트,선택,8,8,8,-,-
5대 광역시,8월,메이크업,신부 커트,선택,0,6,8,8,-
이외 지역,8월,메이크업,신부 커트,선택,0,7,8,8,-
전국,7월,메이크업,신부 커트,선택,5,6,7,8,8
수도권,7월,메이크업,신부 커트,선택,5,6,7,8,8
비수도권,7월,메이크업,신부 커트,선택,0,6,8,8,8
서울,7월,메이크업,신부 커트,선택,5,6,7,8,8
경인,7월,메이크업,신부 커트,선택,8,8,8,-,-
5대 광역시,7월,메이크업,신부 커트,선택,0,6,8,8,-
이외 지역,7월,메이크업,신부 커트,선택,0,7,8,8,-
전국,6월,메이크업,신부 커트,선택,5,6,7,8,8
수도권,6월,메이크업,신부 커트,선택,5,6,7,8,8
비수도권,6월,메이크업,신부 커트,선택,0,6,8,8,8
서울,6월,메이크업,신부 커트,선택,5,6,7,8,8
경인,6월,메이크업,신부 커트,선택,8,8,8,-,-
5대 광역시,6월,메이크업,신부 커트,선택,0,6,8,8,-
이외 지역,6월,메이크업,신부 커트,선택,0,7,8,8,-
전국,5월,메이크업,신부 커트,선택,5,6,7,8,8
수도권,5월,메이크업,신부 커트,선택,5,6,7,8,8
비수도권,5월,메이크업,신부 커트,선택,0,6,8,8,8
서울,5월,메이크업,신부 커트,선택,5,6,7,8,8
경인,5월,메이크업,신부 커트,선택,8,8,8,-,-
5대 광역시,5월,메이크업,신부 커트,선택,0,6,8,8,-
이외 지역,5월,메이크업,신부 커트,선택,0,7,8,8,-
전국,4월,메이크업,가발,선택,4,7,10,15,24
수도권,4월,메이크업,가발,선택,5,8,10,17,24
비수도권,4월,메이크업,가발,선택,2,4,10,11,19
서울,4월,메이크업,가발,선택,5,8,11,17,24
경인,4월,메이크업,가발,선택,3,8,9,10,-
5대 광역시,4월,메이크업,가발,선택,2,3,10,17,28
이외 지역,4월,메이크업,가발,선택,2,7,10,11,11
전국,3월,메이크업,가발,선택,4,7,10,14,24
수도권,3월,메이크업,가발,선택,5,8,10,17,24
비수도권,3월,메이크업,가발,선택,2,4,10,11,18
서울,3월,메이크업,가발,선택,5,8,11,17,24
경인,3월,메이크업,가발,선택,3,8,9,10,-
5대 광역시,3월,메이크업,가발,선택,2,3,11,17,27
이외 지역,3월,메이크업,가발,선택,2,7,10,11,11
전국,2월,메이크업,가발,선택,4,6,10,11,20
수도권,2월,메이크업,가발,선택,5,8,10,16,24
비수도권,2월,메이크업,가발,선택,2,4,10,11,18
서울,2월,메이크업,가발,선택,5,7,11,17,24
경인,2월,메이크업,가발,선택,3,8,9,10,-
5대 광역시,2월,메이크업,가발,선택,2,3,11,17,27
이외 지역,2월,메이크업,가발,선택,2,7,10,11,11
전국,1월,메이크업,가발,선택,4,6,10,11,21
수도권,1월,메이크업,가발,선택,5,8,10,17,24
비수도권,1월,메이크업,가발,선택,2,4,10,11,18
서울,1월,메이크업,가발,선택,5,8,11,17,24
경인,1월,메이크업,가발,선택,3,8,9,10,-
5대 광역시,1월,메이크업,가발,선택,2,3,11,17,27
이외 지역,1월,메이크업,가발,선택,2,7,10,11,11
전국,12월,메이크업,가발,선택,4,6,10,11,17
수도권,12월,메이크업,가발,선택,5,8,9,14,20
비수도권,12월,메이크업,가발,선택,2,4,10,11,18
서울,12월,메이크업,가발,선택,5,7,11,17,25
경인,12월,메이크업,가발,선택,3,8,9,10,-
5대 광역시,12월,메이크업,가발,선택,2,3,11,17,27
이외 지역,12월,메이크업,가발,선택,2,7,10,11,11
전국,11월,메이크업,가발,선택,3,6,10,11,17
수도권,11월,메이크업,가발,선택,5,8,9,14,20
비수도권,11월,메이크업,가발,선택,3,4,10,11,17
서울,11월,메이크업,가발,선택,5,7,11,17,25
경인,11월,메이크업,가발,선택,3,8,9,10,-
5대 광역시,11월,메이크업,가발,선택,2,3,11,17,27
이외 지역,11월,메이크업,가발,선택,2,5,9,10,11
전국,10월,메이크업,가발,선택,3,6,9,11,17
수도권,10월,메이크업,가발,선택,5,7,9,15,22
비수도권,10월,메이크업,가발,선택,3,4,10,11,17
서울,10월,메이크업,가발,선택,5,7,11,17,25
경인,10월,메이크업,가발,선택,3,5,8,9,-
5대 광역시,10월,메이크업,가발,선택,2,3,11,17,27
이외 지역,10월,메이크업,가발,선택,2,5,9,10,11
전국,9월,메이크업,가발,선택,3,6,10,11,17
수도권,9월,메이크업,가발,선택,5,8,9,14,20
비수도권,9월,메이크업,가발,선택,3,4,10,11,17
서울,9월,메이크업,가발,선택,5,7,11,17,25
경인,9월,메이크업,가발,선택,3,8,9,10,-
5대 광역시,9월,메이크업,가발,선택,2,3,11,17,27
이외 지역,9월,메이크업,가발,선택,2,5,9,10,11
전국,8월,메이크업,가발,선택,3,6,10,11,17
수도권,8월,메이크업,가발,선택,5,8,9,14,20
비수도권,8월,메이크업,가발,선택,3,4,10,11,17
서울,8월,메이크업,가발,선택,5,7,11,17,25
경인,8월,메이크업,가발,선택,3,8,9,10,-
5대 광역시,8월,메이크업,가발,선택,2,3,11,17,27
이외 지역,8월,메이크업,가발,선택,2,5,9,10,11
전국,7월,메이크업,가발,선택,3,6,10,11,17
수도권,7월,메이크업,가발,선택,5,8,9,14,20
비수도권,7월,메이크업,가발,선택,3,4,10,11,17
서울,7월,메이크업,가발,선택,5,7,11,17,25
경인,7월,메이크업,가발,선택,3,8,9,10,-
5대 광역시,7월,메이크업,가발,선택,2,3,11,17,27
이외 지역,7월,메이크업,가발,선택,2,5,9,10,11
전국,6월,메이크업,가발,선택,3,6,10,11,17
수도권,6월,메이크업,가발,선택,5,8,9,14,20
비수도권,6월,메이크업,가발,선택,3,4,10,11,17
서울,6월,메이크업,가발,선택,5,7,11,17,25
경인,6월,메이크업,가발,선택,3,8,9,10,-
5대 광역시,6월,메이크업,가발,선택,2,3,11,17,27
이외 지역,6월,메이크업,가발,선택,2,5,9,10,11
전국,5월,메이크업,가발,선택,3,6,9,11,17
수도권,5월,메이크업,가발,선택,5,8,9,15,21
비수도권,5월,메이크업,가발,선택,3,4,10,11,17
서울,5월,메이크업,가발,선택,5,6,10,17,26
경인,5월,메이크업,가발,선택,3,8,9,10,-
5대 광역시,5월,메이크업,가발,선택,2,3,11,17,27
이외 지역,5월,메이크업,가발,선택,2,5,9,10,11
전국,4월,메이크업,흑채,선택,2,2,3,3,8
수도권,4월,메이크업,흑채,선택,2,3,3,3,8
비수도권,4월,메이크업,흑채,선택,0,0,1,8,-
서울,4월,메이크업,흑채,선택,2,3,3,3,8
경인,4월,메이크업,흑채,선택,-,-,-,-,-
5대 광역시,4월,메이크업,흑채,선택,0,0,5,-,-
이외 지역,4월,메이크업,흑채,선택,0,0,1,-,-
전국,3월,메이크업,흑채,선택,2,2,3,3,8
수도권,3월,메이크업,흑채,선택,2,3,3,3,8
비수도권,3월,메이크업,흑채,선택,0,0,1,8,-
서울,3월,메이크업,흑채,선택,2,3,3,3,8
경인,3월,메이크업,흑채,선택,-,-,-,-,-
5대 광역시,3월,메이크업,흑채,선택,0,0,5,-,-
이외 지역,3월,메이크업,흑채,선택,0,0,1,-,-
전국,2월,메이크업,흑채,선택,1,2,3,3,8
수도권,2월,메이크업,흑채,선택,2,3,3,3,7
비수도권,2월,메이크업,흑채,선택,0,0,1,8,-
서울,2월,메이크업,흑채,선택,2,3,3,3,7
경인,2월,메이크업,흑채,선택,-,-,-,-,-
5대 광역시,2월,메이크업,흑채,선택,0,0,5,-,-
이외 지역,2월,메이크업,흑채,선택,0,0,1,-,-
전국,1월,메이크업,흑채,선택,1,2,3,3,8
수도권,1월,메이크업,흑채,선택,2,3,3,3,8
비수도권,1월,메이크업,흑채,선택,0,0,1,8,-
서울,1월,메이크업,흑채,선택,2,3,3,3,8
경인,1월,메이크업,흑채,선택,-,-,-,-,-
5대 광역시,1월,메이크업,흑채,선택,0,0,5,-,-
이외 지역,1월,메이크업,흑채,선택,0,0,1,-,-
전국,12월,메이크업,흑채,선택,1,2,3,3,6
수도권,12월,메이크업,흑채,선택,2,3,3,3,3
비수도권,12월,메이크업,흑채,선택,0,0,1,8,-
서울,12월,메이크업,흑채,선택,2,3,3,3,3
경인,12월,메이크업,흑채,선택,-,-,-,-,-
5대 광역시,12월,메이크업,흑채,선택,0,0,5,-,-
이외 지역,12월,메이크업,흑채,선택,0,0,1,-,-
전국,11월,메이크업,흑채,선택,1,2,3,3,6
수도권,11월,메이크업,흑채,선택,2,3,3,3,3
비수도권,11월,메이크업,흑채,선택,0,0,1,8,-
서울,11월,메이크업,흑채,선택,2,3,3,3,3
경인,11월,메이크업,흑채,선택,-,-,-,-,-
5대 광역시,11월,메이크업,흑채,선택,0,0,5,-,-
이외 지역,11월,메이크업,흑채,선택,0,0,1,-,-
전국,10월,메이크업,흑채,선택,1,2,3,3,6
수도권,10월,메이크업,흑채,선택,2,3,3,3,3
비수도권,10월,메이크업,흑채,선택,0,0,1,8,-
서울,10월,메이크업,흑채,선택,2,3,3,3,3
경인,10월,메이크업,흑채,선택,-,-,-,-,-
5대 광역시,10월,메이크업,흑채,선택,0,0,5,-,-
이외 지역,10월,메이크업,흑채,선택,0,0,1,-,-
전국,9월,메이크업,흑채,선택,1,2,3,3,6
수도권,9월,메이크업,흑채,선택,2,3,3,3,3
비수도권,9월,메이크업,흑채,선택,0,0,1,8,-
서울,9월,메이크업,흑채,선택,2,3,3,3,3
경인,9월,메이크업,흑채,선택,-,-,-,-,-
5대 광역시,9월,메이크업,흑채,선택,0,0,5,-,-
이외 지역,9월,메이크업,흑채,선택,0,0,1,-,-
전국,8월,메이크업,흑채,선택,1,2,3,3,6
수도권,8월,메이크업,흑채,선택,2,3,3,3,3
비수도권,8월,메이크업,흑채,선택,0,0,1,8,-
서울,8월,메이크업,흑채,선택,2,3,3,3,3
경인,8월,메이크업,흑채,선택,-,-,-,-,-
5대 광역시,8월,메이크업,흑채,선택,0,0,5,-,-
이외 지역,8월,메이크업,흑채,선택,0,0,1,-,-
전국,7월,메이크업,흑채,선택,0,2,3,3,6
수도권,7월,메이크업,흑채,선택,1,3,3,3,3
비수도권,7월,메이크업,흑채,선택,0,0,1,7,-
서울,7월,메이크업,흑채,선택,1,3,3,3,3
경인,7월,메이크업,흑채,선택,-,-,-,-,-
5대 광역시,7월,메이크업,흑채,선택,0,0,5,-,-
이외 지역,7월,메이크업,흑채,선택,0,0,1,-,-
전국,6월,메이크업,흑채,선택,0,2,3,3,6
수도권,6월,메이크업,흑채,선택,1,3,3,3,3
비수도권,6월,메이크업,흑채,선택,0,0,1,7,-
서울,6월,메이크업,흑채,선택,1,3,3,3,3
경인,6월,메이크업,흑채,선택,-,-,-,-,-
5대 광역시,6월,메이크업,흑채,선택,0,0,5,-,-
이외 지역,6월,메이크업,흑채,선택,0,0,1,-,-
전국,5월,메이크업,흑채,선택,0,2,3,3,7
수도권,5월,메이크업,흑채,선택,1,2,3,3,4
비수도권,5월,메이크업,흑채,선택,0,0,1,7,-
서울,5월,메이크업,흑채,선택,1,2,3,3,4
경인,5월,메이크업,흑채,선택,-,-,-,-,-
5대 광역시,5월,메이크업,흑채,선택,0,0,5,-,-
이외 지역,5월,메이크업,흑채,선택,0,0,1,-,-
전국,4월,메이크업,헤어변형,선택,11,17,35,41,44
수도권,4월,메이크업,헤어변형,선택,11,33,35,41,44
비수도권,4월,메이크업,헤어변형,선택,6,11,25,44,44
서울,4월,메이크업,헤어변형,선택,11,33,35,41,44
경인,4월,메이크업,헤어변형,선택,10,11,33,36,-
5대 광역시,4월,메이크업,헤어변형,선택,6,14,17,37,44
이외 지역,4월,메이크업,헤어변형,선택,5,11,33,44,-
전국,3월,메이크업,헤어변형,선택,11,17,35,41,44
수도권,3월,메이크업,헤어변형,선택,11,33,35,41,44
비수도권,3월,메이크업,헤어변형,선택,6,12,25,44,44
서울,3월,메이크업,헤어변형,선택,11,33,35,41,44
경인,3월,메이크업,헤어변형,선택,10,11,33,36,-
5대 광역시,3월,메이크업,헤어변형,선택,6,17,17,39,44
이외 지역,3월,메이크업,헤어변형,선택,5,11,33,44,-
전국,2월,메이크업,헤어변형,선택,11,17,35,41,44
수도권,2월,메이크업,헤어변형,선택,11,33,35,41,44
비수도권,2월,메이크업,헤어변형,선택,6,12,25,44,44
서울,2월,메이크업,헤어변형,선택,11,33,35,41,44
경인,2월,메이크업,헤어변형,선택,10,11,33,36,-
5대 광역시,2월,메이크업,헤어변형,선택,6,17,17,39,44
이외 지역,2월,메이크업,헤어변형,선택,5,11,33,44,-
전국,1월,메이크업,헤어변형,선택,11,17,34,41,44
수도권,1월,메이크업,헤어변형,선택,11,33,35,41,44
비수도권,1월,메이크업,헤어변형,선택,6,12,25,44,44
서울,1월,메이크업,헤어변형,선택,11,33,35,41,44
경인,1월,메이크업,헤어변형,선택,10,11,33,36,-
5대 광역시,1월,메이크업,헤어변형,선택,6,17,17,39,44
이외 지역,1월,메이크업,헤어변형,선택,5,11,33,44,-
전국,12월,메이크업,헤어변형,선택,11,17,33,41,44
수도권,12월,메이크업,헤어변형,선택,11,33,35,41,44
비수도권,12월,메이크업,헤어변형,선택,6,12,25,44,44
서울,12월,메이크업,헤어변형,선택,11,33,35,41,44
경인,12월,메이크업,헤어변형,선택,10,11,33,36,-
5대 광역시,12월,메이크업,헤어변형,선택,6,17,17,39,44
이외 지역,12월,메이크업,헤어변형,선택,5,11,33,44,-
전국,11월,메이크업,헤어변형,선택,11,17,33,41,44
수도권,11월,메이크업,헤어변형,선택,11,33,35,41,44
비수도권,11월,메이크업,헤어변형,선택,6,12,25,44,44
서울,11월,메이크업,헤어변형,선택,11,33,35,41,44
경인,11월,메이크업,헤어변형,선택,10,11,33,36,-
5대 광역시,11월,메이크업,헤어변형,선택,6,17,17,39,44
이외 지역,11월,메이크업,헤어변형,선택,5,11,33,44,-
전국,10월,메이크업,헤어변형,선택,11,17,33,41,44
수도권,10월,메이크업,헤어변형,선택,11,33,35,41,44
비수도권,10월,메이크업,헤어변형,선택,6,12,25,44,44
서울,10월,메이크업,헤어변형,선택,11,33,35,41,44
경인,10월,메이크업,헤어변형,선택,10,10,22,33,-
5대 광역시,10월,메이크업,헤어변형,선택,6,17,17,39,44
이외 지역,10월,메이크업,헤어변형,선택,5,11,33,44,-
전국,9월,메이크업,헤어변형,선택,11,17,33,41,44
수도권,9월,메이크업,헤어변형,선택,11,33,35,41,44
비수도권,9월,메이크업,헤어변형,선택,6,12,25,44,44
서울,9월,메이크업,헤어변형,선택,11,33,35,41,44
경인,9월,메이크업,헤어변형,선택,10,11,33,36,-
5대 광역시,9월,메이크업,헤어변형,선택,6,17,17,39,44
이외 지역,9월,메이크업,헤어변형,선택,5,11,33,44,-
전국,8월,메이크업,헤어변형,선택,11,17,33,41,44
수도권,8월,메이크업,헤어변형,선택,11,33,35,41,44
비수도권,8월,메이크업,헤어변형,선택,6,12,25,44,44
서울,8월,메이크업,헤어변형,선택,11,33,35,41,44
경인,8월,메이크업,헤어변형,선택,10,11,33,36,-
5대 광역시,8월,메이크업,헤어변형,선택,6,17,17,39,44
이외 지역,8월,메이크업,헤어변형,선택,5,11,33,44,-
전국,7월,메이크업,헤어변형,선택,11,17,33,41,44
수도권,7월,메이크업,헤어변형,선택,11,33,35,41,44
비수도권,7월,메이크업,헤어변형,선택,6,12,25,44,44
서울,7월,메이크업,헤어변형,선택,11,33,35,41,44
경인,7월,메이크업,헤어변형,선택,10,11,33,36,-
5대 광역시,7월,메이크업,헤어변형,선택,6,17,17,39,44
이외 지역,7월,메이크업,헤어변형,선택,5,11,33,44,-
전국,6월,메이크업,헤어변형,선택,11,17,33,41,44
수도권,6월,메이크업,헤어변형,선택,11,33,35,41,44
비수도권,6월,메이크업,헤어변형,선택,6,12,25,44,44
서울,6월,메이크업,헤어변형,선택,11,33,35,41,44
경인,6월,메이크업,헤어변형,선택,10,11,33,36,-
5대 광역시,6월,메이크업,헤어변형,선택,6,17,17,39,44
이외 지역,6월,메이크업,헤어변형,선택,5,11,33,44,-
전국,5월,메이크업,헤어변형,선택,11,17,33,41,44
수도권,5월,메이크업,헤어변형,선택,11,33,35,41,44
비수도권,5월,메이크업,헤어변형,선택,6,12,25,44,44
서울,5월,메이크업,헤어변형,선택,11,33,35,41,44
경인,5월,메이크업,헤어변형,선택,10,11,33,36,-
5대 광역시,5월,메이크업,헤어변형,선택,6,17,17,39,44
이외 지역,5월,메이크업,헤어변형,선택,5,11,33,44,-
전국,4월,메이크업,헤어피스 구매,선택,11,13,16,19,22
수도권,4월,메이크업,헤어피스 구매,선택,11,13,16,19,22
비수도권,4월,메이크업,헤어피스 구매,선택,10,10,16,18,22
서울,4월,메이크업,헤어피스 구매,선택,11,14,16,21,22
경인,4월,메이크업,헤어피스 구매,선택,9,10,15,16,-
5대 광역시,4월,메이크업,헤어피스 구매,선택,7,10,16,18,23
이외 지역,4월,메이크업,헤어피스 구매,선택,10,10,16,19,22
전국,3월,메이크업,헤어피스 구매,선택,11,13,16,19,22
수도권,3월,메이크업,헤어피스 구매,선택,11,13,16,19,22
비수도권,3월,메이크업,헤어피스 구매,선택,10,10,16,19,22
서울,3월,메이크업,헤어피스 구매,선택,11,13,16,20,22
경인,3월,메이크업,헤어피스 구매,선택,9,10,15,16,-
5대 광역시,3월,메이크업,헤어피스 구매,선택,8,10,16,20,22
이외 지역,3월,메이크업,헤어피스 구매,선택,10,10,16,19,22
전국,2월,메이크업,헤어피스 구매,선택,10,13,16,19,22
수도권,2월,메이크업,헤어피스 구매,선택,11,13,16,19,22
비수도권,2월,메이크업,헤어피스 구매,선택,10,10,16,19,22
서울,2월,메이크업,헤어피스 구매,선택,11,13,16,19,22
경인,2월,메이크업,헤어피스 구매,선택,9,10,15,16,-
5대 광역시,2월,메이크업,헤어피스 구매,선택,8,10,16,20,22
이외 지역,2월,메이크업,헤어피스 구매,선택,10,10,16,19,22
전국,1월,메이크업,헤어피스 구매,선택,10,13,16,19,22
수도권,1월,메이크업,헤어피스 구매,선택,11,13,16,19,22
비수도권,1월,메이크업,헤어피스 구매,선택,10,10,16,19,22
서울,1월,메이크업,헤어피스 구매,선택,11,13,16,19,22
경인,1월,메이크업,헤어피스 구매,선택,9,10,15,16,-
5대 광역시,1월,메이크업,헤어피스 구매,선택,8,10,16,20,22
이외 지역,1월,메이크업,헤어피스 구매,선택,10,10,16,19,22
전국,12월,메이크업,헤어피스 구매,선택,10,12,16,19,22
수도권,12월,메이크업,헤어피스 구매,선택,11,13,16,19,22
비수도권,12월,메이크업,헤어피스 구매,선택,10,10,16,18,22
서울,12월,메이크업,헤어피스 구매,선택,11,13,16,19,22
경인,12월,메이크업,헤어피스 구매,선택,9,10,15,16,-
5대 광역시,12월,메이크업,헤어피스 구매,선택,10,10,16,18,22
이외 지역,12월,메이크업,헤어피스 구매,선택,10,10,16,19,22
전국,11월,메이크업,헤어피스 구매,선택,10,12,16,18,22
수도권,11월,메이크업,헤어피스 구매,선택,11,13,16,18,22
비수도권,11월,메이크업,헤어피스 구매,선택,10,10,16,18,22
서울,11월,메이크업,헤어피스 구매,선택,11,13,16,19,22
경인,11월,메이크업,헤어피스 구매,선택,9,10,15,16,-
5대 광역시,11월,메이크업,헤어피스 구매,선택,10,10,16,18,22
이외 지역,11월,메이크업,헤어피스 구매,선택,10,10,16,19,22
전국,10월,메이크업,헤어피스 구매,선택,10,12,16,18,22
수도권,10월,메이크업,헤어피스 구매,선택,11,13,16,19,22
비수도권,10월,메이크업,헤어피스 구매,선택,10,10,16,18,22
서울,10월,메이크업,헤어피스 구매,선택,11,13,16,19,22
경인,10월,메이크업,헤어피스 구매,선택,9,9,13,17,-
5대 광역시,10월,메이크업,헤어피스 구매,선택,10,10,16,18,22
이외 지역,10월,메이크업,헤어피스 구매,선택,10,10,16,19,22
전국,9월,메이크업,헤어피스 구매,선택,10,12,16,18,22
수도권,9월,메이크업,헤어피스 구매,선택,11,13,16,18,22
비수도권,9월,메이크업,헤어피스 구매,선택,10,10,16,18,22
서울,9월,메이크업,헤어피스 구매,선택,11,13,16,19,22
경인,9월,메이크업,헤어피스 구매,선택,9,10,15,16,-
5대 광역시,9월,메이크업,헤어피스 구매,선택,10,10,16,18,22
이외 지역,9월,메이크업,헤어피스 구매,선택,10,10,16,19,22
전국,8월,메이크업,헤어피스 구매,선택,10,13,16,19,22
수도권,8월,메이크업,헤어피스 구매,선택,11,13,16,19,22
비수도권,8월,메이크업,헤어피스 구매,선택,10,10,16,18,22
서울,8월,메이크업,헤어피스 구매,선택,11,13,16,19,22
경인,8월,메이크업,헤어피스 구매,선택,9,10,15,16,-
5대 광역시,8월,메이크업,헤어피스 구매,선택,10,10,16,18,22
이외 지역,8월,메이크업,헤어피스 구매,선택,10,10,16,19,22
전국,7월,메이크업,헤어피스 구매,선택,10,12,16,19,22
수도권,7월,메이크업,헤어피스 구매,선택,11,13,16,19,22
비수도권,7월,메이크업,헤어피스 구매,선택,10,10,16,18,22
서울,7월,메이크업,헤어피스 구매,선택,11,13,16,19,22
경인,7월,메이크업,헤어피스 구매,선택,9,10,15,16,-
5대 광역시,7월,메이크업,헤어피스 구매,선택,10,10,16,18,22
이외 지역,7월,메이크업,헤어피스 구매,선택,10,10,16,19,22
전국,6월,메이크업,헤어피스 구매,선택,11,13,16,19,22
수도권,6월,메이크업,헤어피스 구매,선택,11,13,16,19,22
비수도권,6월,메이크업,헤어피스 구매,선택,10,11,16,19,22
서울,6월,메이크업,헤어피스 구매,선택,11,13,16,19,22
경인,6월,메이크업,헤어피스 구매,선택,9,10,15,16,-
5대 광역시,6월,메이크업,헤어피스 구매,선택,8,15,16,22,23
이외 지역,6월,메이크업,헤어피스 구매,선택,10,10,16,18,22
전국,5월,메이크업,헤어피스 구매,선택,11,13,16,19,22
수도권,5월,메이크업,헤어피스 구매,선택,11,13,16,19,22
비수도권,5월,메이크업,헤어피스 구매,선택,10,11,16,19,22
서울,5월,메이크업,헤어피스 구매,선택,11,13,16,19,22
경인,5월,메이크업,헤어피스 구매,선택,9,10,15,16,-
5대 광역시,5월,메이크업,헤어피스 구매,선택,8,15,16,22,23
이외 지역,5월,메이크업,헤어피스 구매,선택,10,10,16,18,22
전국,4월,메이크업,헤어피스 보증금,선택,5,5,10,11,11
수도권,4월,메이크업,헤어피스 보증금,선택,5,5,10,11,11
비수도권,4월,메이크업,헤어피스 보증금,선택,4,7,10,10,12
서울,4월,메이크업,헤어피스 보증금,선택,5,5,10,11,11
경인,4월,메이크업,헤어피스 보증금,선택,4,4,8,11,-
5대 광역시,4월,메이크업,헤어피스 보증금,선택,3,9,10,11,16
이외 지역,4월,메이크업,헤어피스 보증금,선택,4,5,7,10,10
전국,3월,메이크업,헤어피스 보증금,선택,5,5,10,10,11
수도권,3월,메이크업,헤어피스 보증금,선택,5,5,10,11,11
비수도권,3월,메이크업,헤어피스 보증금,선택,5,7,10,10,12
서울,3월,메이크업,헤어피스 보증금,선택,5,5,10,11,11
경인,3월,메이크업,헤어피스 보증금,선택,4,4,8,11,-
5대 광역시,3월,메이크업,헤어피스 보증금,선택,4,10,10,11,15
이외 지역,3월,메이크업,헤어피스 보증금,선택,4,5,7,10,10
전국,2월,메이크업,헤어피스 보증금,선택,5,5,10,10,11
수도권,2월,메이크업,헤어피스 보증금,선택,5,5,10,11,11
비수도권,2월,메이크업,헤어피스 보증금,선택,5,7,10,10,12
서울,2월,메이크업,헤어피스 보증금,선택,5,5,10,11,11
경인,2월,메이크업,헤어피스 보증금,선택,4,4,8,11,-
5대 광역시,2월,메이크업,헤어피스 보증금,선택,4,10,10,11,15
이외 지역,2월,메이크업,헤어피스 보증금,선택,4,5,7,10,10
전국,1월,메이크업,헤어피스 보증금,선택,5,5,10,10,11
수도권,1월,메이크업,헤어피스 보증금,선택,5,5,10,11,11
비수도권,1월,메이크업,헤어피스 보증금,선택,5,7,10,10,12
서울,1월,메이크업,헤어피스 보증금,선택,5,5,10,11,11
경인,1월,메이크업,헤어피스 보증금,선택,4,4,8,11,-
5대 광역시,1월,메이크업,헤어피스 보증금,선택,4,10,10,11,15
이외 지역,1월,메이크업,헤어피스 보증금,선택,4,5,7,10,10
전국,12월,메이크업,헤어피스 보증금,선택,5,5,10,10,11
수도권,12월,메이크업,헤어피스 보증금,선택,5,5,10,11,11
비수도권,12월,메이크업,헤어피스 보증금,선택,5,7,10,10,12
서울,12월,메이크업,헤어피스 보증금,선택,5,5,10,11,11
경인,12월,메이크업,헤어피스 보증금,선택,4,4,8,11,-
5대 광역시,12월,메이크업,헤어피스 보증금,선택,4,10,10,11,15
이외 지역,12월,메이크업,헤어피스 보증금,선택,4,5,7,10,10
전국,11월,메이크업,헤어피스 보증금,선택,5,5,10,10,11
수도권,11월,메이크업,헤어피스 보증금,선택,5,5,10,11,11
비수도권,11월,메이크업,헤어피스 보증금,선택,5,7,10,10,12
서울,11월,메이크업,헤어피스 보증금,선택,5,5,10,11,11
경인,11월,메이크업,헤어피스 보증금,선택,4,4,8,11,-
5대 광역시,11월,메이크업,헤어피스 보증금,선택,4,10,10,11,15
이외 지역,11월,메이크업,헤어피스 보증금,선택,4,5,7,10,10
전국,10월,메이크업,헤어피스 보증금,선택,5,5,10,10,11
수도권,10월,메이크업,헤어피스 보증금,선택,5,5,10,11,11
비수도권,10월,메이크업,헤어피스 보증금,선택,5,7,10,10,12
서울,10월,메이크업,헤어피스 보증금,선택,5,5,10,11,11
경인,10월,메이크업,헤어피스 보증금,선택,4,4,-,-,-
5대 광역시,10월,메이크업,헤어피스 보증금,선택,4,10,10,11,15
이외 지역,10월,메이크업,헤어피스 보증금,선택,4,5,7,10,10
전국,9월,메이크업,헤어피스 보증금,선택,5,5,10,10,11
수도권,9월,메이크업,헤어피스 보증금,선택,5,5,10,11,11
비수도권,9월,메이크업,헤어피스 보증금,선택,5,7,10,10,12
서울,9월,메이크업,헤어피스 보증금,선택,5,5,10,11,11
경인,9월,메이크업,헤어피스 보증금,선택,4,4,8,11,-
5대 광역시,9월,메이크업,헤어피스 보증금,선택,4,10,10,11,15
이외 지역,9월,메이크업,헤어피스 보증금,선택,4,5,7,10,10
전국,8월,메이크업,헤어피스 보증금,선택,5,5,10,10,11
수도권,8월,메이크업,헤어피스 보증금,선택,5,5,10,11,11
비수도권,8월,메이크업,헤어피스 보증금,선택,5,7,10,10,12
서울,8월,메이크업,헤어피스 보증금,선택,5,5,10,11,11
경인,8월,메이크업,헤어피스 보증금,선택,4,4,8,11,-
5대 광역시,8월,메이크업,헤어피스 보증금,선택,4,10,10,11,15
이외 지역,8월,메이크업,헤어피스 보증금,선택,4,5,7,10,10
전국,7월,메이크업,헤어피스 보증금,선택,5,5,10,11,11
수도권,7월,메이크업,헤어피스 보증금,선택,5,5,10,11,11
비수도권,7월,메이크업,헤어피스 보증금,선택,5,7,10,10,12
서울,7월,메이크업,헤어피스 보증금,선택,5,5,10,11,11
경인,7월,메이크업,헤어피스 보증금,선택,4,4,8,11,-
5대 광역시,7월,메이크업,헤어피스 보증금,선택,4,10,10,11,15
이외 지역,7월,메이크업,헤어피스 보증금,선택,4,5,7,10,10
전국,6월,메이크업,헤어피스 보증금,선택,5,5,10,11,11
수도권,6월,메이크업,헤어피스 보증금,선택,5,5,10,11,11
비수도권,6월,메이크업,헤어피스 보증금,선택,2,5,7,11,15
서울,6월,메이크업,헤어피스 보증금,선택,5,5,10,11,11
경인,6월,메이크업,헤어피스 보증금,선택,4,4,8,11,-
5대 광역시,6월,메이크업,헤어피스 보증금,선택,0,7,11,12,-
이외 지역,6월,메이크업,헤어피스 보증금,선택,4,5,5,7,-
전국,5월,메이크업,헤어피스 보증금,선택,5,5,10,11,12
수도권,5월,메이크업,헤어피스 보증금,선택,5,5,10,11,11
비수도권,5월,메이크업,헤어피스 보증금,선택,2,5,7,11,15
서울,5월,메이크업,헤어피스 보증금,선택,5,5,10,11,11
경인,5월,메이크업,헤어피스 보증금,선택,4,4,8,11,-
5대 광역시,5월,메이크업,헤어피스 보증금,선택,0,7,11,12,-
이외 지역,5월,메이크업,헤어피스 보증금,선택,4,5,5,7,-
전국,4월,메이크업,헤어피스 시술,선택,6,10,11,15,18
수도권,4월,메이크업,헤어피스 시술,선택,9,10,11,15,17
비수도권,4월,메이크업,헤어피스 시술,선택,0,8,11,17,-
서울,4월,메이크업,헤어피스 시술,선택,10,10,11,15,18
경인,4월,메이크업,헤어피스 시술,선택,6,6,11,-,-
5대 광역시,4월,메이크업,헤어피스 시술,선택,0,8,13,17,-
이외 지역,4월,메이크업,헤어피스 시술,선택,6,6,11,-,-
전국,3월,메이크업,헤어피스 시술,선택,6,10,11,15,18
수도권,3월,메이크업,헤어피스 시술,선택,9,10,11,15,17
비수도권,3월,메이크업,헤어피스 시술,선택,0,8,11,17,-
서울,3월,메이크업,헤어피스 시술,선택,10,10,11,15,18
경인,3월,메이크업,헤어피스 시술,선택,6,6,11,-,-
5대 광역시,3월,메이크업,헤어피스 시술,선택,0,8,13,17,-
이외 지역,3월,메이크업,헤어피스 시술,선택,6,6,11,-,-
전국,2월,메이크업,헤어피스 시술,선택,6,10,11,15,18
수도권,2월,메이크업,헤어피스 시술,선택,9,10,11,15,15
비수도권,2월,메이크업,헤어피스 시술,선택,0,8,11,17,-
서울,2월,메이크업,헤어피스 시술,선택,10,10,11,15,16
경인,2월,메이크업,헤어피스 시술,선택,6,6,11,-,-
5대 광역시,2월,메이크업,헤어피스 시술,선택,0,8,13,17,-
이외 지역,2월,메이크업,헤어피스 시술,선택,6,6,11,-,-
전국,1월,메이크업,헤어피스 시술,선택,6,10,11,15,18
수도권,1월,메이크업,헤어피스 시술,선택,7,10,11,15,16
비수도권,1월,메이크업,헤어피스 시술,선택,0,8,11,17,-
서울,1월,메이크업,헤어피스 시술,선택,9,10,11,15,17
경인,1월,메이크업,헤어피스 시술,선택,6,6,11,-,-
5대 광역시,1월,메이크업,헤어피스 시술,선택,0,8,13,17,-
이외 지역,1월,메이크업,헤어피스 시술,선택,6,6,11,-,-
전국,12월,메이크업,헤어피스 시술,선택,6,10,11,15,18
수도권,12월,메이크업,헤어피스 시술,선택,7,10,11,15,17
비수도권,12월,메이크업,헤어피스 시술,선택,0,8,11,17,-
서울,12월,메이크업,헤어피스 시술,선택,9,10,11,15,18
경인,12월,메이크업,헤어피스 시술,선택,6,6,11,-,-
5대 광역시,12월,메이크업,헤어피스 시술,선택,0,8,13,17,-
이외 지역,12월,메이크업,헤어피스 시술,선택,6,6,11,-,-
전국,11월,메이크업,헤어피스 시술,선택,6,10,11,15,18
수도권,11월,메이크업,헤어피스 시술,선택,7,10,11,15,17
비수도권,11월,메이크업,헤어피스 시술,선택,1,6,11,17,20
서울,11월,메이크업,헤어피스 시술,선택,9,10,11,15,18
경인,11월,메이크업,헤어피스 시술,선택,6,6,11,-,-
5대 광역시,11월,메이크업,헤어피스 시술,선택,0,8,13,17,-
이외 지역,11월,메이크업,헤어피스 시술,선택,6,6,6,16,-
전국,10월,메이크업,헤어피스 시술,선택,6,10,11,15,18
수도권,10월,메이크업,헤어피스 시술,선택,6,10,11,15,17
비수도권,10월,메이크업,헤어피스 시술,선택,1,6,11,17,20
서울,10월,메이크업,헤어피스 시술,선택,9,10,11,15,18
경인,10월,메이크업,헤어피스 시술,선택,6,6,8,-,-
5대 광역시,10월,메이크업,헤어피스 시술,선택,0,8,13,17,-
이외 지역,10월,메이크업,헤어피스 시술,선택,6,6,6,16,-
전국,9월,메이크업,헤어피스 시술,선택,6,10,11,15,18
수도권,9월,메이크업,헤어피스 시술,선택,7,10,11,15,17
비수도권,9월,메이크업,헤어피스 시술,선택,1,6,11,17,20
서울,9월,메이크업,헤어피스 시술,선택,9,10,11,15,18
경인,9월,메이크업,헤어피스 시술,선택,6,6,11,-,-
5대 광역시,9월,메이크업,헤어피스 시술,선택,0,8,13,17,-
이외 지역,9월,메이크업,헤어피스 시술,선택,6,6,6,16,-
전국,8월,메이크업,헤어피스 시술,선택,6,10,11,15,18
수도권,8월,메이크업,헤어피스 시술,선택,7,10,11,15,17
비수도권,8월,메이크업,헤어피스 시술,선택,1,6,11,17,20
서울,8월,메이크업,헤어피스 시술,선택,9,10,11,15,18
경인,8월,메이크업,헤어피스 시술,선택,6,6,11,-,-
5대 광역시,8월,메이크업,헤어피스 시술,선택,0,8,13,17,-
이외 지역,8월,메이크업,헤어피스 시술,선택,6,6,6,16,-
전국,7월,메이크업,헤어피스 시술,선택,6,10,11,15,18
수도권,7월,메이크업,헤어피스 시술,선택,7,10,11,15,17
비수도권,7월,메이크업,헤어피스 시술,선택,1,6,11,17,20
서울,7월,메이크업,헤어피스 시술,선택,9,10,11,15,18
경인,7월,메이크업,헤어피스 시술,선택,6,6,11,-,-
5대 광역시,7월,메이크업,헤어피스 시술,선택,0,8,13,17,-
이외 지역,7월,메이크업,헤어피스 시술,선택,6,6,6,16,-
전국,6월,메이크업,헤어피스 시술,선택,6,10,11,15,18
수도권,6월,메이크업,헤어피스 시술,선택,7,10,11,15,17
비수도권,6월,메이크업,헤어피스 시술,선택,1,6,11,17,20
서울,6월,메이크업,헤어피스 시술,선택,9,10,11,15,18
경인,6월,메이크업,헤어피스 시술,선택,6,6,11,-,-
5대 광역시,6월,메이크업,헤어피스 시술,선택,0,8,13,17,-
이외 지역,6월,메이크업,헤어피스 시술,선택,6,6,6,16,-
전국,5월,메이크업,헤어피스 시술,선택,6,10,11,15,18
수도권,5월,메이크업,헤어피스 시술,선택,6,10,11,15,17
비수도권,5월,메이크업,헤어피스 시술,선택,1,6,11,17,20
서울,5월,메이크업,헤어피스 시술,선택,9,10,11,15,18
경인,5월,메이크업,헤어피스 시술,선택,6,6,11,-,-
5대 광역시,5월,메이크업,헤어피스 시술,선택,0,8,13,17,-
이외 지역,5월,메이크업,헤어피스 시술,선택,6,6,6,16,-
전국,4월,메이크업,남성혼주 헤어&메이크업,선택,6,6,9,10,12
수도권,4월,메이크업,남성혼주 헤어&메이크업,선택,6,7,9,10,11
비수도권,4월,메이크업,남성혼주 헤어&메이크업,선택,3,5,6,10,22
서울,4월,메이크업,남성혼주 헤어&메이크업,선택,6,7,9,10,11
경인,4월,메이크업,남성혼주 헤어&메이크업,선택,5,6,6,8,9
5대 광역시,4월,메이크업,남성혼주 헤어&메이크업,선택,3,5,6,10,22
이외 지역,4월,메이크업,남성혼주 헤어&메이크업,선택,5,6,8,11,33
전국,3월,메이크업,남성혼주 헤어&메이크업,선택,6,6,9,10,13
수도권,3월,메이크업,남성혼주 헤어&메이크업,선택,6,7,9,10,11
비수도권,3월,메이크업,남성혼주 헤어&메이크업,선택,3,5,6,11,22
서울,3월,메이크업,남성혼주 헤어&메이크업,선택,6,7,9,10,11
경인,3월,메이크업,남성혼주 헤어&메이크업,선택,5,6,6,8,9
5대 광역시,3월,메이크업,남성혼주 헤어&메이크업,선택,3,5,6,11,22
이외 지역,3월,메이크업,남성혼주 헤어&메이크업,선택,5,6,8,11,33
전국,2월,메이크업,남성혼주 헤어&메이크업,선택,5,6,9,10,13
수도권,2월,메이크업,남성혼주 헤어&메이크업,선택,6,7,9,10,11
비수도권,2월,메이크업,남성혼주 헤어&메이크업,선택,3,5,6,11,22
서울,2월,메이크업,남성혼주 헤어&메이크업,선택,6,7,9,10,11
경인,2월,메이크업,남성혼주 헤어&메이크업,선택,5,6,6,8,9
5대 광역시,2월,메이크업,남성혼주 헤어&메이크업,선택,3,5,6,11,22
이외 지역,2월,메이크업,남성혼주 헤어&메이크업,선택,5,6,8,11,33
전국,1월,메이크업,남성혼주 헤어&메이크업,선택,5,6,8,10,13
수도권,1월,메이크업,남성혼주 헤어&메이크업,선택,6,7,9,10,11
비수도권,1월,메이크업,남성혼주 헤어&메이크업,선택,3,5,6,11,22
서울,1월,메이크업,남성혼주 헤어&메이크업,선택,6,7,9,10,11
경인,1월,메이크업,남성혼주 헤어&메이크업,선택,5,6,6,8,9
5대 광역시,1월,메이크업,남성혼주 헤어&메이크업,선택,3,5,6,10,22
이외 지역,1월,메이크업,남성혼주 헤어&메이크업,선택,5,6,8,11,33
전국,12월,메이크업,남성혼주 헤어&메이크업,선택,5,6,9,10,13
수도권,12월,메이크업,남성혼주 헤어&메이크업,선택,6,7,9,10,11
비수도권,12월,메이크업,남성혼주 헤어&메이크업,선택,3,5,6,10,22
서울,12월,메이크업,남성혼주 헤어&메이크업,선택,6,7,9,10,11
경인,12월,메이크업,남성혼주 헤어&메이크업,선택,5,6,6,8,9
5대 광역시,12월,메이크업,남성혼주 헤어&메이크업,선택,3,5,6,10,22
이외 지역,12월,메이크업,남성혼주 헤어&메이크업,선택,5,6,8,11,33
전국,11월,메이크업,남성혼주 헤어&메이크업,선택,5,6,8,10,13
수도권,11월,메이크업,남성혼주 헤어&메이크업,선택,6,7,9,10,11
비수도권,11월,메이크업,남성혼주 헤어&메이크업,선택,3,5,6,10,22
서울,11월,메이크업,남성혼주 헤어&메이크업,선택,6,7,9,10,11
경인,11월,메이크업,남성혼주 헤어&메이크업,선택,5,6,6,8,9
5대 광역시,11월,메이크업,남성혼주 헤어&메이크업,선택,3,5,6,10,22
이외 지역,11월,메이크업,남성혼주 헤어&메이크업,선택,5,6,7,11,33
전국,10월,메이크업,남성혼주 헤어&메이크업,선택,5,6,8,10,13
수도권,10월,메이크업,남성혼주 헤어&메이크업,선택,6,7,9,10,11
비수도권,10월,메이크업,남성혼주 헤어&메이크업,선택,3,5,6,10,22
서울,10월,메이크업,남성혼주 헤어&메이크업,선택,6,8,9,10,11
경인,10월,메이크업,남성혼주 헤어&메이크업,선택,5,6,6,8,-
5대 광역시,10월,메이크업,남성혼주 헤어&메이크업,선택,3,5,6,10,22
이외 지역,10월,메이크업,남성혼주 헤어&메이크업,선택,5,6,7,10,33
전국,9월,메이크업,남성혼주 헤어&메이크업,선택,5,6,8,10,13
수도권,9월,메이크업,남성혼주 헤어&메이크업,선택,6,7,9,10,11
비수도권,9월,메이크업,남성혼주 헤어&메이크업,선택,3,5,6,10,22
서울,9월,메이크업,남성혼주 헤어&메이크업,선택,6,8,9,10,11
경인,9월,메이크업,남성혼주 헤어&메이크업,선택,5,6,6,8,9
5대 광역시,9월,메이크업,남성혼주 헤어&메이크업,선택,3,5,6,10,22
이외 지역,9월,메이크업,남성혼주 헤어&메이크업,선택,5,6,7,10,33
전국,8월,메이크업,남성혼주 헤어&메이크업,선택,5,6,8,10,13
수도권,8월,메이크업,남성혼주 헤어&메이크업,선택,6,7,9,10,11
비수도권,8월,메이크업,남성혼주 헤어&메이크업,선택,3,5,6,10,22
서울,8월,메이크업,남성혼주 헤어&메이크업,선택,6,8,9,10,11
경인,8월,메이크업,남성혼주 헤어&메이크업,선택,5,6,6,8,9
5대 광역시,8월,메이크업,남성혼주 헤어&메이크업,선택,3,5,6,10,22
이외 지역,8월,메이크업,남성혼주 헤어&메이크업,선택,5,6,7,10,33
전국,7월,메이크업,남성혼주 헤어&메이크업,선택,5,6,9,10,13
수도권,7월,메이크업,남성혼주 헤어&메이크업,선택,6,8,9,10,11
비수도권,7월,메이크업,남성혼주 헤어&메이크업,선택,3,5,6,10,22
서울,7월,메이크업,남성혼주 헤어&메이크업,선택,6,8,9,10,11
경인,7월,메이크업,남성혼주 헤어&메이크업,선택,5,6,6,8,9
5대 광역시,7월,메이크업,남성혼주 헤어&메이크업,선택,3,5,6,10,22
이외 지역,7월,메이크업,남성혼주 헤어&메이크업,선택,5,6,7,10,33
전국,6월,메이크업,남성혼주 헤어&메이크업,선택,5,6,8,10,12
수도권,6월,메이크업,남성혼주 헤어&메이크업,선택,6,8,9,10,11
비수도권,6월,메이크업,남성혼주 헤어&메이크업,선택,3,5,6,10,22
서울,6월,메이크업,남성혼주 헤어&메이크업,선택,6,8,9,10,11
경인,6월,메이크업,남성혼주 헤어&메이크업,선택,5,6,6,8,9
5대 광역시,6월,메이크업,남성혼주 헤어&메이크업,선택,3,5,6,9,22
이외 지역,6월,메이크업,남성혼주 헤어&메이크업,선택,5,6,7,10,33
전국,5월,메이크업,남성혼주 헤어&메이크업,선택,5,6,8,10,12
수도권,5월,메이크업,남성혼주 헤어&메이크업,선택,6,8,9,10,11
비수도권,5월,메이크업,남성혼주 헤어&메이크업,선택,3,5,6,10,22
서울,5월,메이크업,남성혼주 헤어&메이크업,선택,6,8,9,10,11
경인,5월,메이크업,남성혼주 헤어&메이크업,선택,5,6,6,8,9
5대 광역시,5월,메이크업,남성혼주 헤어&메이크업,선택,3,5,6,9,22
이외 지역,5월,메이크업,남성혼주 헤어&메이크업,선택,5,6,7,10,33
전국,4월,메이크업,여성혼주 헤어&메이크업,선택,15,21,26,33,35
수도권,4월,메이크업,여성혼주 헤어&메이크업,선택,21,22,30,33,35
비수도권,4월,메이크업,여성혼주 헤어&메이크업,선택,10,13,20,26,35
서울,4월,메이크업,여성혼주 헤어&메이크업,선택,22,24,30,33,35
경인,4월,메이크업,여성혼주 헤어&메이크업,선택,17,17,19,25,31
5대 광역시,4월,메이크업,여성혼주 헤어&메이크업,선택,10,13,16,25,33
이외 지역,4월,메이크업,여성혼주 헤어&메이크업,선택,11,22,22,33,36
전국,3월,메이크업,여성혼주 헤어&메이크업,선택,15,21,26,33,35
수도권,3월,메이크업,여성혼주 헤어&메이크업,선택,21,22,30,33,35
비수도권,3월,메이크업,여성혼주 헤어&메이크업,선택,10,13,20,26,36
서울,3월,메이크업,여성혼주 헤어&메이크업,선택,22,24,30,33,35
경인,3월,메이크업,여성혼주 헤어&메이크업,선택,17,17,19,25,31
5대 광역시,3월,메이크업,여성혼주 헤어&메이크업,선택,10,13,16,26,36
이외 지역,3월,메이크업,여성혼주 헤어&메이크업,선택,11,22,22,33,36
전국,2월,메이크업,여성혼주 헤어&메이크업,선택,15,21,26,33,35
수도권,2월,메이크업,여성혼주 헤어&메이크업,선택,21,22,29,33,35
비수도권,2월,메이크업,여성혼주 헤어&메이크업,선택,10,13,20,26,36
서울,2월,메이크업,여성혼주 헤어&메이크업,선택,22,23,30,33,35
경인,2월,메이크업,여성혼주 헤어&메이크업,선택,17,17,19,25,31
5대 광역시,2월,메이크업,여성혼주 헤어&메이크업,선택,10,13,16,26,36
이외 지역,2월,메이크업,여성혼주 헤어&메이크업,선택,11,22,22,33,36
전국,1월,메이크업,여성혼주 헤어&메이크업,선택,15,21,26,33,35
수도권,1월,메이크업,여성혼주 헤어&메이크업,선택,21,22,30,33,35
비수도권,1월,메이크업,여성혼주 헤어&메이크업,선택,10,13,20,26,36
서울,1월,메이크업,여성혼주 헤어&메이크업,선택,22,24,30,33,35
경인,1월,메이크업,여성혼주 헤어&메이크업,선택,17,17,19,25,31
5대 광역시,1월,메이크업,여성혼주 헤어&메이크업,선택,10,13,16,26,36
이외 지역,1월,메이크업,여성혼주 헤어&메이크업,선택,11,22,22,33,36
전국,12월,메이크업,여성혼주 헤어&메이크업,선택,15,21,26,33,35
수도권,12월,메이크업,여성혼주 헤어&메이크업,선택,21,22,30,33,35
비수도권,12월,메이크업,여성혼주 헤어&메이크업,선택,10,13,20,26,36
서울,12월,메이크업,여성혼주 헤어&메이크업,선택,22,24,30,33,35
경인,12월,메이크업,여성혼주 헤어&메이크업,선택,17,17,19,25,31
5대 광역시,12월,메이크업,여성혼주 헤어&메이크업,선택,10,13,16,25,36
이외 지역,12월,메이크업,여성혼주 헤어&메이크업,선택,11,22,22,33,36
전국,11월,메이크업,여성혼주 헤어&메이크업,선택,15,21,26,33,35
수도권,11월,메이크업,여성혼주 헤어&메이크업,선택,21,22,30,33,35
비수도권,11월,메이크업,여성혼주 헤어&메이크업,선택,10,13,20,26,36
서울,11월,메이크업,여성혼주 헤어&메이크업,선택,22,23,30,33,35
경인,11월,메이크업,여성혼주 헤어&메이크업,선택,17,17,19,25,31
5대 광역시,11월,메이크업,여성혼주 헤어&메이크업,선택,10,13,16,25,36
이외 지역,11월,메이크업,여성혼주 헤어&메이크업,선택,11,22,25,32,36
전국,10월,메이크업,여성혼주 헤어&메이크업,선택,15,21,28,33,35
수도권,10월,메이크업,여성혼주 헤어&메이크업,선택,21,23,30,33,35
비수도권,10월,메이크업,여성혼주 헤어&메이크업,선택,10,13,20,26,36
서울,10월,메이크업,여성혼주 헤어&메이크업,선택,22,24,30,33,35
경인,10월,메이크업,여성혼주 헤어&메이크업,선택,17,17,19,23,-
5대 광역시,10월,메이크업,여성혼주 헤어&메이크업,선택,10,13,16,23,36
이외 지역,10월,메이크업,여성혼주 헤어&메이크업,선택,11,22,24,32,36
전국,9월,메이크업,여성혼주 헤어&메이크업,선택,15,21,28,33,35
수도권,9월,메이크업,여성혼주 헤어&메이크업,선택,21,23,30,33,35
비수도권,9월,메이크업,여성혼주 헤어&메이크업,선택,10,13,20,26,36
서울,9월,메이크업,여성혼주 헤어&메이크업,선택,22,25,30,33,35
경인,9월,메이크업,여성혼주 헤어&메이크업,선택,17,17,19,25,31
5대 광역시,9월,메이크업,여성혼주 헤어&메이크업,선택,10,13,16,23,36
이외 지역,9월,메이크업,여성혼주 헤어&메이크업,선택,11,22,24,30,36
전국,8월,메이크업,여성혼주 헤어&메이크업,선택,15,20,28,33,35
수도권,8월,메이크업,여성혼주 헤어&메이크업,선택,21,23,30,33,35
비수도권,8월,메이크업,여성혼주 헤어&메이크업,선택,10,13,20,26,36
서울,8월,메이크업,여성혼주 헤어&메이크업,선택,22,25,30,33,35
경인,8월,메이크업,여성혼주 헤어&메이크업,선택,17,17,19,25,31
5대 광역시,8월,메이크업,여성혼주 헤어&메이크업,선택,10,13,16,23,36
이외 지역,8월,메이크업,여성혼주 헤어&메이크업,선택,11,22,24,30,36
전국,7월,메이크업,여성혼주 헤어&메이크업,선택,14,20,28,33,35
수도권,7월,메이크업,여성혼주 헤어&메이크업,선택,21,23,30,33,35
비수도권,7월,메이크업,여성혼주 헤어&메이크업,선택,10,13,20,26,36
서울,7월,메이크업,여성혼주 헤어&메이크업,선택,22,26,31,33,35
경인,7월,메이크업,여성혼주 헤어&메이크업,선택,17,17,20,26,32
5대 광역시,7월,메이크업,여성혼주 헤어&메이크업,선택,10,13,16,23,36
이외 지역,7월,메이크업,여성혼주 헤어&메이크업,선택,11,22,24,30,36
전국,6월,메이크업,여성혼주 헤어&메이크업,선택,13,20,27,33,33
수도권,6월,메이크업,여성혼주 헤어&메이크업,선택,21,23,30,33,35
비수도권,6월,메이크업,여성혼주 헤어&메이크업,선택,10,13,20,26,33
서울,6월,메이크업,여성혼주 헤어&메이크업,선택,22,26,31,33,35
경인,6월,메이크업,여성혼주 헤어&메이크업,선택,17,17,20,26,32
5대 광역시,6월,메이크업,여성혼주 헤어&메이크업,선택,10,13,16,22,30
이외 지역,6월,메이크업,여성혼주 헤어&메이크업,선택,11,22,24,30,33
전국,5월,메이크업,여성혼주 헤어&메이크업,선택,13,20,26,33,33
수도권,5월,메이크업,여성혼주 헤어&메이크업,선택,21,23,30,33,35
비수도권,5월,메이크업,여성혼주 헤어&메이크업,선택,10,13,20,26,33
서울,5월,메이크업,여성혼주 헤어&메이크업,선택,22,26,33,33,35
경인,5월,메이크업,여성혼주 헤어&메이크업,선택,17,17,20,26,32
5대 광역시,5월,메이크업,여성혼주 헤어&메이크업,선택,10,13,16,22,30
이외 지역,5월,메이크업,여성혼주 헤어&메이크업,선택,11,22,24,30,33
전국,4월,메이크업,레이트 스타트비,선택,5,6,8,10,14
수도권,4월,메이크업,레이트 스타트비,선택,5,6,8,10,14
비수도권,4월,메이크업,레이트 스타트비,선택,3,5,8,10,-
서울,4월,메이크업,레이트 스타트비,선택,5,6,8,10,14
경인,4월,메이크업,레이트 스타트비,선택,-,-,-,-,-
5대 광역시,4월,메이크업,레이트 스타트비,선택,3,3,8,10,-
이외 지역,4월,메이크업,레이트 스타트비,선택,8,8,8,-,-
전국,3월,메이크업,레이트 스타트비,선택,5,6,8,10,14
수도권,3월,메이크업,레이트 스타트비,선택,5,6,8,10,14
비수도권,3월,메이크업,레이트 스타트비,선택,3,5,8,10,-
서울,3월,메이크업,레이트 스타트비,선택,5,6,8,10,14
경인,3월,메이크업,레이트 스타트비,선택,-,-,-,-,-
5대 광역시,3월,메이크업,레이트 스타트비,선택,3,3,8,10,-
이외 지역,3월,메이크업,레이트 스타트비,선택,8,8,8,-,-
전국,2월,메이크업,레이트 스타트비,선택,5,6,8,8,14
수도권,2월,메이크업,레이트 스타트비,선택,5,6,8,9,14
비수도권,2월,메이크업,레이트 스타트비,선택,3,5,8,10,-
서울,2월,메이크업,레이트 스타트비,선택,5,6,8,9,14
경인,2월,메이크업,레이트 스타트비,선택,-,-,-,-,-
5대 광역시,2월,메이크업,레이트 스타트비,선택,3,3,8,10,-
이외 지역,2월,메이크업,레이트 스타트비,선택,8,8,8,-,-
전국,1월,메이크업,레이트 스타트비,선택,5,7,8,10,14
수도권,1월,메이크업,레이트 스타트비,선택,5,7,8,10,14
비수도권,1월,메이크업,레이트 스타트비,선택,3,5,8,10,-
서울,1월,메이크업,레이트 스타트비,선택,5,7,8,10,14
경인,1월,메이크업,레이트 스타트비,선택,-,-,-,-,-
5대 광역시,1월,메이크업,레이트 스타트비,선택,3,3,8,10,-
이외 지역,1월,메이크업,레이트 스타트비,선택,8,8,8,-,-
전국,12월,메이크업,레이트 스타트비,선택,5,7,8,10,14
수도권,12월,메이크업,레이트 스타트비,선택,5,7,8,11,14
비수도권,12월,메이크업,레이트 스타트비,선택,3,5,8,10,-
서울,12월,메이크업,레이트 스타트비,선택,5,7,8,11,14
경인,12월,메이크업,레이트 스타트비,선택,-,-,-,-,-
5대 광역시,12월,메이크업,레이트 스타트비,선택,3,3,8,10,-
이외 지역,12월,메이크업,레이트 스타트비,선택,8,8,8,-,-
전국,11월,메이크업,레이트 스타트비,선택,5,7,8,10,14
수도권,11월,메이크업,레이트 스타트비,선택,5,7,8,11,14
비수도권,11월,메이크업,레이트 스타트비,선택,3,5,8,10,-
서울,11월,메이크업,레이트 스타트비,선택,5,7,8,11,14
경인,11월,메이크업,레이트 스타트비,선택,-,-,-,-,-
5대 광역시,11월,메이크업,레이트 스타트비,선택,3,3,8,10,-
이외 지역,11월,메이크업,레이트 스타트비,선택,8,8,8,-,-
전국,10월,메이크업,레이트 스타트비,선택,5,7,8,10,14
수도권,10월,메이크업,레이트 스타트비,선택,5,7,8,11,14
비수도권,10월,메이크업,레이트 스타트비,선택,3,5,8,10,-
서울,10월,메이크업,레이트 스타트비,선택,5,7,8,11,14
경인,10월,메이크업,레이트 스타트비,선택,-,-,-,-,-
5대 광역시,10월,메이크업,레이트 스타트비,선택,3,3,8,10,-
이외 지역,10월,메이크업,레이트 스타트비,선택,8,8,8,-,-
전국,9월,메이크업,레이트 스타트비,선택,5,7,8,10,14
수도권,9월,메이크업,레이트 스타트비,선택,5,7,8,11,14
비수도권,9월,메이크업,레이트 스타트비,선택,3,5,8,10,-
서울,9월,메이크업,레이트 스타트비,선택,5,7,8,11,14
경인,9월,메이크업,레이트 스타트비,선택,-,-,-,-,-
5대 광역시,9월,메이크업,레이트 스타트비,선택,3,3,8,10,-
이외 지역,9월,메이크업,레이트 스타트비,선택,8,8,8,-,-
전국,8월,메이크업,레이트 스타트비,선택,5,7,8,10,14
수도권,8월,메이크업,레이트 스타트비,선택,5,7,8,11,14
비수도권,8월,메이크업,레이트 스타트비,선택,3,5,8,10,-
서울,8월,메이크업,레이트 스타트비,선택,5,7,8,11,14
경인,8월,메이크업,레이트 스타트비,선택,-,-,-,-,-
5대 광역시,8월,메이크업,레이트 스타트비,선택,3,3,8,10,-
이외 지역,8월,메이크업,레이트 스타트비,선택,8,8,8,-,-
전국,7월,메이크업,레이트 스타트비,선택,5,6,8,11,14
수도권,7월,메이크업,레이트 스타트비,선택,5,6,8,11,14
비수도권,7월,메이크업,레이트 스타트비,선택,3,4,8,10,-
서울,7월,메이크업,레이트 스타트비,선택,5,6,8,11,14
경인,7월,메이크업,레이트 스타트비,선택,-,-,-,-,-
5대 광역시,7월,메이크업,레이트 스타트비,선택,3,3,7,11,-
이외 지역,7월,메이크업,레이트 스타트비,선택,8,8,8,-,-
전국,6월,메이크업,레이트 스타트비,선택,5,6,8,11,14
수도권,6월,메이크업,레이트 스타트비,선택,5,6,8,11,14
비수도권,6월,메이크업,레이트 스타트비,선택,3,4,8,10,-
서울,6월,메이크업,레이트 스타트비,선택,5,6,8,11,14
경인,6월,메이크업,레이트 스타트비,선택,-,-,-,-,-
5대 광역시,6월,메이크업,레이트 스타트비,선택,3,3,7,11,-
이외 지역,6월,메이크업,레이트 스타트비,선택,8,8,8,-,-
전국,5월,메이크업,레이트 스타트비,선택,4,6,8,11,14
수도권,5월,메이크업,레이트 스타트비,선택,5,6,8,11,14
비수도권,5월,메이크업,레이트 스타트비,선택,3,4,8,10,-
서울,5월,메이크업,레이트 스타트비,선택,5,6,8,11,14
경인,5월,메이크업,레이트 스타트비,선택,-,-,-,-,-
5대 광역시,5월,메이크업,레이트 스타트비,선택,3,3,7,11,-
이외 지역,5월,메이크업,레이트 스타트비,선택,8,8,8,-,-
전국,4월,메이크업,얼리스타트비,선택,4,6,13,15,18
수도권,4월,메이크업,얼리스타트비,선택,6,11,14,17,18
비수도권,4월,메이크업,얼리스타트비,선택,3,4,5,11,15
서울,4월,메이크업,얼리스타트비,선택,6,11,14,17,18
경인,4월,메이크업,얼리스타트비,선택,5,6,8,12,14
5대 광역시,4월,메이크업,얼리스타트비,선택,3,4,5,6,14
이외 지역,4월,메이크업,얼리스타트비,선택,5,10,11,15,17
전국,3월,메이크업,얼리스타트비,선택,4,6,13,15,18
수도권,3월,메이크업,얼리스타트비,선택,6,11,14,17,18
비수도권,3월,메이크업,얼리스타트비,선택,3,4,5,11,15
서울,3월,메이크업,얼리스타트비,선택,6,11,14,17,18
경인,3월,메이크업,얼리스타트비,선택,5,6,8,12,14
5대 광역시,3월,메이크업,얼리스타트비,선택,3,4,5,6,14
이외 지역,3월,메이크업,얼리스타트비,선택,5,10,11,15,17
전국,2월,메이크업,얼리스타트비,선택,4,6,11,15,18
수도권,2월,메이크업,얼리스타트비,선택,6,10,14,17,18
비수도권,2월,메이크업,얼리스타트비,선택,3,4,5,11,15
서울,2월,메이크업,얼리스타트비,선택,6,11,14,17,18
경인,2월,메이크업,얼리스타트비,선택,5,6,8,12,14
5대 광역시,2월,메이크업,얼리스타트비,선택,3,4,5,6,14
이외 지역,2월,메이크업,얼리스타트비,선택,5,10,11,15,17
전국,1월,메이크업,얼리스타트비,선택,4,6,11,15,18
수도권,1월,메이크업,얼리스타트비,선택,6,11,14,17,18
비수도권,1월,메이크업,얼리스타트비,선택,3,4,5,7,15
서울,1월,메이크업,얼리스타트비,선택,6,11,14,17,18
경인,1월,메이크업,얼리스타트비,선택,5,6,8,12,14
5대 광역시,1월,메이크업,얼리스타트비,선택,3,4,5,6,14
이외 지역,1월,메이크업,얼리스타트비,선택,5,10,11,15,17
전국,12월,메이크업,얼리스타트비,선택,4,6,11,15,17
수도권,12월,메이크업,얼리스타트비,선택,6,10,14,17,18
비수도권,12월,메이크업,얼리스타트비,선택,3,4,5,9,15
서울,12월,메이크업,얼리스타트비,선택,6,11,14,17,18
경인,12월,메이크업,얼리스타트비,선택,5,6,8,12,14
5대 광역시,12월,메이크업,얼리스타트비,선택,3,4,5,6,14
이외 지역,12월,메이크업,얼리스타트비,선택,5,10,11,15,17
전국,11월,메이크업,얼리스타트비,선택,4,6,11,15,17
수도권,11월,메이크업,얼리스타트비,선택,6,10,14,17,18
비수도권,11월,메이크업,얼리스타트비,선택,3,4,5,11,15
서울,11월,메이크업,얼리스타트비,선택,6,11,14,17,18
경인,11월,메이크업,얼리스타트비,선택,5,6,8,12,14
5대 광역시,11월,메이크업,얼리스타트비,선택,3,4,5,6,14
이외 지역,11월,메이크업,얼리스타트비,선택,5,11,11,15,17
전국,10월,메이크업,얼리스타트비,선택,4,6,12,15,18
수도권,10월,메이크업,얼리스타트비,선택,6,11,14,17,18
비수도권,10월,메이크업,얼리스타트비,선택,3,4,5,11,15
서울,10월,메이크업,얼리스타트비,선택,6,11,14,17,18
경인,10월,메이크업,얼리스타트비,선택,5,6,6,13,15
5대 광역시,10월,메이크업,얼리스타트비,선택,3,4,5,6,14
이외 지역,10월,메이크업,얼리스타트비,선택,5,11,11,15,17
전국,9월,메이크업,얼리스타트비,선택,4,6,11,15,18
수도권,9월,메이크업,얼리스타트비,선택,6,10,14,17,18
비수도권,9월,메이크업,얼리스타트비,선택,3,4,5,10,15
서울,9월,메이크업,얼리스타트비,선택,6,11,14,17,18
경인,9월,메이크업,얼리스타트비,선택,5,6,8,12,14
5대 광역시,9월,메이크업,얼리스타트비,선택,3,4,5,6,14
이외 지역,9월,메이크업,얼리스타트비,선택,5,11,11,15,17
전국,8월,메이크업,얼리스타트비,선택,4,6,11,15,18
수도권,8월,메이크업,얼리스타트비,선택,6,10,14,17,18
비수도권,8월,메이크업,얼리스타트비,선택,3,4,5,10,15
서울,8월,메이크업,얼리스타트비,선택,6,11,14,17,18
경인,8월,메이크업,얼리스타트비,선택,5,6,8,12,14
5대 광역시,8월,메이크업,얼리스타트비,선택,3,4,5,6,14
이외 지역,8월,메이크업,얼리스타트비,선택,5,11,11,15,17
전국,7월,메이크업,얼리스타트비,선택,4,6,11,15,18
수도권,7월,메이크업,얼리스타트비,선택,6,10,14,15,18
비수도권,7월,메이크업,얼리스타트비,선택,3,4,5,10,14
서울,7월,메이크업,얼리스타트비,선택,6,11,14,17,18
경인,7월,메이크업,얼리스타트비,선택,5,6,8,12,14
5대 광역시,7월,메이크업,얼리스타트비,선택,3,4,5,6,14
이외 지역,7월,메이크업,얼리스타트비,선택,5,11,11,14,16
전국,6월,메이크업,얼리스타트비,선택,4,6,11,17,18
수도권,6월,메이크업,얼리스타트비,선택,6,10,14,17,19
비수도권,6월,메이크업,얼리스타트비,선택,3,4,5,7,14
서울,6월,메이크업,얼리스타트비,선택,6,11,14,17,19
경인,6월,메이크업,얼리스타트비,선택,5,6,9,12,14
5대 광역시,6월,메이크업,얼리스타트비,선택,3,4,5,6,8
이외 지역,6월,메이크업,얼리스타트비,선택,5,10,11,14,17
전국,5월,메이크업,얼리스타트비,선택,4,6,11,17,18
수도권,5월,메이크업,얼리스타트비,선택,6,9,14,17,19
비수도권,5월,메이크업,얼리스타트비,선택,3,4,5,7,14
서울,5월,메이크업,얼리스타트비,선택,6,11,14,17,19
경인,5월,메이크업,얼리스타트비,선택,5,6,9,12,14
5대 광역시,5월,메이크업,얼리스타트비,선택,3,4,5,6,8
이외 지역,5월,메이크업,얼리스타트비,선택,5,10,11,14,17
전국,4월,예식장,대관비용,필수,100,200,350,600,850
수도권,4월,예식장,대관비용,필수,150,300,550,800,"1,100"
비수도권,4월,예식장,대관비용,필수,80,150,260,370,470
서울(강남),4월,예식장,대관비용,필수,220,500,770,898,"1,200"
서울(강남외),4월,예식장,대관비용,필수,200,400,610,800,"1,500"
부산,4월,예식장,대관비용,필수,50,100,170,290,350
대구,4월,예식장,대관비용,필수,70,80,150,250,450
인천,4월,예식장,대관비용,필수,100,190,300,350,500
광주,4월,예식장,대관비용,필수,70,100,235,430,450
대전,4월,예식장,대관비용,필수,90,200,297,300,350
울산,4월,예식장,대관비용,필수,280,280,380,530,550
경기도,4월,예식장,대관비용,필수,100,200,380,600,750
강원도,4월,예식장,대관비용,필수,120,200,350,400,430
충청도,4월,예식장,대관비용,필수,167,200,350,500,600
전라도,4월,예식장,대관비용,필수,130,200,280,400,500
경상도,4월,예식장,대관비용,필수,100,150,290,370,400
제주도,4월,예식장,대관비용,필수,0,150,198,200,200
전국,3월,예식장,대관비용,필수,100,200,350,580,860
수도권,3월,예식장,대관비용,필수,150,300,550,800,"1,100"
비수도권,3월,예식장,대관비용,필수,80,150,250,360,450
서울(강남),3월,예식장,대관비용,필수,250,460,750,880,"1,200"
서울(강남외),3월,예식장,대관비용,필수,200,405,600,900,"1,500"
부산,3월,예식장,대관비용,필수,50,90,170,280,350
대구,3월,예식장,대관비용,필수,70,85,150,250,450
인천,3월,예식장,대관비용,필수,100,180,300,300,500
광주,3월,예식장,대관비용,필수,70,100,200,300,450
대전,3월,예식장,대관비용,필수,100,200,297,300,350
울산,3월,예식장,대관비용,필수,100,280,300,450,450
경기도,3월,예식장,대관비용,필수,100,200,380,600,750
강원도,3월,예식장,대관비용,필수,120,200,350,400,430
충청도,3월,예식장,대관비용,필수,160,200,350,500,600
전라도,3월,예식장,대관비용,필수,100,200,300,400,500
경상도,3월,예식장,대관비용,필수,90,150,290,370,400
제주도,3월,예식장,대관비용,필수,0,150,189,200,200
전국,2월,예식장,대관비용,필수,100,200,350,550,830
수도권,2월,예식장,대관비용,필수,150,300,550,800,990
비수도권,2월,예식장,대관비용,필수,80,150,250,350,450
서울(강남),2월,예식장,대관비용,필수,250,500,730,890,"1,098"
서울(강남외),2월,예식장,대관비용,필수,200,405,600,800,"1,300"
부산,2월,예식장,대관비용,필수,50,100,200,320,350
대구,2월,예식장,대관비용,필수,60,90,150,250,450
인천,2월,예식장,대관비용,필수,100,180,300,300,500
광주,2월,예식장,대관비용,필수,70,100,250,350,450
대전,2월,예식장,대관비용,필수,190,250,297,300,350
울산,2월,예식장,대관비용,필수,160,280,300,300,300
경기도,2월,예식장,대관비용,필수,150,200,400,590,750
강원도,2월,예식장,대관비용,필수,120,200,370,500,530
충청도,2월,예식장,대관비용,필수,200,220,350,500,500
전라도,2월,예식장,대관비용,필수,130,200,300,400,500
경상도,2월,예식장,대관비용,필수,80,120,280,370,400
제주도,2월,예식장,대관비용,필수,0,0,165,199,200
전국,1월,예식장,대관비용,필수,80,200,350,550,800
수도권,1월,예식장,대관비용,필수,150,300,550,750,900
비수도권,1월,예식장,대관비용,필수,70,140,250,350,450
서울(강남),1월,예식장,대관비용,필수,274,500,730,880,"1,032"
서울(강남외),1월,예식장,대관비용,필수,200,405,590,770,950
부산,1월,예식장,대관비용,필수,50,93,230,340,350
대구,1월,예식장,대관비용,필수,63,80,150,250,450
인천,1월,예식장,대관비용,필수,100,180,300,350,500
광주,1월,예식장,대관비용,필수,0,70,180,300,450
대전,1월,예식장,대관비용,필수,139,200,280,300,350
울산,1월,예식장,대관비용,필수,148,270,300,300,300
경기도,1월,예식장,대관비용,필수,106,200,400,550,692
강원도,1월,예식장,대관비용,필수,120,200,300,400,530
충청도,1월,예식장,대관비용,필수,200,220,350,500,550
전라도,1월,예식장,대관비용,필수,150,200,300,400,500
경상도,1월,예식장,대관비용,필수,70,120,200,360,400
제주도,1월,예식장,대관비용,필수,0,0,185,200,200
전국,12월,예식장,대관비용,필수,80,150,300,550,800
수도권,12월,예식장,대관비용,필수,100,290,500,750,950
비수도권,12월,예식장,대관비용,필수,60,100,200,320,420
서울(강남),12월,예식장,대관비용,필수,121,485,700,880,"1,126"
서울(강남외),12월,예식장,대관비용,필수,132,350,580,770,950
부산,12월,예식장,대관비용,필수,50,70,180,300,370
대구,12월,예식장,대관비용,필수,80,100,150,240,300
인천,12월,예식장,대관비용,필수,130,210,300,350,550
광주,12월,예식장,대관비용,필수,0,50,100,250,420
대전,12월,예식장,대관비용,필수,100,107,250,280,300
울산,12월,예식장,대관비용,필수,250,300,300,530,650
경기도,12월,예식장,대관비용,필수,100,180,380,500,650
강원도,12월,예식장,대관비용,필수,100,200,250,370,530
충청도,12월,예식장,대관비용,필수,150,200,300,420,500
전라도,12월,예식장,대관비용,필수,104,200,300,400,800
경상도,12월,예식장,대관비용,필수,50,120,250,370,390
제주도,12월,예식장,대관비용,필수,0,80,100,200,200
전국,11월,예식장,대관비용,필수,80,180,300,550,800
수도권,11월,예식장,대관비용,필수,102,300,500,750,950
비수도권,11월,예식장,대관비용,필수,70,100,210,320,420
서울(강남),11월,예식장,대관비용,필수,125,500,700,899,"1,091"
서울(강남외),11월,예식장,대관비용,필수,150,350,590,780,955
부산,11월,예식장,대관비용,필수,50,60,180,300,370
대구,11월,예식장,대관비용,필수,80,100,200,250,300
인천,11월,예식장,대관비용,필수,130,220,300,400,500
광주,11월,예식장,대관비용,필수,0,100,100,270,450
대전,11월,예식장,대관비용,필수,100,150,250,300,300
울산,11월,예식장,대관비용,필수,250,300,351,530,650
경기도,11월,예식장,대관비용,필수,100,200,380,500,653
강원도,11월,예식장,대관비용,필수,100,200,250,350,530
충청도,11월,예식장,대관비용,필수,150,200,300,420,500
전라도,11월,예식장,대관비용,필수,104,200,300,340,800
경상도,11월,예식장,대관비용,필수,50,100,270,370,390
제주도,11월,예식장,대관비용,필수,0,80,100,199,200
전국,10월,예식장,대관비용,필수,80,171,300,550,800
수도권,10월,예식장,대관비용,필수,123,300,500,750,950
비수도권,10월,예식장,대관비용,필수,60,100,210,300,420
서울(강남),10월,예식장,대관비용,필수,200,500,750,950,"1,140"
서울(강남외),10월,예식장,대관비용,필수,132,330,570,770,950
부산,10월,예식장,대관비용,필수,50,70,180,300,366
대구,10월,예식장,대관비용,필수,80,100,200,250,300
인천,10월,예식장,대관비용,필수,100,220,300,400,500
광주,10월,예식장,대관비용,필수,0,100,100,270,450
대전,10월,예식장,대관비용,필수,100,150,250,300,300
울산,10월,예식장,대관비용,필수,250,300,300,530,650
경기도,10월,예식장,대관비용,필수,100,200,380,500,660
강원도,10월,예식장,대관비용,필수,0,120,200,400,530
충청도,10월,예식장,대관비용,필수,150,200,300,420,500
전라도,10월,예식장,대관비용,필수,78,200,300,340,800
경상도,10월,예식장,대관비용,필수,50,100,280,370,390
제주도,10월,예식장,대관비용,필수,0,80,100,200,200
전국,9월,예식장,대관비용,필수,80,180,330,590,840
수도권,9월,예식장,대관비용,필수,130,300,550,770,955
비수도권,9월,예식장,대관비용,필수,50,100,200,330,420
서울(강남),9월,예식장,대관비용,필수,98,500,750,960,"1,060"
서울(강남외),9월,예식장,대관비용,필수,190,350,580,770,950
부산,9월,예식장,대관비용,필수,50,70,150,270,370
대구,9월,예식장,대관비용,필수,55,100,200,250,300
인천,9월,예식장,대관비용,필수,132,250,300,420,550
광주,9월,예식장,대관비용,필수,0,100,100,270,430
대전,9월,예식장,대관비용,필수,100,150,250,300,300
울산,9월,예식장,대관비용,필수,250,300,300,351,396
경기도,9월,예식장,대관비용,필수,100,200,400,550,750
강원도,9월,예식장,대관비용,필수,0,100,200,350,530
충청도,9월,예식장,대관비용,필수,150,250,350,450,500
전라도,9월,예식장,대관비용,필수,78,200,300,340,800
경상도,9월,예식장,대관비용,필수,50,100,280,370,390
제주도,9월,예식장,대관비용,필수,0,80,100,198,200
전국,8월,예식장,대관비용,필수,80,180,350,600,880
수도권,8월,예식장,대관비용,필수,121,300,550,770,960
비수도권,8월,예식장,대관비용,필수,50,100,200,330,420
서울(강남),8월,예식장,대관비용,필수,0,500,750,960,"1,020"
서울(강남외),8월,예식장,대관비용,필수,150,341,570,770,950
부산,8월,예식장,대관비용,필수,0,50,100,270,370
대구,8월,예식장,대관비용,필수,50,100,150,250,300
인천,8월,예식장,대관비용,필수,130,250,300,400,550
광주,8월,예식장,대관비용,필수,0,100,100,270,430
대전,8월,예식장,대관비용,필수,100,150,200,300,300
울산,8월,예식장,대관비용,필수,273,300,351,414,420
경기도,8월,예식장,대관비용,필수,100,200,400,550,750
강원도,8월,예식장,대관비용,필수,0,100,300,530,530
충청도,8월,예식장,대관비용,필수,150,220,350,420,500
전라도,8월,예식장,대관비용,필수,78,200,300,340,400
경상도,8월,예식장,대관비용,필수,50,100,270,360,390
제주도,8월,예식장,대관비용,필수,0,0,80,150,198
전국,7월,예식장,대관비용,필수,70,150,300,550,800
수도권,7월,예식장,대관비용,필수,110,290,500,700,950
비수도권,7월,예식장,대관비용,필수,50,100,200,330,450
서울(강남),7월,예식장,대관비용,필수,0,460,750,927,"1,050"
서울(강남외),7월,예식장,대관비용,필수,190,330,550,700,950
부산,7월,예식장,대관비용,필수,30,50,100,250,658
대구,7월,예식장,대관비용,필수,60,100,150,250,396
인천,7월,예식장,대관비용,필수,100,150,300,400,500
광주,7월,예식장,대관비용,필수,0,100,100,400,450
대전,7월,예식장,대관비용,필수,100,150,200,250,300
울산,7월,예식장,대관비용,필수,180,300,400,530,650
경기도,7월,예식장,대관비용,필수,100,200,380,540,700
강원도,7월,예식장,대관비용,필수,51,155,300,530,860
충청도,7월,예식장,대관비용,필수,200,200,300,450,500
전라도,7월,예식장,대관비용,필수,30,180,300,340,500
경상도,7월,예식장,대관비용,필수,50,90,250,390,420
제주도,7월,예식장,대관비용,필수,0,80,100,198,198
전국,6월,예식장,대관비용,필수,50,150,300,540,793
수도권,6월,예식장,대관비용,필수,100,250,440,700,900
비수도권,6월,예식장,대관비용,필수,50,100,200,300,450
서울(강남),6월,예식장,대관비용,필수,0,300,690,950,"1,020"
서울(강남외),6월,예식장,대관비용,필수,100,320,550,700,900
부산,6월,예식장,대관비용,필수,30,50,100,258,700
대구,6월,예식장,대관비용,필수,60,100,150,250,396
인천,6월,예식장,대관비용,필수,100,150,300,400,500
광주,6월,예식장,대관비용,필수,0,100,100,270,430
대전,6월,예식장,대관비용,필수,100,150,200,250,300
울산,6월,예식장,대관비용,필수,180,300,400,530,650
경기도,6월,예식장,대관비용,필수,100,200,380,540,700
강원도,6월,예식장,대관비용,필수,40,150,250,530,596
충청도,6월,예식장,대관비용,필수,200,200,300,450,500
전라도,6월,예식장,대관비용,필수,70,200,300,340,400
경상도,6월,예식장,대관비용,필수,50,80,130,370,390
제주도,6월,예식장,대관비용,필수,0,0,90,198,200
전국,5월,예식장,대관비용,필수,60,150,300,550,800
수도권,5월,예식장,대관비용,필수,100,250,440,700,950
비수도권,5월,예식장,대관비용,필수,50,100,200,300,450
서울(강남),5월,예식장,대관비용,필수,0,300,700,950,"1,000"
서울(강남외),5월,예식장,대관비용,필수,130,300,550,700,900
부산,5월,예식장,대관비용,필수,30,50,105,270,700
대구,5월,예식장,대관비용,필수,50,100,150,250,396
인천,5월,예식장,대관비용,필수,100,150,300,400,500
광주,5월,예식장,대관비용,필수,0,100,100,270,430
대전,5월,예식장,대관비용,필수,100,150,160,200,300
울산,5월,예식장,대관비용,필수,180,300,400,530,650
경기도,5월,예식장,대관비용,필수,100,200,380,540,700
강원도,5월,예식장,대관비용,필수,45,150,250,530,563
충청도,5월,예식장,대관비용,필수,200,200,400,450,500
전라도,5월,예식장,대관비용,필수,30,200,250,300,450
경상도,5월,예식장,대관비용,필수,50,80,210,370,390
제주도,5월,예식장,대관비용,필수,0,0,95,198,250
전국,4월,예식장,기본 장식비,필수,0,0,0,0,190
수도권,4월,예식장,기본 장식비,필수,0,0,0,0,500
비수도권,4월,예식장,기본 장식비,필수,0,0,0,0,0
서울(강남),4월,예식장,기본 장식비,필수,0,0,0,200,880
서울(강남외),4월,예식장,기본 장식비,필수,0,0,0,0,500
부산,4월,예식장,기본 장식비,필수,0,0,0,0,0
대구,4월,예식장,기본 장식비,필수,0,0,0,0,200
인천,4월,예식장,기본 장식비,필수,0,0,0,0,0
광주,4월,예식장,기본 장식비,필수,0,0,0,0,0
대전,4월,예식장,기본 장식비,필수,0,0,0,50,130
울산,4월,예식장,기본 장식비,필수,0,0,0,0,0
경기도,4월,예식장,기본 장식비,필수,0,0,0,0,110
강원도,4월,예식장,기본 장식비,필수,0,0,0,0,180
충청도,4월,예식장,기본 장식비,필수,0,0,0,0,0
전라도,4월,예식장,기본 장식비,필수,0,0,0,0,0
경상도,4월,예식장,기본 장식비,필수,0,0,0,0,0
제주도,4월,예식장,기본 장식비,필수,0,0,0,0,200
전국,3월,예식장,기본 장식비,필수,0,0,0,0,200
수도권,3월,예식장,기본 장식비,필수,0,0,0,0,500
비수도권,3월,예식장,기본 장식비,필수,0,0,0,0,0
서울(강남),3월,예식장,기본 장식비,필수,0,0,0,350,880
서울(강남외),3월,예식장,기본 장식비,필수,0,0,0,0,500
부산,3월,예식장,기본 장식비,필수,0,0,0,0,0
대구,3월,예식장,기본 장식비,필수,0,0,0,0,200
인천,3월,예식장,기본 장식비,필수,0,0,0,0,0
광주,3월,예식장,기본 장식비,필수,0,0,0,0,0
대전,3월,예식장,기본 장식비,필수,0,0,0,50,130
울산,3월,예식장,기본 장식비,필수,0,0,0,0,0
경기도,3월,예식장,기본 장식비,필수,0,0,0,0,90
강원도,3월,예식장,기본 장식비,필수,0,0,0,0,200
충청도,3월,예식장,기본 장식비,필수,0,0,0,0,0
전라도,3월,예식장,기본 장식비,필수,0,0,0,0,0
경상도,3월,예식장,기본 장식비,필수,0,0,0,0,0
제주도,3월,예식장,기본 장식비,필수,0,0,0,0,190
전국,2월,예식장,기본 장식비,필수,0,0,0,0,171
수도권,2월,예식장,기본 장식비,필수,0,0,0,0,500
비수도권,2월,예식장,기본 장식비,필수,0,0,0,0,0
서울(강남),2월,예식장,기본 장식비,필수,0,0,0,410,880
서울(강남외),2월,예식장,기본 장식비,필수,0,0,0,0,400
부산,2월,예식장,기본 장식비,필수,0,0,0,0,0
대구,2월,예식장,기본 장식비,필수,0,0,0,0,200
인천,2월,예식장,기본 장식비,필수,0,0,0,0,0
광주,2월,예식장,기본 장식비,필수,0,0,0,0,0
대전,2월,예식장,기본 장식비,필수,0,0,0,50,130
울산,2월,예식장,기본 장식비,필수,0,0,0,0,0
경기도,2월,예식장,기본 장식비,필수,0,0,0,0,146
강원도,2월,예식장,기본 장식비,필수,0,0,0,0,200
충청도,2월,예식장,기본 장식비,필수,0,0,0,0,0
전라도,2월,예식장,기본 장식비,필수,0,0,0,0,100
경상도,2월,예식장,기본 장식비,필수,0,0,0,0,0
제주도,2월,예식장,기본 장식비,필수,0,0,0,0,200
전국,1월,예식장,기본 장식비,필수,0,0,0,0,200
수도권,1월,예식장,기본 장식비,필수,0,0,0,0,600
비수도권,1월,예식장,기본 장식비,필수,0,0,0,0,50
서울(강남),1월,예식장,기본 장식비,필수,0,0,0,460,880
서울(강남외),1월,예식장,기본 장식비,필수,0,0,0,0,660
부산,1월,예식장,기본 장식비,필수,0,0,0,0,0
대구,1월,예식장,기본 장식비,필수,0,0,0,0,200
인천,1월,예식장,기본 장식비,필수,0,0,0,0,0
광주,1월,예식장,기본 장식비,필수,0,0,0,0,0
대전,1월,예식장,기본 장식비,필수,0,0,0,70,200
울산,1월,예식장,기본 장식비,필수,0,0,0,0,0
경기도,1월,예식장,기본 장식비,필수,0,0,0,0,100
강원도,1월,예식장,기본 장식비,필수,0,0,0,75,200
충청도,1월,예식장,기본 장식비,필수,0,0,0,0,0
전라도,1월,예식장,기본 장식비,필수,0,0,0,0,100
경상도,1월,예식장,기본 장식비,필수,0,0,0,0,0
제주도,1월,예식장,기본 장식비,필수,0,0,0,150,190
전국,12월,예식장,기본 장식비,필수,0,0,0,0,280
수도권,12월,예식장,기본 장식비,필수,0,0,0,0,600
비수도권,12월,예식장,기본 장식비,필수,0,0,0,0,50
서울(강남),12월,예식장,기본 장식비,필수,0,0,0,600,880
서울(강남외),12월,예식장,기본 장식비,필수,0,0,0,0,400
부산,12월,예식장,기본 장식비,필수,0,0,0,0,0
대구,12월,예식장,기본 장식비,필수,0,0,0,0,100
인천,12월,예식장,기본 장식비,필수,0,0,0,0,100
광주,12월,예식장,기본 장식비,필수,0,0,0,0,0
대전,12월,예식장,기본 장식비,필수,0,0,50,80,200
울산,12월,예식장,기본 장식비,필수,0,0,0,0,0
경기도,12월,예식장,기본 장식비,필수,0,0,0,0,165
강원도,12월,예식장,기본 장식비,필수,0,0,0,0,100
충청도,12월,예식장,기본 장식비,필수,0,0,0,0,0
전라도,12월,예식장,기본 장식비,필수,0,0,0,0,130
경상도,12월,예식장,기본 장식비,필수,0,0,0,0,0
제주도,12월,예식장,기본 장식비,필수,0,0,0,0,235
전국,11월,예식장,기본 장식비,필수,0,0,0,0,200
수도권,11월,예식장,기본 장식비,필수,0,0,0,0,580
비수도권,11월,예식장,기본 장식비,필수,0,0,0,0,50
서울(강남),11월,예식장,기본 장식비,필수,0,0,0,590,825
서울(강남외),11월,예식장,기본 장식비,필수,0,0,0,0,350
부산,11월,예식장,기본 장식비,필수,0,0,0,0,0
대구,11월,예식장,기본 장식비,필수,0,0,0,0,100
인천,11월,예식장,기본 장식비,필수,0,0,0,0,100
광주,11월,예식장,기본 장식비,필수,0,0,0,0,0
대전,11월,예식장,기본 장식비,필수,0,0,50,120,130
울산,11월,예식장,기본 장식비,필수,0,0,0,0,0
경기도,11월,예식장,기본 장식비,필수,0,0,0,0,150
강원도,11월,예식장,기본 장식비,필수,0,0,0,0,100
충청도,11월,예식장,기본 장식비,필수,0,0,0,0,0
전라도,11월,예식장,기본 장식비,필수,0,0,0,0,130
경상도,11월,예식장,기본 장식비,필수,0,0,0,0,0
제주도,11월,예식장,기본 장식비,필수,0,0,0,0,230
전국,10월,예식장,기본 장식비,필수,0,0,0,0,160
수도권,10월,예식장,기본 장식비,필수,0,0,0,0,580
비수도권,10월,예식장,기본 장식비,필수,0,0,0,0,50
서울(강남),10월,예식장,기본 장식비,필수,0,0,0,400,800
서울(강남외),10월,예식장,기본 장식비,필수,0,0,0,0,500
부산,10월,예식장,기본 장식비,필수,0,0,0,0,0
대구,10월,예식장,기본 장식비,필수,0,0,0,0,100
인천,10월,예식장,기본 장식비,필수,0,0,0,0,100
광주,10월,예식장,기본 장식비,필수,0,0,0,0,0
대전,10월,예식장,기본 장식비,필수,0,0,50,120,130
울산,10월,예식장,기본 장식비,필수,0,0,0,0,0
경기도,10월,예식장,기본 장식비,필수,0,0,0,0,150
강원도,10월,예식장,기본 장식비,필수,0,0,0,0,0
충청도,10월,예식장,기본 장식비,필수,0,0,0,0,0
전라도,10월,예식장,기본 장식비,필수,0,0,0,0,130
경상도,10월,예식장,기본 장식비,필수,0,0,0,0,0
제주도,10월,예식장,기본 장식비,필수,0,0,0,0,0
전국,9월,예식장,기본 장식비,필수,0,0,0,0,300
수도권,9월,예식장,기본 장식비,필수,0,0,0,0,600
비수도권,9월,예식장,기본 장식비,필수,0,0,0,0,50
서울(강남),9월,예식장,기본 장식비,필수,0,0,0,480,825
서울(강남외),9월,예식장,기본 장식비,필수,0,0,0,0,684
부산,9월,예식장,기본 장식비,필수,0,0,0,0,0
대구,9월,예식장,기본 장식비,필수,0,0,0,0,200
인천,9월,예식장,기본 장식비,필수,0,0,0,0,330
광주,9월,예식장,기본 장식비,필수,0,0,0,0,0
대전,9월,예식장,기본 장식비,필수,0,0,50,120,130
울산,9월,예식장,기본 장식비,필수,0,0,0,0,0
경기도,9월,예식장,기본 장식비,필수,0,0,0,0,150
강원도,9월,예식장,기본 장식비,필수,0,0,0,0,0
충청도,9월,예식장,기본 장식비,필수,0,0,0,0,0
전라도,9월,예식장,기본 장식비,필수,0,0,0,0,130
경상도,9월,예식장,기본 장식비,필수,0,0,0,0,0
제주도,9월,예식장,기본 장식비,필수,0,0,0,0,0
전국,8월,예식장,기본 장식비,필수,0,0,0,0,200
수도권,8월,예식장,기본 장식비,필수,0,0,0,0,600
비수도권,8월,예식장,기본 장식비,필수,0,0,0,0,50
서울(강남),8월,예식장,기본 장식비,필수,0,0,0,450,850
서울(강남외),8월,예식장,기본 장식비,필수,0,0,0,0,660
부산,8월,예식장,기본 장식비,필수,0,0,0,0,0
대구,8월,예식장,기본 장식비,필수,0,0,0,0,100
인천,8월,예식장,기본 장식비,필수,0,0,0,0,330
광주,8월,예식장,기본 장식비,필수,0,0,0,0,0
대전,8월,예식장,기본 장식비,필수,0,0,50,120,130
울산,8월,예식장,기본 장식비,필수,0,0,0,0,0
경기도,8월,예식장,기본 장식비,필수,0,0,0,0,150
강원도,8월,예식장,기본 장식비,필수,0,0,0,0,0
충청도,8월,예식장,기본 장식비,필수,0,0,0,0,0
전라도,8월,예식장,기본 장식비,필수,0,0,0,0,6
경상도,8월,예식장,기본 장식비,필수,0,0,0,0,0
제주도,8월,예식장,기본 장식비,필수,0,0,0,0,210
전국,7월,예식장,기본 장식비,필수,0,0,0,0,270
수도권,7월,예식장,기본 장식비,필수,0,0,0,0,550
비수도권,7월,예식장,기본 장식비,필수,0,0,0,0,80
서울(강남),7월,예식장,기본 장식비,필수,0,0,0,300,750
서울(강남외),7월,예식장,기본 장식비,필수,0,0,0,0,800
부산,7월,예식장,기본 장식비,필수,0,0,0,0,0
대구,7월,예식장,기본 장식비,필수,0,0,0,0,100
인천,7월,예식장,기본 장식비,필수,0,0,0,0,100
광주,7월,예식장,기본 장식비,필수,0,0,0,0,0
대전,7월,예식장,기본 장식비,필수,0,0,50,120,130
울산,7월,예식장,기본 장식비,필수,0,0,0,0,0
경기도,7월,예식장,기본 장식비,필수,0,0,0,0,200
강원도,7월,예식장,기본 장식비,필수,0,0,0,0,100
충청도,7월,예식장,기본 장식비,필수,0,0,0,0,0
전라도,7월,예식장,기본 장식비,필수,0,0,0,0,50
경상도,7월,예식장,기본 장식비,필수,0,0,0,0,81
제주도,7월,예식장,기본 장식비,필수,0,0,0,0,0
전국,6월,예식장,기본 장식비,필수,0,0,0,0,300
수도권,6월,예식장,기본 장식비,필수,0,0,0,0,550
비수도권,6월,예식장,기본 장식비,필수,0,0,0,0,80
서울(강남),6월,예식장,기본 장식비,필수,0,0,0,300,660
서울(강남외),6월,예식장,기본 장식비,필수,0,0,0,100,990
부산,6월,예식장,기본 장식비,필수,0,0,0,0,0
대구,6월,예식장,기본 장식비,필수,0,0,0,0,100
인천,6월,예식장,기본 장식비,필수,0,0,0,0,330
광주,6월,예식장,기본 장식비,필수,0,0,0,0,0
대전,6월,예식장,기본 장식비,필수,0,0,50,120,130
울산,6월,예식장,기본 장식비,필수,0,0,0,0,0
경기도,6월,예식장,기본 장식비,필수,0,0,0,0,200
강원도,6월,예식장,기본 장식비,필수,0,0,0,0,100
충청도,6월,예식장,기본 장식비,필수,0,0,0,0,0
전라도,6월,예식장,기본 장식비,필수,0,0,0,0,0
경상도,6월,예식장,기본 장식비,필수,0,0,0,0,0
제주도,6월,예식장,기본 장식비,필수,0,0,0,160,330
전국,5월,예식장,기본 장식비,필수,0,0,0,0,278
수도권,5월,예식장,기본 장식비,필수,0,0,0,0,579
비수도권,5월,예식장,기본 장식비,필수,0,0,0,0,50
서울(강남),5월,예식장,기본 장식비,필수,0,0,0,300,660
서울(강남외),5월,예식장,기본 장식비,필수,0,0,0,88,995
부산,5월,예식장,기본 장식비,필수,0,0,0,0,0
대구,5월,예식장,기본 장식비,필수,0,0,0,0,100
인천,5월,예식장,기본 장식비,필수,0,0,0,0,310
광주,5월,예식장,기본 장식비,필수,0,0,0,0,0
대전,5월,예식장,기본 장식비,필수,0,0,50,120,130
울산,5월,예식장,기본 장식비,필수,0,0,0,0,0
경기도,5월,예식장,기본 장식비,필수,0,0,0,0,200
강원도,5월,예식장,기본 장식비,필수,0,0,0,0,100
충청도,5월,예식장,기본 장식비,필수,0,0,0,0,0
전라도,5월,예식장,기본 장식비,필수,0,0,0,0,20
경상도,5월,예식장,기본 장식비,필수,0,0,0,0,0
제주도,5월,예식장,기본 장식비,필수,0,0,0,160,330
전국,4월,예식장,최소보증인원,필수,150,150,200,220,250
수도권,4월,예식장,최소보증인원,필수,140,150,200,250,280
비수도권,4월,예식장,최소보증인원,필수,150,150,200,200,250
서울(강남),4월,예식장,최소보증인원,필수,100,150,200,270,300
서울(강남외),4월,예식장,최소보증인원,필수,150,200,200,250,250
부산,4월,예식장,최소보증인원,필수,100,150,150,150,200
대구,4월,예식장,최소보증인원,필수,150,150,200,200,220
인천,4월,예식장,최소보증인원,필수,150,150,200,200,220
광주,4월,예식장,최소보증인원,필수,150,180,200,200,250
대전,4월,예식장,최소보증인원,필수,100,150,200,200,250
울산,4월,예식장,최소보증인원,필수,180,200,200,200,200
경기도,4월,예식장,최소보증인원,필수,100,150,200,250,250
강원도,4월,예식장,최소보증인원,필수,150,200,200,300,300
충청도,4월,예식장,최소보증인원,필수,100,150,200,200,250
전라도,4월,예식장,최소보증인원,필수,150,200,200,200,250
경상도,4월,예식장,최소보증인원,필수,130,150,180,200,200
제주도,4월,예식장,최소보증인원,필수,200,200,300,300,500
전국,3월,예식장,최소보증인원,필수,150,150,200,220,250
수도권,3월,예식장,최소보증인원,필수,150,150,200,250,300
비수도권,3월,예식장,최소보증인원,필수,150,150,200,200,250
서울(강남),3월,예식장,최소보증인원,필수,100,180,200,280,300
서울(강남외),3월,예식장,최소보증인원,필수,150,200,200,250,250
부산,3월,예식장,최소보증인원,필수,100,150,150,150,200
대구,3월,예식장,최소보증인원,필수,100,150,200,200,220
인천,3월,예식장,최소보증인원,필수,150,150,200,200,210
광주,3월,예식장,최소보증인원,필수,150,200,200,200,250
대전,3월,예식장,최소보증인원,필수,112,150,200,200,250
울산,3월,예식장,최소보증인원,필수,180,200,200,200,200
경기도,3월,예식장,최소보증인원,필수,100,150,200,250,250
강원도,3월,예식장,최소보증인원,필수,150,200,200,300,300
충청도,3월,예식장,최소보증인원,필수,100,150,200,200,250
전라도,3월,예식장,최소보증인원,필수,150,200,200,200,250
경상도,3월,예식장,최소보증인원,필수,130,150,180,200,220
제주도,3월,예식장,최소보증인원,필수,200,200,300,300,500
전국,2월,예식장,최소보증인원,필수,140,150,200,215,250
수도권,2월,예식장,최소보증인원,필수,125,150,200,250,280
비수도권,2월,예식장,최소보증인원,필수,150,150,200,200,250
서울(강남),2월,예식장,최소보증인원,필수,100,160,200,250,300
서울(강남외),2월,예식장,최소보증인원,필수,150,200,200,250,250
부산,2월,예식장,최소보증인원,필수,100,150,150,150,200
대구,2월,예식장,최소보증인원,필수,140,150,200,200,250
인천,2월,예식장,최소보증인원,필수,150,150,200,200,220
광주,2월,예식장,최소보증인원,필수,150,200,200,200,250
대전,2월,예식장,최소보증인원,필수,100,150,200,200,250
울산,2월,예식장,최소보증인원,필수,200,200,200,200,200
경기도,2월,예식장,최소보증인원,필수,100,150,200,200,250
강원도,2월,예식장,최소보증인원,필수,150,200,200,300,300
충청도,2월,예식장,최소보증인원,필수,100,150,200,200,250
전라도,2월,예식장,최소보증인원,필수,150,200,200,200,250
경상도,2월,예식장,최소보증인원,필수,150,150,180,200,220
제주도,2월,예식장,최소보증인원,필수,100,200,200,300,500
전국,1월,예식장,최소보증인원,필수,100,150,200,200,250
수도권,1월,예식장,최소보증인원,필수,100,150,200,250,250
비수도권,1월,예식장,최소보증인원,필수,116,150,200,200,250
서울(강남),1월,예식장,최소보증인원,필수,100,180,200,260,300
서울(강남외),1월,예식장,최소보증인원,필수,150,150,200,250,250
부산,1월,예식장,최소보증인원,필수,150,150,150,150,200
대구,1월,예식장,최소보증인원,필수,100,150,200,200,250
인천,1월,예식장,최소보증인원,필수,150,150,200,200,228
광주,1월,예식장,최소보증인원,필수,150,150,200,200,250
대전,1월,예식장,최소보증인원,필수,100,150,200,200,285
울산,1월,예식장,최소보증인원,필수,196,200,200,200,200
경기도,1월,예식장,최소보증인원,필수,80,150,200,200,250
강원도,1월,예식장,최소보증인원,필수,100,150,200,200,300
충청도,1월,예식장,최소보증인원,필수,100,150,200,200,250
전라도,1월,예식장,최소보증인원,필수,150,158,200,200,250
경상도,1월,예식장,최소보증인원,필수,100,150,150,200,200
제주도,1월,예식장,최소보증인원,필수,100,200,200,300,500
전국,12월,예식장,최소보증인원,필수,110,150,200,230,250
수도권,12월,예식장,최소보증인원,필수,125,150,200,250,300
비수도권,12월,예식장,최소보증인원,필수,100,150,200,200,250
서울(강남),12월,예식장,최소보증인원,필수,140,200,250,300,300
서울(강남외),12월,예식장,최소보증인원,필수,150,170,200,250,250
부산,12월,예식장,최소보증인원,필수,100,150,150,150,200
대구,12월,예식장,최소보증인원,필수,126,150,200,215,250
인천,12월,예식장,최소보증인원,필수,150,150,200,200,250
광주,12월,예식장,최소보증인원,필수,120,150,200,200,250
대전,12월,예식장,최소보증인원,필수,111,150,200,200,250
울산,12월,예식장,최소보증인원,필수,200,200,200,200,250
경기도,12월,예식장,최소보증인원,필수,100,150,200,200,250
강원도,12월,예식장,최소보증인원,필수,150,200,200,200,300
충청도,12월,예식장,최소보증인원,필수,100,150,200,250,250
전라도,12월,예식장,최소보증인원,필수,150,180,200,250,250
경상도,12월,예식장,최소보증인원,필수,100,150,180,200,200
제주도,12월,예식장,최소보증인원,필수,100,100,200,300,350
전국,11월,예식장,최소보증인원,필수,120,150,200,250,250
수도권,11월,예식장,최소보증인원,필수,150,150,200,250,296
비수도권,11월,예식장,최소보증인원,필수,120,150,200,200,250
서울(강남),11월,예식장,최소보증인원,필수,150,200,250,300,300
서울(강남외),11월,예식장,최소보증인원,필수,150,200,200,250,250
부산,11월,예식장,최소보증인원,필수,100,150,150,150,200
대구,11월,예식장,최소보증인원,필수,132,150,200,200,250
인천,11월,예식장,최소보증인원,필수,150,150,200,250,250
광주,11월,예식장,최소보증인원,필수,120,150,200,200,250
대전,11월,예식장,최소보증인원,필수,150,150,200,250,300
울산,11월,예식장,최소보증인원,필수,180,200,200,200,247
경기도,11월,예식장,최소보증인원,필수,100,150,200,200,250
강원도,11월,예식장,최소보증인원,필수,150,200,200,200,300
충청도,11월,예식장,최소보증인원,필수,100,150,200,250,250
전라도,11월,예식장,최소보증인원,필수,150,200,200,250,250
경상도,11월,예식장,최소보증인원,필수,120,150,180,200,200
제주도,11월,예식장,최소보증인원,필수,100,200,200,300,460
전국,10월,예식장,최소보증인원,필수,120,150,200,250,250
수도권,10월,예식장,최소보증인원,필수,150,150,200,250,258
비수도권,10월,예식장,최소보증인원,필수,110,150,200,200,250
서울(강남),10월,예식장,최소보증인원,필수,150,200,250,300,300
서울(강남외),10월,예식장,최소보증인원,필수,150,200,200,250,250
부산,10월,예식장,최소보증인원,필수,100,150,150,150,200
대구,10월,예식장,최소보증인원,필수,129,150,200,200,250
인천,10월,예식장,최소보증인원,필수,150,150,200,250,250
광주,10월,예식장,최소보증인원,필수,120,150,200,200,250
대전,10월,예식장,최소보증인원,필수,150,150,200,250,300
울산,10월,예식장,최소보증인원,필수,180,200,200,200,250
경기도,10월,예식장,최소보증인원,필수,100,150,200,200,250
강원도,10월,예식장,최소보증인원,필수,100,200,200,200,300
충청도,10월,예식장,최소보증인원,필수,100,150,200,250,250
전라도,10월,예식장,최소보증인원,필수,150,200,200,250,250
경상도,10월,예식장,최소보증인원,필수,120,150,180,200,200
제주도,10월,예식장,최소보증인원,필수,100,200,200,300,500
전국,9월,예식장,최소보증인원,필수,120,150,200,250,250
수도권,9월,예식장,최소보증인원,필수,150,180,200,250,250
비수도권,9월,예식장,최소보증인원,필수,120,150,200,200,250
서울(강남),9월,예식장,최소보증인원,필수,150,200,250,300,300
서울(강남외),9월,예식장,최소보증인원,필수,150,200,200,250,250
부산,9월,예식장,최소보증인원,필수,100,150,150,150,200
대구,9월,예식장,최소보증인원,필수,150,150,200,210,250
인천,9월,예식장,최소보증인원,필수,150,150,200,225,250
광주,9월,예식장,최소보증인원,필수,120,150,200,200,250
대전,9월,예식장,최소보증인원,필수,110,150,200,250,300
울산,9월,예식장,최소보증인원,필수,180,185,200,200,230
경기도,9월,예식장,최소보증인원,필수,100,150,200,200,250
강원도,9월,예식장,최소보증인원,필수,100,150,200,200,300
충청도,9월,예식장,최소보증인원,필수,150,150,200,250,250
전라도,9월,예식장,최소보증인원,필수,150,200,200,250,250
경상도,9월,예식장,최소보증인원,필수,120,150,180,200,200
제주도,9월,예식장,최소보증인원,필수,100,150,200,300,500
전국,8월,예식장,최소보증인원,필수,120,150,200,250,250
수도권,8월,예식장,최소보증인원,필수,121,180,200,250,298
비수도권,8월,예식장,최소보증인원,필수,100,150,200,200,250
서울(강남),8월,예식장,최소보증인원,필수,100,200,250,300,300
서울(강남외),8월,예식장,최소보증인원,필수,150,200,200,250,250
부산,8월,예식장,최소보증인원,필수,50,100,150,150,200
대구,8월,예식장,최소보증인원,필수,150,150,200,220,250
인천,8월,예식장,최소보증인원,필수,150,150,200,200,250
광주,8월,예식장,최소보증인원,필수,120,150,200,200,250
대전,8월,예식장,최소보증인원,필수,120,150,200,250,300
울산,8월,예식장,최소보증인원,필수,180,180,200,200,229
경기도,8월,예식장,최소보증인원,필수,100,150,200,200,250
강원도,8월,예식장,최소보증인원,필수,100,200,200,250,300
충청도,8월,예식장,최소보증인원,필수,150,150,200,250,250
전라도,8월,예식장,최소보증인원,필수,150,200,200,250,250
경상도,8월,예식장,최소보증인원,필수,120,150,150,200,200
제주도,8월,예식장,최소보증인원,필수,100,100,225,300,450
전국,7월,예식장,최소보증인원,필수,120,150,200,250,300
수도권,7월,예식장,최소보증인원,필수,150,200,200,250,300
비수도권,7월,예식장,최소보증인원,필수,100,150,200,200,250
서울(강남),7월,예식장,최소보증인원,필수,150,200,250,300,300
서울(강남외),7월,예식장,최소보증인원,필수,150,200,200,250,250
부산,7월,예식장,최소보증인원,필수,100,150,150,150,150
대구,7월,예식장,최소보증인원,필수,150,150,200,200,250
인천,7월,예식장,최소보증인원,필수,150,200,200,250,250
광주,7월,예식장,최소보증인원,필수,150,180,200,215,250
대전,7월,예식장,최소보증인원,필수,150,150,200,250,300
울산,7월,예식장,최소보증인원,필수,180,200,200,200,250
경기도,7월,예식장,최소보증인원,필수,116,150,200,250,250
강원도,7월,예식장,최소보증인원,필수,100,200,200,250,300
충청도,7월,예식장,최소보증인원,필수,100,150,200,250,250
전라도,7월,예식장,최소보증인원,필수,150,200,200,250,250
경상도,7월,예식장,최소보증인원,필수,100,150,150,200,250
제주도,7월,예식장,최소보증인원,필수,100,150,250,400,500
전국,6월,예식장,최소보증인원,필수,150,150,200,250,250
수도권,6월,예식장,최소보증인원,필수,150,180,200,250,300
비수도권,6월,예식장,최소보증인원,필수,120,150,200,220,250
서울(강남),6월,예식장,최소보증인원,필수,150,200,250,300,300
서울(강남외),6월,예식장,최소보증인원,필수,150,170,200,250,250
부산,6월,예식장,최소보증인원,필수,100,150,150,150,150
대구,6월,예식장,최소보증인원,필수,150,150,200,218,250
인천,6월,예식장,최소보증인원,필수,150,200,200,250,250
광주,6월,예식장,최소보증인원,필수,120,150,200,200,250
대전,6월,예식장,최소보증인원,필수,150,150,200,250,300
울산,6월,예식장,최소보증인원,필수,180,185,200,200,250
경기도,6월,예식장,최소보증인원,필수,120,150,200,250,250
강원도,6월,예식장,최소보증인원,필수,150,200,200,200,300
충청도,6월,예식장,최소보증인원,필수,100,150,200,250,250
전라도,6월,예식장,최소보증인원,필수,150,200,200,250,250
경상도,6월,예식장,최소보증인원,필수,100,150,150,200,250
제주도,6월,예식장,최소보증인원,필수,150,200,250,313,500
전국,5월,예식장,최소보증인원,필수,130,150,200,250,250
수도권,5월,예식장,최소보증인원,필수,150,150,200,250,300
비수도권,5월,예식장,최소보증인원,필수,120,150,200,225,250
서울(강남),5월,예식장,최소보증인원,필수,150,200,250,300,300
서울(강남외),5월,예식장,최소보증인원,필수,150,150,200,250,250
부산,5월,예식장,최소보증인원,필수,100,100,150,150,150
대구,5월,예식장,최소보증인원,필수,150,150,200,220,250
인천,5월,예식장,최소보증인원,필수,150,180,200,250,250
광주,5월,예식장,최소보증인원,필수,120,150,200,200,250
대전,5월,예식장,최소보증인원,필수,150,150,200,250,300
울산,5월,예식장,최소보증인원,필수,180,180,200,200,250
경기도,5월,예식장,최소보증인원,필수,120,150,200,250,250
강원도,5월,예식장,최소보증인원,필수,145,200,200,250,300
충청도,5월,예식장,최소보증인원,필수,100,150,200,250,250
전라도,5월,예식장,최소보증인원,필수,150,200,200,250,250
경상도,5월,예식장,최소보증인원,필수,110,150,150,200,250
제주도,5월,예식장,최소보증인원,필수,150,200,250,300,500
전국,4월,예식장,1인당 식대(대인),필수,4.5,5,5.9,7.5,9.2
수도권,4월,예식장,1인당 식대(대인),필수,5.4,6.3,7.5,8.7,10.5
비수도권,4월,예식장,1인당 식대(대인),필수,4.2,4.5,5.2,5.8,6.5
서울(강남),4월,예식장,1인당 식대(대인),필수,6.8,7.8,8.8,9.8,12.4
서울(강남외),4월,예식장,1인당 식대(대인),필수,5.6,6.7,7.5,8.8,13
부산,4월,예식장,1인당 식대(대인),필수,4.2,4.5,4.9,5.3,5.6
대구,4월,예식장,1인당 식대(대인),필수,4.5,4.9,5.5,5.8,6.5
인천,4월,예식장,1인당 식대(대인),필수,4.8,5,5.5,5.8,6
광주,4월,예식장,1인당 식대(대인),필수,4.8,5.5,6,6.6,6.7
대전,4월,예식장,1인당 식대(대인),필수,4.6,4.8,5.5,6,6.3
울산,4월,예식장,1인당 식대(대인),필수,5.2,5.4,5.6,5.8,6.2
경기도,4월,예식장,1인당 식대(대인),필수,5.3,5.5,6.5,6.9,7.8
강원도,4월,예식장,1인당 식대(대인),필수,4,4.5,5.2,5.4,5.7
충청도,4월,예식장,1인당 식대(대인),필수,3.9,5,5.7,6,6.5
전라도,4월,예식장,1인당 식대(대인),필수,4.3,4.5,5,5.5,6.5
경상도,4월,예식장,1인당 식대(대인),필수,3.8,4.3,4.5,4.7,6.5
제주도,4월,예식장,1인당 식대(대인),필수,3.8,4.2,4.7,5.5,5.9
전국,3월,예식장,1인당 식대(대인),필수,4.5,5,5.9,7.5,9.2
수도권,3월,예식장,1인당 식대(대인),필수,5.4,6.3,7.5,8.8,10.8
비수도권,3월,예식장,1인당 식대(대인),필수,4.2,4.5,5.1,5.8,6.5
서울(강남),3월,예식장,1인당 식대(대인),필수,6.8,7.7,8.8,9.5,12.4
서울(강남외),3월,예식장,1인당 식대(대인),필수,5.6,6.7,7.6,8.9,13
부산,3월,예식장,1인당 식대(대인),필수,4.2,4.5,4.8,5.3,5.4
대구,3월,예식장,1인당 식대(대인),필수,4.5,4.9,5.5,5.8,6.5
인천,3월,예식장,1인당 식대(대인),필수,4.8,5,5.4,5.8,6
광주,3월,예식장,1인당 식대(대인),필수,4.8,5.2,6,6.5,6.7
대전,3월,예식장,1인당 식대(대인),필수,4.7,4.9,5.6,6,6.3
울산,3월,예식장,1인당 식대(대인),필수,5.1,5.1,5.6,5.8,5.8
경기도,3월,예식장,1인당 식대(대인),필수,5.3,5.5,6.5,6.9,7.8
강원도,3월,예식장,1인당 식대(대인),필수,4,4.5,5.4,5.7,6.9
충청도,3월,예식장,1인당 식대(대인),필수,3.9,5,5.9,6,6.5
전라도,3월,예식장,1인당 식대(대인),필수,4.3,4.5,5,5.5,6.5
경상도,3월,예식장,1인당 식대(대인),필수,3.7,4.3,4.5,4.7,6.5
제주도,3월,예식장,1인당 식대(대인),필수,3.8,4.2,4.7,5.5,6.3
전국,2월,예식장,1인당 식대(대인),필수,4.5,5,5.9,7.5,9.2
수도권,2월,예식장,1인당 식대(대인),필수,5.4,6.2,7.5,8.8,11
비수도권,2월,예식장,1인당 식대(대인),필수,4.2,4.5,5.1,5.7,6.5
서울(강남),2월,예식장,1인당 식대(대인),필수,7,8,8.8,10,14
서울(강남외),2월,예식장,1인당 식대(대인),필수,5.6,6.5,7.5,8.8,11
부산,2월,예식장,1인당 식대(대인),필수,4.3,4.5,4.9,5.2,5.5
대구,2월,예식장,1인당 식대(대인),필수,4.5,4.9,5.5,5.8,6.5
인천,2월,예식장,1인당 식대(대인),필수,4.7,5,5.4,5.8,6
광주,2월,예식장,1인당 식대(대인),필수,4.8,5.2,6.4,6.6,6.7
대전,2월,예식장,1인당 식대(대인),필수,4.7,4.7,5.3,6,6
울산,2월,예식장,1인당 식대(대인),필수,5.1,5.1,5.5,5.6,5.8
경기도,2월,예식장,1인당 식대(대인),필수,5.3,5.5,6.3,6.9,7.8
강원도,2월,예식장,1인당 식대(대인),필수,4,4.5,5.4,5.6,6
충청도,2월,예식장,1인당 식대(대인),필수,4,5.4,5.8,6,6.5
전라도,2월,예식장,1인당 식대(대인),필수,4.2,4.5,5,5.5,6.5
경상도,2월,예식장,1인당 식대(대인),필수,3.8,4,4.5,4.7,6.2
제주도,2월,예식장,1인당 식대(대인),필수,3.5,4.2,4.7,5.5,6.3
전국,1월,예식장,1인당 식대(대인),필수,4.4,5,5.9,7.5,9.2
수도권,1월,예식장,1인당 식대(대인),필수,5.3,6.1,7.4,8.8,10
비수도권,1월,예식장,1인당 식대(대인),필수,4,4.5,5.1,5.8,6.5
서울(강남),1월,예식장,1인당 식대(대인),필수,6.5,8,8.8,9.7,13.8
서울(강남외),1월,예식장,1인당 식대(대인),필수,5.6,6.7,7.5,8.8,10.8
부산,1월,예식장,1인당 식대(대인),필수,4.2,4.5,4.9,5.4,5.6
대구,1월,예식장,1인당 식대(대인),필수,4.5,5.1,5.5,5.8,6.5
인천,1월,예식장,1인당 식대(대인),필수,4.7,5,5.7,6,6
광주,1월,예식장,1인당 식대(대인),필수,4,4.8,5.5,6.5,6.7
대전,1월,예식장,1인당 식대(대인),필수,4.7,4.7,5.1,5.8,6.7
울산,1월,예식장,1인당 식대(대인),필수,5.1,5.1,5.6,5.6,5.6
경기도,1월,예식장,1인당 식대(대인),필수,5,5.5,6.3,6.9,7.6
강원도,1월,예식장,1인당 식대(대인),필수,4,4.5,5.4,5.7,6
충청도,1월,예식장,1인당 식대(대인),필수,4.4,5.4,5.8,6,6.5
전라도,1월,예식장,1인당 식대(대인),필수,4.2,4.5,4.9,5.5,6.5
경상도,1월,예식장,1인당 식대(대인),필수,3.7,3.9,4.4,4.6,4.9
제주도,1월,예식장,1인당 식대(대인),필수,3.5,4.2,4.7,5.5,5.5
전국,12월,예식장,1인당 식대(대인),필수,4.4,4.8,5.8,7.5,9
수도권,12월,예식장,1인당 식대(대인),필수,5.2,5.9,7,8.8,10
비수도권,12월,예식장,1인당 식대(대인),필수,4,4.4,5,5.7,6.5
서울(강남),12월,예식장,1인당 식대(대인),필수,6.9,7.8,9,9.6,14.2
서울(강남외),12월,예식장,1인당 식대(대인),필수,5.5,6.5,7.2,8.5,11
부산,12월,예식장,1인당 식대(대인),필수,4.3,4.4,4.7,5.2,5.6
대구,12월,예식장,1인당 식대(대인),필수,4.5,4.8,5.5,5.8,6.5
인천,12월,예식장,1인당 식대(대인),필수,4.8,5,5.6,6,8
광주,12월,예식장,1인당 식대(대인),필수,4,4.8,6.2,6.5,6.7
대전,12월,예식장,1인당 식대(대인),필수,4.4,4.7,5,5.5,6.6
울산,12월,예식장,1인당 식대(대인),필수,5.1,5.1,5.8,6.2,6.2
경기도,12월,예식장,1인당 식대(대인),필수,5,5.5,6,6.9,7.6
강원도,12월,예식장,1인당 식대(대인),필수,4,4.5,5.4,5.5,5.7
충청도,12월,예식장,1인당 식대(대인),필수,5,5.2,5.7,6,6.5
전라도,12월,예식장,1인당 식대(대인),필수,4.2,4.5,5.2,5.5,7.7
경상도,12월,예식장,1인당 식대(대인),필수,3.8,3.9,4.4,4.7,4.9
제주도,12월,예식장,1인당 식대(대인),필수,3,3.5,4.3,4.7,6
전국,11월,예식장,1인당 식대(대인),필수,4.4,5,5.8,7.5,9
수도권,11월,예식장,1인당 식대(대인),필수,5.2,6,7,8.8,9.9
비수도권,11월,예식장,1인당 식대(대인),필수,4,4.5,5,5.7,6.5
서울(강남),11월,예식장,1인당 식대(대인),필수,6.9,7.9,8.8,9.5,12.4
서울(강남외),11월,예식장,1인당 식대(대인),필수,5.5,6.5,7,8.5,10
부산,11월,예식장,1인당 식대(대인),필수,4.3,4.4,4.7,5.2,5.6
대구,11월,예식장,1인당 식대(대인),필수,4.5,4.8,5.5,5.8,6.5
인천,11월,예식장,1인당 식대(대인),필수,4.8,5.2,5.7,6.8,7
광주,11월,예식장,1인당 식대(대인),필수,4,4.8,6.4,6.5,6.7
대전,11월,예식장,1인당 식대(대인),필수,4.4,4.7,5.1,5.6,6
울산,11월,예식장,1인당 식대(대인),필수,5.1,5.1,5.4,6.2,6.2
경기도,11월,예식장,1인당 식대(대인),필수,5,5.5,6,6.8,7.5
강원도,11월,예식장,1인당 식대(대인),필수,4,4.5,5.5,5.5,5.7
충청도,11월,예식장,1인당 식대(대인),필수,5,5.2,5.7,6.1,6.5
전라도,11월,예식장,1인당 식대(대인),필수,4.2,4.5,5.2,5.3,7.7
경상도,11월,예식장,1인당 식대(대인),필수,3.8,4,4.4,4.6,4.7
제주도,11월,예식장,1인당 식대(대인),필수,3,3.5,4.2,4.7,6
전국,10월,예식장,1인당 식대(대인),필수,4.4,4.9,5.8,7,8.8
수도권,10월,예식장,1인당 식대(대인),필수,5.2,5.9,7,8.5,9.5
비수도권,10월,예식장,1인당 식대(대인),필수,4,4.5,5,5.6,6.5
서울(강남),10월,예식장,1인당 식대(대인),필수,6.9,7.7,8.8,9.5,12
서울(강남외),10월,예식장,1인당 식대(대인),필수,5.4,6.5,7,8.2,11
부산,10월,예식장,1인당 식대(대인),필수,4.3,4.4,4.7,5.2,5.6
대구,10월,예식장,1인당 식대(대인),필수,4.5,4.8,5.5,5.7,6.5
인천,10월,예식장,1인당 식대(대인),필수,4.8,5.2,5.7,6.8,7
광주,10월,예식장,1인당 식대(대인),필수,4,4.8,6.4,6.5,6.7
대전,10월,예식장,1인당 식대(대인),필수,4.4,4.7,5.1,5.6,6
울산,10월,예식장,1인당 식대(대인),필수,5.1,5.1,5.6,6.2,6.2
경기도,10월,예식장,1인당 식대(대인),필수,5,5.4,6.2,6.8,7.5
강원도,10월,예식장,1인당 식대(대인),필수,3.9,4.5,5.5,5.5,6
충청도,10월,예식장,1인당 식대(대인),필수,5,5.2,5.7,6.1,6.5
전라도,10월,예식장,1인당 식대(대인),필수,4.2,4.5,4.9,5.3,7.7
경상도,10월,예식장,1인당 식대(대인),필수,3.9,4,4.4,4.6,4.7
제주도,10월,예식장,1인당 식대(대인),필수,3.5,3.8,4.2,4.7,5.3
전국,9월,예식장,1인당 식대(대인),필수,4.4,4.9,5.9,7.5,9
수도권,9월,예식장,1인당 식대(대인),필수,5.4,6,7,8.8,10
비수도권,9월,예식장,1인당 식대(대인),필수,4,4.5,5,5.6,6.5
서울(강남),9월,예식장,1인당 식대(대인),필수,6.6,7.7,8.8,9.5,12.4
서울(강남외),9월,예식장,1인당 식대(대인),필수,5.5,6.5,7,8.5,11
부산,9월,예식장,1인당 식대(대인),필수,4.3,4.4,4.7,5.1,5.6
대구,9월,예식장,1인당 식대(대인),필수,4.5,4.8,5.5,5.8,6.5
인천,9월,예식장,1인당 식대(대인),필수,4.8,5.2,6,6.8,8
광주,9월,예식장,1인당 식대(대인),필수,4,4.8,6.2,6.5,6.7
대전,9월,예식장,1인당 식대(대인),필수,4.4,4.7,5.1,5.5,5.8
울산,9월,예식장,1인당 식대(대인),필수,5.1,5.1,5.4,5.6,5.8
경기도,9월,예식장,1인당 식대(대인),필수,4.8,5.5,6.2,6.8,7.4
강원도,9월,예식장,1인당 식대(대인),필수,4,4.5,5.4,5.5,5.9
충청도,9월,예식장,1인당 식대(대인),필수,4,5.2,6,6.5,6.5
전라도,9월,예식장,1인당 식대(대인),필수,4.2,4.4,4.9,5.3,7.7
경상도,9월,예식장,1인당 식대(대인),필수,3.8,4,4.4,4.6,4.7
제주도,9월,예식장,1인당 식대(대인),필수,3,3.5,4.2,4.7,5.5
전국,8월,예식장,1인당 식대(대인),필수,4.4,5,6,7.5,9
수도권,8월,예식장,1인당 식대(대인),필수,5.4,6,7,8.7,10
비수도권,8월,예식장,1인당 식대(대인),필수,4,4.4,5,5.7,6.5
서울(강남),8월,예식장,1인당 식대(대인),필수,6.6,7.5,8.8,10,13
서울(강남외),8월,예식장,1인당 식대(대인),필수,5.5,6.3,7,8.2,11
부산,8월,예식장,1인당 식대(대인),필수,4.3,4.4,4.7,5.4,6.3
대구,8월,예식장,1인당 식대(대인),필수,4.5,4.5,5.5,5.7,6.5
인천,8월,예식장,1인당 식대(대인),필수,4.8,5.4,6,6.8,7.5
광주,8월,예식장,1인당 식대(대인),필수,4,4.8,6.2,6.5,6.7
대전,8월,예식장,1인당 식대(대인),필수,4.4,4.6,5,5.5,5.8
울산,8월,예식장,1인당 식대(대인),필수,5.1,5.2,5.4,5.4,5.8
경기도,8월,예식장,1인당 식대(대인),필수,4.8,5.5,6.2,6.9,7.4
강원도,8월,예식장,1인당 식대(대인),필수,4,4.5,5.4,5.7,6.8
충청도,8월,예식장,1인당 식대(대인),필수,3.9,5.2,5.9,6.2,6.5
전라도,8월,예식장,1인당 식대(대인),필수,4.2,4.4,4.9,5.2,5.5
경상도,8월,예식장,1인당 식대(대인),필수,3.8,4,4.3,4.5,4.7
제주도,8월,예식장,1인당 식대(대인),필수,3,3.5,4.2,4.6,5.8
전국,7월,예식장,1인당 식대(대인),필수,4.3,4.8,5.9,7.2,8.8
수도권,7월,예식장,1인당 식대(대인),필수,5,5.9,6.9,8.2,9.9
비수도권,7월,예식장,1인당 식대(대인),필수,4,4.4,4.9,5.5,6.5
서울(강남),7월,예식장,1인당 식대(대인),필수,6.5,7.5,8.8,9.6,11
서울(강남외),7월,예식장,1인당 식대(대인),필수,5.5,6.3,7.2,8.5,11
부산,7월,예식장,1인당 식대(대인),필수,3.9,4.3,4.7,5,5.4
대구,7월,예식장,1인당 식대(대인),필수,4.5,4.5,5.5,5.8,8
인천,7월,예식장,1인당 식대(대인),필수,4.8,5.1,5.6,6.8,7.4
광주,7월,예식장,1인당 식대(대인),필수,4,5,6,6.6,6.7
대전,7월,예식장,1인당 식대(대인),필수,4,4.4,4.9,5.6,6.3
울산,7월,예식장,1인당 식대(대인),필수,5.1,5.1,5.4,6.2,6.2
경기도,7월,예식장,1인당 식대(대인),필수,4.9,5.5,6.2,6.8,7.3
강원도,7월,예식장,1인당 식대(대인),필수,4.3,4.6,5.5,5.5,8.8
충청도,7월,예식장,1인당 식대(대인),필수,4.8,5,5.9,6.5,6.9
전라도,7월,예식장,1인당 식대(대인),필수,4.2,4.5,4.9,5.2,6
경상도,7월,예식장,1인당 식대(대인),필수,3.8,4,4.3,4.5,4.7
제주도,7월,예식장,1인당 식대(대인),필수,3,3.5,4.2,4.5,5.4
전국,6월,예식장,1인당 식대(대인),필수,4.3,4.8,5.8,7,8.6
수도권,6월,예식장,1인당 식대(대인),필수,5,5.8,6.9,8,9.9
비수도권,6월,예식장,1인당 식대(대인),필수,4,4.5,5,5.5,6.5
서울(강남),6월,예식장,1인당 식대(대인),필수,6.5,7,8.3,9.2,12
서울(강남외),6월,예식장,1인당 식대(대인),필수,5,6,7.2,8.5,14
부산,6월,예식장,1인당 식대(대인),필수,3.9,4.3,4.7,5.1,5.4
대구,6월,예식장,1인당 식대(대인),필수,4.5,4.5,5.5,5.8,8
인천,6월,예식장,1인당 식대(대인),필수,4.8,5.2,5.7,6.8,7
광주,6월,예식장,1인당 식대(대인),필수,4,4.8,6,6.6,6.7
대전,6월,예식장,1인당 식대(대인),필수,4,4.4,4.9,5.3,6.2
울산,6월,예식장,1인당 식대(대인),필수,5.1,5.1,5.4,6.2,6.2
경기도,6월,예식장,1인당 식대(대인),필수,5,5.4,6.2,6.8,7.2
강원도,6월,예식장,1인당 식대(대인),필수,4.4,4.9,5.5,5.5,7.2
충청도,6월,예식장,1인당 식대(대인),필수,4.6,5,5.9,6.5,6.8
전라도,6월,예식장,1인당 식대(대인),필수,4.2,4.5,4.9,5.2,6
경상도,6월,예식장,1인당 식대(대인),필수,3.8,3.8,4.2,4.6,4.7
제주도,6월,예식장,1인당 식대(대인),필수,3,4.2,4.7,5.5,6
전국,5월,예식장,1인당 식대(대인),필수,4.4,4.8,5.8,7,8.8
수도권,5월,예식장,1인당 식대(대인),필수,5,5.8,6.9,8,9.9
비수도권,5월,예식장,1인당 식대(대인),필수,4,4.5,5,5.6,6.5
서울(강남),5월,예식장,1인당 식대(대인),필수,6.5,7,8.3,9.6,13
서울(강남외),5월,예식장,1인당 식대(대인),필수,4.9,6,7.2,8.4,13.8
부산,5월,예식장,1인당 식대(대인),필수,3.9,4.3,4.7,5.1,5.4
대구,5월,예식장,1인당 식대(대인),필수,4.5,4.5,5.5,5.8,8
인천,5월,예식장,1인당 식대(대인),필수,4.8,5.1,5.6,6.8,7
광주,5월,예식장,1인당 식대(대인),필수,4,4.8,6,6.6,6.7
대전,5월,예식장,1인당 식대(대인),필수,4,4.4,4.8,5.3,6.2
울산,5월,예식장,1인당 식대(대인),필수,5.1,5.1,5.4,6.2,6.2
경기도,5월,예식장,1인당 식대(대인),필수,5,5.5,6.2,6.8,7.2
강원도,5월,예식장,1인당 식대(대인),필수,4.3,4.9,5.5,5.5,7
충청도,5월,예식장,1인당 식대(대인),필수,5,5.2,6,6.5,6.8
전라도,5월,예식장,1인당 식대(대인),필수,4.2,4.5,4.9,5.2,6
경상도,5월,예식장,1인당 식대(대인),필수,3.8,4,4.3,4.6,4.7
제주도,5월,예식장,1인당 식대(대인),필수,3,4.1,4.5,5.5,6
전국,4월,예식장,기본식대(총금액),필수,660,846,"1,140","1,580","2,150"
수도권,4월,예식장,기본식대(총금액),필수,790,"1,100","1,500","1,923","2,640"
비수도권,4월,예식장,기본식대(총금액),필수,585,750,940,"1,180","1,500"
서울(강남),4월,예식장,기본식대(총금액),필수,790,"1,275","1,760","2,565","3,240"
서울(강남외),4월,예식장,기본식대(총금액),필수,975,"1,300","1,575","2,000","2,664"
부산,4월,예식장,기본식대(총금액),필수,540,660,780,840,980
대구,4월,예식장,기본식대(총금액),필수,675,855,995,"1,160","1,600"
인천,4월,예식장,기본식대(총금액),필수,675,870,"1,000","1,131","1,242"
광주,4월,예식장,기본식대(총금액),필수,825,960,"1,140","1,340","1,625"
대전,4월,예식장,기본식대(총금액),필수,554,735,945,"1,200","1,500"
울산,4월,예식장,기본식대(총금액),필수,936,"1,020","1,120","1,160","1,240"
경기도,4월,예식장,기본식대(총금액),필수,600,975,"1,140","1,625","1,900"
강원도,4월,예식장,기본식대(총금액),필수,675,800,"1,040","1,620","1,710"
충청도,4월,예식장,기본식대(총금액),필수,500,810,"1,080","1,200","1,380"
전라도,4월,예식장,기본식대(총금액),필수,645,840,"1,000","1,250","1,325"
경상도,4월,예식장,기본식대(총금액),필수,540,660,782,920,"1,400"
제주도,4월,예식장,기본식대(총금액),필수,840,940,"1,160","1,650","2,100"
전국,3월,예식장,기본식대(총금액),필수,660,846,"1,140","1,580","2,160"
수도권,3월,예식장,기본식대(총금액),필수,818,"1,080","1,500","1,975","2,640"
비수도권,3월,예식장,기본식대(총금액),필수,585,750,940,"1,180","1,470"
서울(강남),3월,예식장,기본식대(총금액),필수,790,"1,300","1,900","2,565","3,250"
서울(강남외),3월,예식장,기본식대(총금액),필수,955,"1,320","1,575","2,000","2,700"
부산,3월,예식장,기본식대(총금액),필수,520,645,750,810,980
대구,3월,예식장,기본식대(총금액),필수,620,825,995,"1,160","1,450"
인천,3월,예식장,기본식대(총금액),필수,690,870,"1,020","1,122","1,221"
광주,3월,예식장,기본식대(총금액),필수,825,960,"1,100","1,340","1,625"
대전,3월,예식장,기본식대(총금액),필수,585,735,945,"1,200","1,530"
울산,3월,예식장,기본식대(총금액),필수,918,"1,020","1,120","1,160","1,160"
경기도,3월,예식장,기본식대(총금액),필수,600,975,"1,140","1,625","1,900"
강원도,3월,예식장,기본식대(총금액),필수,675,800,"1,040","1,620","1,710"
충청도,3월,예식장,기본식대(총금액),필수,500,810,"1,080","1,200","1,380"
전라도,3월,예식장,기본식대(총금액),필수,645,870,"1,000","1,250","1,325"
경상도,3월,예식장,기본식대(총금액),필수,555,660,810,920,"1,400"
제주도,3월,예식장,기본식대(총금액),필수,834,940,"1,160","1,470","2,100"
전국,2월,예식장,기본식대(총금액),필수,660,840,"1,140","1,550","2,154"
수도권,2월,예식장,기본식대(총금액),필수,825,"1,080","1,500","1,975","2,640"
비수도권,2월,예식장,기본식대(총금액),필수,585,750,940,"1,200","1,500"
서울(강남),2월,예식장,기본식대(총금액),필수,800,"1,275","1,900","2,640","3,285"
서울(강남외),2월,예식장,기본식대(총금액),필수,975,"1,300","1,540","1,900","2,625"
부산,2월,예식장,기본식대(총금액),필수,555,660,780,855,"1,200"
대구,2월,예식장,기본식대(총금액),필수,675,825,"1,080","1,300","1,550"
인천,2월,예식장,기본식대(총금액),필수,678,870,"1,000","1,140","1,242"
광주,2월,예식장,기본식대(총금액),필수,825,"1,000","1,240","1,340","1,625"
대전,2월,예식장,기본식대(총금액),필수,550,750,940,"1,200","1,500"
울산,2월,예식장,기본식대(총금액),필수,980,"1,020","1,100","1,120","1,160"
경기도,2월,예식장,기본식대(총금액),필수,600,975,"1,125","1,500","1,975"
강원도,2월,예식장,기본식대(총금액),필수,707,800,"1,100","1,620","1,710"
충청도,2월,예식장,기본식대(총금액),필수,500,800,"1,100","1,300","1,500"
전라도,2월,예식장,기본식대(총금액),필수,645,840,975,"1,250","1,325"
경상도,2월,예식장,기본식대(총금액),필수,555,660,782,920,"1,313"
제주도,2월,예식장,기본식대(총금액),필수,350,830,"1,020","1,560","2,100"
전국,1월,예식장,기본식대(총금액),필수,615,825,"1,125","1,540","2,050"
수도권,1월,예식장,기본식대(총금액),필수,770,"1,060","1,450","1,875","2,614"
비수도권,1월,예식장,기본식대(총금액),필수,555,720,900,"1,200","1,495"
서울(강남),1월,예식장,기본식대(총금액),필수,930,"1,300","1,900","2,627","3,600"
서울(강남외),1월,예식장,기본식대(총금액),필수,940,"1,276","1,540","1,780","2,380"
부산,1월,예식장,기본식대(총금액),필수,570,660,780,940,"1,413"
대구,1월,예식장,기본식대(총금액),필수,675,825,995,"1,300","1,475"
인천,1월,예식장,기본식대(총금액),필수,678,870,980,"1,160","1,368"
광주,1월,예식장,기본식대(총금액),필수,600,825,"1,100","1,340","1,625"
대전,1월,예식장,기본식대(총금액),필수,580,735,940,"1,250","1,533"
울산,1월,예식장,기본식대(총금액),필수,968,"1,020","1,120","1,120","1,120"
경기도,1월,예식장,기본식대(총금액),필수,456,855,"1,100","1,440","1,904"
강원도,1월,예식장,기본식대(총금액),필수,500,720,"1,035","1,320","1,710"
충청도,1월,예식장,기본식대(총금액),필수,500,720,"1,100","1,300","1,500"
전라도,1월,예식장,기본식대(총금액),필수,645,840,940,"1,140","1,325"
경상도,1월,예식장,기본식대(총금액),필수,470,593,705,900,"1,000"
제주도,1월,예식장,기본식대(총금액),필수,350,825,940,"1,470","2,100"
전국,12월,예식장,기본식대(총금액),필수,600,800,"1,140","1,620","2,200"
수도권,12월,예식장,기본식대(총금액),필수,750,"1,060","1,400","1,900","2,700"
비수도권,12월,예식장,기본식대(총금액),필수,500,675,900,"1,200","1,500"
서울(강남),12월,예식장,기본식대(총금액),필수,"1,035","1,580","2,004","2,700","3,240"
서울(강남외),12월,예식장,기본식대(총금액),필수,825,"1,180","1,460","1,800","2,200"
부산,12월,예식장,기본식대(총금액),필수,430,630,705,810,"1,120"
대구,12월,예식장,기본식대(총금액),필수,675,728,945,"1,252","1,570"
인천,12월,예식장,기본식대(총금액),필수,720,900,"1,080","1,375","1,740"
광주,12월,예식장,기본식대(총금액),필수,576,713,"1,080","1,300","1,625"
대전,12월,예식장,기본식대(총금액),필수,660,750,900,"1,200","1,275"
울산,12월,예식장,기본식대(총금액),필수,"1,020","1,020","1,160","1,240","1,550"
경기도,12월,예식장,기본식대(총금액),필수,600,855,"1,100","1,440","1,800"
강원도,12월,예식장,기본식대(총금액),필수,675,740,"1,100","1,474","1,710"
충청도,12월,예식장,기본식대(총금액),필수,500,720,"1,180","1,500","1,620"
전라도,12월,예식장,기본식대(총금액),필수,596,860,980,"1,300","1,925"
경상도,12월,예식장,기본식대(총금액),필수,455,570,780,900,"1,120"
제주도,12월,예식장,기본식대(총금액),필수,350,600,940,"1,470","1,800"
전국,11월,예식장,기본식대(총금액),필수,625,840,"1,151","1,625","2,200"
수도권,11월,예식장,기본식대(총금액),필수,750,"1,060","1,400","1,900","2,640"
비수도권,11월,예식장,기본식대(총금액),필수,570,705,940,"1,250","1,550"
서울(강남),11월,예식장,기본식대(총금액),필수,"1,035","1,580","2,075","2,700","3,213"
서울(강남외),11월,예식장,기본식대(총금액),필수,825,"1,238","1,500","1,780","2,200"
부산,11월,예식장,기본식대(총금액),필수,430,625,705,810,940
대구,11월,예식장,기본식대(총금액),필수,675,825,960,"1,250","1,450"
인천,11월,예식장,기본식대(총금액),필수,735,900,"1,122","1,400","1,700"
광주,11월,예식장,기본식대(총금액),필수,576,800,"1,280","1,340","1,625"
대전,11월,예식장,기본식대(총금액),필수,680,870,940,"1,400","1,560"
울산,11월,예식장,기본식대(총금액),필수,936,"1,010","1,120","1,240","1,519"
경기도,11월,예식장,기본식대(총금액),필수,600,855,"1,080","1,380","1,725"
강원도,11월,예식장,기본식대(총금액),필수,675,740,"1,100","1,425","1,710"
충청도,11월,예식장,기본식대(총금액),필수,500,840,"1,180","1,500","1,620"
전라도,11월,예식장,기본식대(총금액),필수,645,860,980,"1,300","1,925"
경상도,11월,예식장,기본식대(총금액),필수,493,600,780,900,940
제주도,11월,예식장,기본식대(총금액),필수,350,600,940,"1,485","1,900"
전국,10월,예식장,기본식대(총금액),필수,600,840,"1,144","1,620","2,160"
수도권,10월,예식장,기본식대(총금액),필수,750,"1,060","1,400","1,900","2,600"
비수도권,10월,예식장,기본식대(총금액),필수,540,705,940,"1,250","1,525"
서울(강남),10월,예식장,기본식대(총금액),필수,"1,200","1,600","2,150","2,700","3,000"
서울(강남외),10월,예식장,기본식대(총금액),필수,825,"1,238","1,500","1,780","2,200"
부산,10월,예식장,기본식대(총금액),필수,430,615,705,810,940
대구,10월,예식장,기본식대(총금액),필수,675,746,960,"1,250","1,450"
인천,10월,예식장,기본식대(총금액),필수,749,900,"1,122","1,400","1,700"
광주,10월,예식장,기본식대(총금액),필수,576,800,"1,240","1,340","1,625"
대전,10월,예식장,기본식대(총금액),필수,660,880,"1,020","1,400","1,560"
울산,10월,예식장,기본식대(총금액),필수,972,"1,020","1,120","1,240","1,550"
경기도,10월,예식장,기본식대(총금액),필수,600,855,"1,080","1,380","1,725"
강원도,10월,예식장,기본식대(총금액),필수,500,740,"1,100","1,360","1,710"
충청도,10월,예식장,기본식대(총금액),필수,500,674,"1,180","1,500","1,620"
전라도,10월,예식장,기본식대(총금액),필수,651,840,980,"1,300","1,925"
경상도,10월,예식장,기본식대(총금액),필수,516,645,790,900,940
제주도,10월,예식장,기본식대(총금액),필수,350,705,940,"1,470","2,100"
전국,9월,예식장,기본식대(총금액),필수,600,840,"1,200","1,625","2,200"
수도권,9월,예식장,기본식대(총금액),필수,780,"1,100","1,445","1,900","2,640"
비수도권,9월,예식장,기본식대(총금액),필수,570,690,900,"1,254","1,518"
서울(강남),9월,예식장,기본식대(총금액),필수,"1,188","1,540","2,088","2,700","3,100"
서울(강남외),9월,예식장,기본식대(총금액),필수,840,"1,180","1,500","1,780","2,200"
부산,9월,예식장,기본식대(총금액),필수,430,630,705,810,940
대구,9월,예식장,기본식대(총금액),필수,675,855,960,"1,254","1,650"
인천,9월,예식장,기본식대(총금액),필수,870,940,"1,140","1,600","1,740"
광주,9월,예식장,기본식대(총금액),필수,576,800,"1,203","1,340","1,625"
대전,9월,예식장,기본식대(총금액),필수,660,750,940,"1,400","1,560"
울산,9월,예식장,기본식대(총금액),필수,936,974,"1,030","1,160","1,311"
경기도,9월,예식장,기본식대(총금액),필수,600,855,"1,160","1,440","1,725"
강원도,9월,예식장,기본식대(총금액),필수,500,675,"1,080","1,400","1,710"
충청도,9월,예식장,기본식대(총금액),필수,585,975,"1,200","1,500","1,625"
전라도,9월,예식장,기본식대(총금액),필수,645,840,980,"1,300","1,925"
경상도,9월,예식장,기본식대(총금액),필수,516,630,780,900,940
제주도,9월,예식장,기본식대(총금액),필수,350,600,940,"1,350","2,100"
전국,8월,예식장,기본식대(총금액),필수,600,840,"1,200","1,629","2,200"
수도권,8월,예식장,기본식대(총금액),필수,735,"1,100","1,460","1,900","2,700"
비수도권,8월,예식장,기본식대(총금액),필수,570,675,900,"1,250","1,500"
서울(강남),8월,예식장,기본식대(총금액),필수,960,"1,580","2,150","2,700","3,213"
서울(강남외),8월,예식장,기본식대(총금액),필수,825,"1,180","1,480","1,760","2,200"
부산,8월,예식장,기본식대(총금액),필수,430,625,705,810,"1,120"
대구,8월,예식장,기본식대(총금액),필수,675,855,960,"1,254","1,375"
인천,8월,예식장,기본식대(총금액),필수,870,900,"1,140","1,450","1,740"
광주,8월,예식장,기본식대(총금액),필수,576,800,"1,206","1,340","1,625"
대전,8월,예식장,기본식대(총금액),필수,660,728,940,"1,400","1,560"
울산,8월,예식장,기본식대(총금액),필수,936,972,"1,020","1,126","1,275"
경기도,8월,예식장,기본식대(총금액),필수,660,855,"1,160","1,440","1,725"
강원도,8월,예식장,기본식대(총금액),필수,500,740,"1,100","1,620","1,710"
충청도,8월,예식장,기본식대(총금액),필수,585,975,"1,180","1,500","1,620"
전라도,8월,예식장,기본식대(총금액),필수,660,840,980,"1,275","1,325"
경상도,8월,예식장,기본식대(총금액),필수,480,585,705,900,940
제주도,8월,예식장,기본식대(총금액),필수,350,350,910,"1,470","2,000"
전국,7월,예식장,기본식대(총금액),필수,600,825,"1,200","1,625","2,200"
수도권,7월,예식장,기본식대(총금액),필수,705,"1,100","1,440","1,875","2,640"
비수도권,7월,예식장,기본식대(총금액),필수,500,675,900,"1,225","1,550"
서울(강남),7월,예식장,기본식대(총금액),필수,"1,088","1,580","2,200","2,700","3,060"
서울(강남외),7월,예식장,기본식대(총금액),필수,737,"1,200","1,520","1,825","2,340"
부산,7월,예식장,기본식대(총금액),필수,408,570,675,765,810
대구,7월,예식장,기본식대(총금액),필수,704,870,945,"1,300","1,698"
인천,7월,예식장,기본식대(총금액),필수,753,960,"1,188","1,425","1,700"
광주,7월,예식장,기본식대(총금액),필수,600,900,"1,180","1,350","1,625"
대전,7월,예식장,기본식대(총금액),필수,600,705,940,"1,400","1,560"
울산,7월,예식장,기본식대(총금액),필수,972,"1,020","1,040","1,240","1,550"
경기도,7월,예식장,기본식대(총금액),필수,675,930,"1,200","1,475","1,800"
강원도,7월,예식장,기본식대(총금액),필수,500,900,"1,100","1,628","1,760"
충청도,7월,예식장,기본식대(총금액),필수,500,585,"1,180","1,500","1,624"
전라도,7월,예식장,기본식대(총금액),필수,675,853,980,"1,260","1,325"
경상도,7월,예식장,기본식대(총금액),필수,400,570,705,900,990
제주도,7월,예식장,기본식대(총금액),필수,350,600,900,"1,680","2,100"
전국,6월,예식장,기본식대(총금액),필수,587,825,"1,180","1,625","2,100"
수도권,6월,예식장,기본식대(총금액),필수,735,"1,060","1,440","1,875","2,614"
비수도권,6월,예식장,기본식대(총금액),필수,570,675,920,"1,260","1,550"
서울(강남),6월,예식장,기본식대(총금액),필수,"1,058","1,560","2,075","2,640","3,000"
서울(강남외),6월,예식장,기본식대(총금액),필수,720,"1,155","1,540","1,875","2,400"
부산,6월,예식장,기본식대(총금액),필수,403,540,675,765,810
대구,6월,예식장,기본식대(총금액),필수,675,855,945,"1,300","1,650"
인천,6월,예식장,기본식대(총금액),필수,820,980,"1,200","1,450","1,700"
광주,6월,예식장,기본식대(총금액),필수,576,800,"1,200","1,340","1,650"
대전,6월,예식장,기본식대(총금액),필수,600,705,940,"1,400","1,560"
울산,6월,예식장,기본식대(총금액),필수,961,974,"1,070","1,240","1,550"
경기도,6월,예식장,기본식대(총금액),필수,675,930,"1,180","1,500","1,760"
강원도,6월,예식장,기본식대(총금액),필수,675,900,"1,100","1,470","1,760"
충청도,6월,예식장,기본식대(총금액),필수,500,585,"1,180","1,500","1,625"
전라도,6월,예식장,기본식대(총금액),필수,645,850,980,"1,260","1,325"
경상도,6월,예식장,기본식대(총금액),필수,468,570,645,900,"1,000"
제주도,6월,예식장,기본식대(총금액),필수,600,750,"1,375","1,500","2,200"
전국,5월,예식장,기본식대(총금액),필수,600,825,"1,180","1,625","2,200"
수도권,5월,예식장,기본식대(총금액),필수,705,"1,040","1,440","1,875","2,640"
비수도권,5월,예식장,기본식대(총금액),필수,570,704,940,"1,300","1,550"
서울(강남),5월,예식장,기본식대(총금액),필수,"1,031","1,560","2,075","2,700","3,000"
서울(강남외),5월,예식장,기본식대(총금액),필수,705,"1,155","1,540","1,870","2,400"
부산,5월,예식장,기본식대(총금액),필수,400,540,690,765,810
대구,5월,예식장,기본식대(총금액),필수,675,855,945,"1,300","1,650"
인천,5월,예식장,기본식대(총금액),필수,720,960,"1,200","1,425","1,700"
광주,5월,예식장,기본식대(총금액),필수,576,800,"1,200","1,340","1,650"
대전,5월,예식장,기본식대(총금액),필수,600,705,940,"1,400","1,560"
울산,5월,예식장,기본식대(총금액),필수,936,972,"1,040","1,240","1,550"
경기도,5월,예식장,기본식대(총금액),필수,675,930,"1,180","1,460","1,750"
강원도,5월,예식장,기본식대(총금액),필수,658,980,"1,100","1,446","1,760"
충청도,5월,예식장,기본식대(총금액),필수,500,608,"1,180","1,500","1,625"
전라도,5월,예식장,기본식대(총금액),필수,674,900,980,"1,264","1,325"
경상도,5월,예식장,기본식대(총금액),필수,480,570,705,900,"1,050"
제주도,5월,예식장,기본식대(총금액),필수,608,750,"1,363","1,500","2,200"
전국,4월,예식장,총 계약금액,필수,825,"1,109","1,550","2,240","3,050"
수도권,4월,예식장,총 계약금액,필수,"1,145","1,530","2,120","2,865","4,069"
비수도권,4월,예식장,총 계약금액,필수,730,940,"1,200","1,550","1,930"
서울(강남),4월,예식장,총 계약금액,필수,"1,530","1,930","2,774","3,520","5,250"
서울(강남외),4월,예식장,총 계약금액,필수,"1,380","1,885","2,290","2,860","4,440"
부산,4월,예식장,총 계약금액,필수,600,725,915,"1,130","1,280"
대구,4월,예식장,총 계약금액,필수,735,"1,000","1,120","1,550","2,050"
인천,4월,예식장,총 계약금액,필수,810,"1,120","1,300","1,500","1,755"
광주,4월,예식장,총 계약금액,필수,885,"1,100","1,450","1,770","1,968"
대전,4월,예식장,총 계약금액,필수,800,"1,085","1,240","1,497","2,130"
울산,4월,예식장,총 계약금액,필수,"1,311","1,350","1,610","1,650","1,770"
경기도,4월,예식장,총 계약금액,필수,850,"1,260","1,575","2,170","2,865"
강원도,4월,예식장,총 계약금액,필수,840,"1,000","1,470","1,990","2,060"
충청도,4월,예식장,총 계약금액,필수,700,"1,036","1,430","1,780","1,970"
전라도,4월,예식장,총 계약금액,필수,815,"1,040","1,300","1,550","1,850"
경상도,4월,예식장,총 계약금액,필수,705,855,"1,053","1,298","1,800"
제주도,4월,예식장,총 계약금액,필수,950,"1,140","1,300","1,850","2,298"
전국,3월,예식장,총 계약금액,필수,815,"1,100","1,530","2,220","3,080"
수도권,3월,예식장,총 계약금액,필수,"1,144","1,525","2,140","2,930","4,075"
비수도권,3월,예식장,총 계약금액,필수,725,940,"1,180","1,550","1,900"
서울(강남),3월,예식장,총 계약금액,필수,"1,502","1,950","2,869","3,520","5,250"
서울(강남외),3월,예식장,총 계약금액,필수,"1,410","1,875","2,290","2,940","4,440"
부산,3월,예식장,총 계약금액,필수,600,725,895,"1,130","1,280"
대구,3월,예식장,총 계약금액,필수,693,"1,000","1,120","1,510","1,650"
인천,3월,예식장,총 계약금액,필수,835,"1,120","1,301","1,500","1,755"
광주,3월,예식장,총 계약금액,필수,885,"1,083","1,400","1,770","1,825"
대전,3월,예식장,총 계약금액,필수,800,"1,085","1,240","1,530","2,130"
울산,3월,예식장,총 계약금액,필수,"1,120","1,320","1,400","1,610","1,610"
경기도,3월,예식장,총 계약금액,필수,850,"1,260","1,575","2,170","2,865"
강원도,3월,예식장,총 계약금액,필수,875,"1,000","1,470","1,990","2,060"
충청도,3월,예식장,총 계약금액,필수,700,"1,021","1,430","1,780","1,970"
전라도,3월,예식장,총 계약금액,필수,815,"1,040","1,320","1,575","1,930"
경상도,3월,예식장,총 계약금액,필수,705,900,"1,050","1,300","1,800"
제주도,3월,예식장,총 계약금액,필수,933,"1,140","1,260","1,668","2,298"
전국,2월,예식장,총 계약금액,필수,820,"1,113","1,550","2,140","3,061"
수도권,2월,예식장,총 계약금액,필수,"1,150","1,530","2,080","2,865","4,075"
비수도권,2월,예식장,총 계약금액,필수,725,940,"1,200","1,600","1,945"
서울(강남),2월,예식장,총 계약금액,필수,"1,530","2,075","2,890","3,520","5,400"
서울(강남외),2월,예식장,총 계약금액,필수,"1,450","1,850","2,220","2,770","4,190"
부산,2월,예식장,총 계약금액,필수,640,745,"1,000","1,190","1,527"
대구,2월,예식장,총 계약금액,필수,720,"1,055","1,180","1,550","1,760"
인천,2월,예식장,총 계약금액,필수,812,"1,110","1,300","1,442","1,755"
광주,2월,예식장,총 계약금액,필수,925,"1,113","1,450","1,770","1,829"
대전,2월,예식장,총 계약금액,필수,800,"1,070","1,265","1,500","2,030"
울산,2월,예식장,총 계약금액,필수,"1,140","1,320","1,400","1,420","1,460"
경기도,2월,예식장,총 계약금액,필수,892,"1,245","1,580","1,995","2,865"
강원도,2월,예식장,총 계약금액,필수,965,"1,044","1,630","1,990","2,060"
충청도,2월,예식장,총 계약금액,필수,700,970,"1,430","1,800","1,970"
전라도,2월,예식장,총 계약금액,필수,815,"1,040","1,280","1,560","1,990"
경상도,2월,예식장,총 계약금액,필수,705,814,"1,020","1,250","1,645"
제주도,2월,예식장,총 계약금액,필수,430,923,"1,170","1,684","2,298"
전국,1월,예식장,총 계약금액,필수,790,"1,075","1,530","2,173","3,042"
수도권,1월,예식장,총 계약금액,필수,"1,130","1,500","2,087","2,770","3,636"
비수도권,1월,예식장,총 계약금액,필수,700,920,"1,150","1,560","1,850"
서울(강남),1월,예식장,총 계약금액,필수,"1,530","2,075","2,890","3,520","5,376"
서울(강남외),1월,예식장,총 계약금액,필수,"1,372","1,835","2,220","2,670","3,750"
부산,1월,예식장,총 계약금액,필수,615,730,"1,058","1,199","1,612"
대구,1월,예식장,총 계약금액,필수,720,999,"1,100","1,550","1,750"
인천,1월,예식장,총 계약금액,필수,812,"1,090","1,300","1,500","1,755"
광주,1월,예식장,총 계약금액,필수,600,885,"1,400","1,770","1,825"
대전,1월,예식장,총 계약금액,필수,800,"1,030","1,240","1,634","1,890"
울산,1월,예식장,총 계약금액,필수,"1,136","1,290","1,420","1,420","1,420"
경기도,1월,예식장,총 계약금액,필수,664,"1,175","1,530","1,975","2,550"
강원도,1월,예식장,총 계약금액,필수,840,"1,000","1,425","1,854","2,060"
충청도,1월,예식장,총 계약금액,필수,700,956,"1,430","1,850","1,970"
전라도,1월,예식장,총 계약금액,필수,815,"1,035","1,275","1,520","1,984"
경상도,1월,예식장,총 계약금액,필수,600,768,940,"1,150","1,360"
제주도,1월,예식장,총 계약금액,필수,430,975,"1,140","1,668","2,298"
전국,12월,예식장,총 계약금액,필수,720,"1,050","1,497","2,150","3,110"
수도권,12월,예식장,총 계약금액,필수,"1,031","1,450","2,050","2,850","3,775"
비수도권,12월,예식장,총 계약금액,필수,626,840,"1,130","1,500","1,920"
서울(강남),12월,예식장,총 계약금액,필수,"1,700","2,255","3,060","3,775","5,370"
서울(강남외),12월,예식장,총 계약금액,필수,"1,130","1,770","2,100","2,625","3,300"
부산,12월,예식장,총 계약금액,필수,500,700,958,"1,135","1,392"
대구,12월,예식장,총 계약금액,필수,735,950,"1,120","1,472","2,002"
인천,12월,예식장,총 계약금액,필수,958,"1,170","1,400","1,635","2,630"
광주,12월,예식장,총 계약금액,필수,600,781,"1,400","1,585","1,825"
대전,12월,예식장,총 계약금액,필수,810,962,"1,240","1,530","1,635"
울산,12월,예식장,총 계약금액,필수,"1,168","1,320","1,460","1,770","2,200"
경기도,12월,예식장,총 계약금액,필수,775,"1,150","1,530","1,970","2,550"
강원도,12월,예식장,총 계약금액,필수,840,"1,025","1,300","1,800","2,060"
충청도,12월,예식장,총 계약금액,필수,700,970,"1,575","1,945","2,000"
전라도,12월,예식장,총 계약금액,필수,764,"1,080","1,280","1,725","2,725"
경상도,12월,예식장,총 계약금액,필수,562,730,"1,020","1,145","1,470"
제주도,12월,예식장,총 계약금액,필수,430,690,"1,140","1,668","2,160"
전국,11월,예식장,총 계약금액,필수,745,"1,090","1,540","2,150","3,130"
수도권,11월,예식장,총 계약금액,필수,"1,040","1,450","2,050","2,780","3,775"
비수도권,11월,예식장,총 계약금액,필수,655,905,"1,150","1,535","1,920"
서울(강남),11월,예식장,총 계약금액,필수,"1,707","2,213","3,150","3,775","5,250"
서울(강남외),11월,예식장,총 계약금액,필수,"1,130","1,825","2,100","2,625","3,300"
부산,11월,예식장,총 계약금액,필수,501,695,880,"1,083","1,240"
대구,11월,예식장,총 계약금액,필수,820,"1,000","1,120","1,450","1,650"
인천,11월,예식장,총 계약금액,필수,986,"1,170","1,440","1,950","2,140"
광주,11월,예식장,총 계약금액,필수,626,800,"1,400","1,720","2,000"
대전,11월,예식장,총 계약금액,필수,852,"1,030","1,424","1,830","1,830"
울산,11월,예식장,총 계약금액,필수,"1,270","1,316","1,420","1,770","2,169"
경기도,11월,예식장,총 계약금액,필수,775,"1,150","1,500","1,900","2,380"
강원도,11월,예식장,총 계약금액,필수,840,"1,025","1,300","1,775","2,060"
충청도,11월,예식장,총 계약금액,필수,700,"1,110","1,600","1,920","2,000"
전라도,11월,예식장,총 계약금액,필수,798,"1,090","1,275","1,725","2,725"
경상도,11월,예식장,총 계약금액,필수,600,799,"1,020","1,136","1,310"
제주도,11월,예식장,총 계약금액,필수,430,690,"1,140","1,684","2,160"
전국,10월,예식장,총 계약금액,필수,740,"1,085","1,500","2,125","3,060"
수도권,10월,예식장,총 계약금액,필수,"1,040","1,440","2,040","2,750","3,540"
비수도권,10월,예식장,총 계약금액,필수,650,880,"1,140","1,535","1,890"
서울(강남),10월,예식장,총 계약금액,필수,"1,730","2,250","3,150","3,770","4,225"
서울(강남외),10월,예식장,총 계약금액,필수,"1,130","1,750","2,100","2,625","3,300"
부산,10월,예식장,총 계약금액,필수,496,695,855,"1,080","1,240"
대구,10월,예식장,총 계약금액,필수,820,996,"1,120","1,450","1,650"
인천,10월,예식장,총 계약금액,필수,990,"1,170","1,441","1,826","2,140"
광주,10월,예식장,총 계약금액,필수,626,800,"1,400","1,680","2,000"
대전,10월,예식장,총 계약금액,필수,810,"1,030","1,467","1,830","1,830"
울산,10월,예식장,총 계약금액,필수,"1,270","1,320","1,420","1,770","2,200"
경기도,10월,예식장,총 계약금액,필수,775,"1,163","1,530","1,900","2,400"
강원도,10월,예식장,총 계약금액,필수,596,980,"1,300","1,630","2,060"
충청도,10월,예식장,총 계약금액,필수,700,942,"1,575","1,905","2,000"
전라도,10월,예식장,총 계약금액,필수,790,"1,080","1,275","1,725","2,725"
경상도,10월,예식장,총 계약금액,필수,606,825,"1,020","1,136","1,330"
제주도,10월,예식장,총 계약금액,필수,430,750,"1,140","1,668","2,298"
전국,9월,예식장,총 계약금액,필수,740,"1,095","1,580","2,200","3,150"
수도권,9월,예식장,총 계약금액,필수,"1,111","1,500","2,060","2,850","3,738"
비수도권,9월,예식장,총 계약금액,필수,626,843,"1,140","1,550","1,863"
서울(강남),9월,예식장,총 계약금액,필수,"1,650","2,200","3,140","3,600","4,960"
서울(강남외),9월,예식장,총 계약금액,필수,"1,130","1,720","2,080","2,625","3,300"
부산,9월,예식장,총 계약금액,필수,459,700,805,"1,093","1,240"
대구,9월,예식장,총 계약금액,필수,820,"1,043","1,100","1,494","2,250"
인천,9월,예식장,총 계약금액,필수,"1,100","1,230","1,500","2,100","2,630"
광주,9월,예식장,총 계약금액,필수,626,850,"1,400","1,610","1,948"
대전,9월,예식장,총 계약금액,필수,810,"1,005","1,240","1,830","1,830"
울산,9월,예식장,총 계약금액,필수,"1,219","1,308","1,385","1,460","1,651"
경기도,9월,예식장,총 계약금액,필수,775,"1,280","1,575","1,940","2,360"
강원도,9월,예식장,총 계약금액,필수,500,840,"1,090","1,660","2,060"
충청도,9월,예식장,총 계약금액,필수,735,"1,175","1,680","1,920","2,075"
전라도,9월,예식장,총 계약금액,필수,738,"1,040","1,280","1,725","2,725"
경상도,9월,예식장,총 계약금액,필수,606,794,"1,050","1,136","1,330"
제주도,9월,예식장,총 계약금액,필수,430,690,"1,140","1,450","2,298"
전국,8월,예식장,총 계약금액,필수,740,"1,090","1,580","2,240","3,247"
수도권,8월,예식장,총 계약금액,필수,"1,040","1,500","2,060","2,865","3,780"
비수도권,8월,예식장,총 계약금액,필수,626,820,"1,136","1,535","1,835"
서울(강남),8월,예식장,총 계약금액,필수,"1,600","2,200","3,150","3,750","5,250"
서울(강남외),8월,예식장,총 계약금액,필수,"1,110","1,590","2,060","2,580","3,300"
부산,8월,예식장,총 계약금액,필수,510,650,775,"1,130","1,320"
대구,8월,예식장,총 계약금액,필수,820,"1,045","1,100","1,494","1,595"
인천,8월,예식장,총 계약금액,필수,"1,090","1,230","1,500","1,970","2,500"
광주,8월,예식장,총 계약금액,필수,626,850,"1,400","1,610","1,953"
대전,8월,예식장,총 계약금액,필수,810,994,"1,240","1,830","1,830"
울산,8월,예식장,총 계약금액,필수,"1,272","1,320","1,392","1,460","1,621"
경기도,8월,예식장,총 계약금액,필수,775,"1,230","1,575","1,960","2,360"
강원도,8월,예식장,총 계약금액,필수,500,840,"1,630","1,970","2,060"
충청도,8월,예식장,총 계약금액,필수,735,"1,175","1,680","1,900","2,000"
전라도,8월,예식장,총 계약금액,필수,738,"1,040","1,280","1,575","1,725"
경상도,8월,예식장,총 계약금액,필수,574,725,"1,010","1,130","1,310"
제주도,8월,예식장,총 계약금액,필수,430,430,"1,038","1,668","2,184"
전국,7월,예식장,총 계약금액,필수,735,"1,080","1,580","2,190","3,110"
수도권,7월,예식장,총 계약금액,필수,"1,025","1,486","2,020","2,694","3,630"
비수도권,7월,예식장,총 계약금액,필수,655,820,"1,120","1,575","1,924"
서울(강남),7월,예식장,총 계약금액,필수,"1,600","2,250","3,150","3,743","4,370"
서울(강남외),7월,예식장,총 계약금액,필수,906,"1,640","2,120","2,625","3,410"
부산,7월,예식장,총 계약금액,필수,465,620,775,"1,000","1,478"
대구,7월,예식장,총 계약금액,필수,950,"1,070","1,165","1,525","2,250"
인천,7월,예식장,총 계약금액,필수,990,"1,200","1,500","1,965","2,140"
광주,7월,예식장,총 계약금액,필수,626,"1,010","1,400","1,640","2,026"
대전,7월,예식장,총 계약금액,필수,750,"1,005","1,310","1,830","1,855"
울산,7월,예식장,총 계약금액,필수,"1,194","1,304","1,454","1,770","2,200"
경기도,7월,예식장,총 계약금액,필수,775,"1,280","1,600","2,015","2,475"
강원도,7월,예식장,총 계약금액,필수,560,"1,073","1,630","1,940","2,620"
충청도,7월,예식장,총 계약금액,필수,700,835,"1,600","1,920","2,075"
전라도,7월,예식장,총 계약금액,필수,705,"1,040","1,240","1,575","1,775"
경상도,7월,예식장,총 계약금액,필수,570,695,"1,005","1,136","1,330"
제주도,7월,예식장,총 계약금액,필수,430,690,"1,140","1,878","2,298"
전국,6월,예식장,총 계약금액,필수,710,"1,070","1,560","2,175","2,975"
수도권,6월,예식장,총 계약금액,필수,"1,010","1,460","1,995","2,625","3,646"
비수도권,6월,예식장,총 계약금액,필수,650,820,"1,140","1,595","1,910"
서울(강남),6월,예식장,총 계약금액,필수,"1,600","2,150","2,890","3,675","4,340"
서울(강남외),6월,예식장,총 계약금액,필수,905,"1,620","2,175","2,690","3,800"
부산,6월,예식장,총 계약금액,필수,460,600,775,"1,018","1,522"
대구,6월,예식장,총 계약금액,필수,820,"1,040","1,150","1,506","2,250"
인천,6월,예식장,총 계약금액,필수,990,"1,250","1,500","1,950","2,140"
광주,6월,예식장,총 계약금액,필수,626,850,"1,400","1,610","1,999"
대전,6월,예식장,총 계약금액,필수,750,998,"1,190","1,830","1,830"
울산,6월,예식장,총 계약금액,필수,"1,191","1,304","1,454","1,770","2,200"
경기도,6월,예식장,총 계약금액,필수,775,"1,290","1,580","2,020","2,360"
강원도,6월,예식장,총 계약금액,필수,819,"1,080","1,630","1,675","2,620"
충청도,6월,예식장,총 계약금액,필수,700,835,"1,550","1,933","2,075"
전라도,6월,예식장,총 계약금액,필수,705,"1,040","1,240","1,575","1,725"
경상도,6월,예식장,총 계약금액,필수,570,665,860,"1,136","1,330"
제주도,6월,예식장,총 계약금액,필수,690,784,"1,702","1,830","2,500"
전국,5월,예식장,총 계약금액,필수,723,"1,064","1,560","2,190","3,030"
수도권,5월,예식장,총 계약금액,필수,939,"1,450","1,995","2,625","3,750"
비수도권,5월,예식장,총 계약금액,필수,655,843,"1,165","1,595","1,919"
서울(강남),5월,예식장,총 계약금액,필수,"1,540","2,150","2,975","3,750","4,250"
서울(강남외),5월,예식장,총 계약금액,필수,905,"1,620","2,175","2,625","3,925"
부산,5월,예식장,총 계약금액,필수,460,619,790,"1,020","1,485"
대구,5월,예식장,총 계약금액,필수,835,"1,040","1,165","1,525","2,250"
인천,5월,예식장,총 계약금액,필수,820,"1,170","1,500","1,950","2,140"
광주,5월,예식장,총 계약금액,필수,626,940,"1,400","1,610","1,971"
대전,5월,예식장,총 계약금액,필수,750,994,"1,190","1,830","1,830"
울산,5월,예식장,총 계약금액,필수,"1,168","1,294","1,427","1,770","2,200"
경기도,5월,예식장,총 계약금액,필수,775,"1,280","1,580","2,020","2,360"
강원도,5월,예식장,총 계약금액,필수,718,"1,080","1,630","1,675","2,620"
충청도,5월,예식장,총 계약금액,필수,700,835,"1,680","1,973","2,075"
전라도,5월,예식장,총 계약금액,필수,710,"1,040","1,240","1,575","1,725"
경상도,5월,예식장,총 계약금액,필수,570,690,"1,000","1,203","1,330"
제주도,5월,예식장,총 계약금액,필수,703,750,"1,525","1,830","2,500"
전국,4월,예식장,생화꽃장식,선택,50,100,262,501,"1,121"
수도권,4월,예식장,생화꽃장식,선택,50,140,375,770,"1,350"
비수도권,4월,예식장,생화꽃장식,선택,50,83,150,296,551
서울,4월,예식장,생화꽃장식,선택,90,150,501,908,"1,545"
경인,4월,예식장,생화꽃장식,선택,20,50,195,355,495
5대 광역시,4월,예식장,생화꽃장식,선택,64,119,175,400,929
이외 지역,4월,예식장,생화꽃장식,선택,34,60,125,234,703
전국,3월,예식장,생화꽃장식,선택,50,100,275,501,"1,100"
수도권,3월,예식장,생화꽃장식,선택,50,150,400,770,"1,300"
비수도권,3월,예식장,생화꽃장식,선택,50,83,150,296,551
서울,3월,예식장,생화꽃장식,선택,97,188,501,918,"1,515"
경인,3월,예식장,생화꽃장식,선택,20,50,195,355,495
5대 광역시,3월,예식장,생화꽃장식,선택,64,119,175,400,929
이외 지역,3월,예식장,생화꽃장식,선택,34,60,125,234,703
전국,2월,예식장,생화꽃장식,선택,50,100,280,545,"1,219"
수도권,2월,예식장,생화꽃장식,선택,50,150,400,793,"1,500"
비수도권,2월,예식장,생화꽃장식,선택,50,83,150,296,551
서울,2월,예식장,생화꽃장식,선택,100,300,540,993,"1,545"
경인,2월,예식장,생화꽃장식,선택,20,48,193,351,547
5대 광역시,2월,예식장,생화꽃장식,선택,64,119,175,400,929
이외 지역,2월,예식장,생화꽃장식,선택,34,60,125,234,703
전국,1월,예식장,생화꽃장식,선택,50,100,275,563,"1,214"
수도권,1월,예식장,생화꽃장식,선택,53,150,450,800,"1,500"
비수도권,1월,예식장,생화꽃장식,선택,50,75,150,289,535
서울,1월,예식장,생화꽃장식,선택,100,300,550,990,"1,530"
경인,1월,예식장,생화꽃장식,선택,28,52,193,354,652
5대 광역시,1월,예식장,생화꽃장식,선택,66,125,150,390,784
이외 지역,1월,예식장,생화꽃장식,선택,34,60,100,225,660
전국,12월,예식장,생화꽃장식,선택,50,100,262,508,"1,050"
수도권,12월,예식장,생화꽃장식,선택,49,128,393,770,"1,500"
비수도권,12월,예식장,생화꽃장식,선택,50,80,150,300,575
서울,12월,예식장,생화꽃장식,선택,99,225,501,878,"1,500"
경인,12월,예식장,생화꽃장식,선택,28,45,195,375,499
5대 광역시,12월,예식장,생화꽃장식,선택,62,125,150,370,"1,069"
이외 지역,12월,예식장,생화꽃장식,선택,34,58,113,265,703
전국,11월,예식장,생화꽃장식,선택,50,100,250,501,"1,000"
수도권,11월,예식장,생화꽃장식,선택,50,145,393,770,"1,425"
비수도권,11월,예식장,생화꽃장식,선택,50,78,150,288,575
서울,11월,예식장,생화꽃장식,선택,99,300,501,930,"1,500"
경인,11월,예식장,생화꽃장식,선택,30,50,195,350,495
5대 광역시,11월,예식장,생화꽃장식,선택,62,123,150,300,468
이외 지역,11월,예식장,생화꽃장식,선택,33,53,100,272,788
전국,10월,예식장,생화꽃장식,선택,50,100,250,501,"1,000"
수도권,10월,예식장,생화꽃장식,선택,50,150,385,770,"1,400"
비수도권,10월,예식장,생화꽃장식,선택,50,76,150,272,575
서울,10월,예식장,생화꽃장식,선택,100,263,501,904,"1,500"
경인,10월,예식장,생화꽃장식,선택,30,50,195,350,495
5대 광역시,10월,예식장,생화꽃장식,선택,62,123,150,300,468
이외 지역,10월,예식장,생화꽃장식,선택,32,50,100,262,830
전국,9월,예식장,생화꽃장식,선택,50,100,275,515,"1,000"
수도권,9월,예식장,생화꽃장식,선택,53,150,400,770,"1,220"
비수도권,9월,예식장,생화꽃장식,선택,50,86,150,300,575
서울,9월,예식장,생화꽃장식,선택,100,263,501,904,"1,500"
경인,9월,예식장,생화꽃장식,선택,28,100,275,420,503
5대 광역시,9월,예식장,생화꽃장식,선택,68,123,150,300,450
이외 지역,9월,예식장,생화꽃장식,선택,33,55,100,313,895
전국,8월,예식장,생화꽃장식,선택,50,100,262,508,"1,000"
수도권,8월,예식장,생화꽃장식,선택,50,150,400,770,"1,205"
비수도권,8월,예식장,생화꽃장식,선택,50,75,150,300,575
서울,8월,예식장,생화꽃장식,선택,100,263,501,904,"1,500"
경인,8월,예식장,생화꽃장식,선택,20,45,263,410,502
5대 광역시,8월,예식장,생화꽃장식,선택,68,123,150,300,450
이외 지역,8월,예식장,생화꽃장식,선택,27,50,100,294,878
전국,7월,예식장,생화꽃장식,선택,50,100,200,500,995
수도권,7월,예식장,생화꽃장식,선택,43,123,388,770,"1,085"
비수도권,7월,예식장,생화꽃장식,선택,50,71,128,259,538
서울,7월,예식장,생화꽃장식,선택,99,225,501,851,"1,425"
경인,7월,예식장,생화꽃장식,선택,23,43,200,388,500
5대 광역시,7월,예식장,생화꽃장식,선택,61,115,150,300,450
이외 지역,7월,예식장,생화꽃장식,선택,27,50,100,216,703
전국,6월,예식장,생화꽃장식,선택,47,99,200,501,"1,015"
수도권,6월,예식장,생화꽃장식,선택,46,140,400,735,"1,350"
비수도권,6월,예식장,생화꽃장식,선택,38,66,125,250,550
서울,6월,예식장,생화꽃장식,선택,100,263,501,904,"1,500"
경인,6월,예식장,생화꽃장식,선택,24,45,195,420,499
5대 광역시,6월,예식장,생화꽃장식,선택,61,93,150,300,450
이외 지역,6월,예식장,생화꽃장식,선택,12,50,100,200,745
전국,5월,예식장,생화꽃장식,선택,49,97,225,501,"1,005"
수도권,5월,예식장,생화꽃장식,선택,48,130,400,770,"1,300"
비수도권,5월,예식장,생화꽃장식,선택,38,66,125,250,550
서울,5월,예식장,생화꽃장식,선택,89,250,501,945,"1,500"
경인,5월,예식장,생화꽃장식,선택,24,45,195,420,499
5대 광역시,5월,예식장,생화꽃장식,선택,61,93,150,300,450
이외 지역,5월,예식장,생화꽃장식,선택,12,50,100,200,745
전국,4월,예식장,축가/축하공연,선택,20,20,25,35,60
수도권,4월,예식장,축가/축하공연,선택,18,20,25,40,75
비수도권,4월,예식장,축가/축하공연,선택,20,20,25,33,40
서울,4월,예식장,축가/축하공연,선택,17,21,30,55,77
경인,4월,예식장,축가/축하공연,선택,18,20,25,30,32
5대 광역시,4월,예식장,축가/축하공연,선택,19,20,22,36,50
이외 지역,4월,예식장,축가/축하공연,선택,20,20,25,30,38
전국,3월,예식장,축가/축하공연,선택,20,20,25,35,56
수도권,3월,예식장,축가/축하공연,선택,18,20,25,40,75
비수도권,3월,예식장,축가/축하공연,선택,20,20,25,33,40
서울,3월,예식장,축가/축하공연,선택,17,21,32,54,77
경인,3월,예식장,축가/축하공연,선택,18,20,25,30,32
5대 광역시,3월,예식장,축가/축하공연,선택,18,20,22,35,44
이외 지역,3월,예식장,축가/축하공연,선택,20,20,25,30,38
전국,2월,예식장,축가/축하공연,선택,19,20,25,36,60
수도권,2월,예식장,축가/축하공연,선택,18,20,25,40,75
비수도권,2월,예식장,축가/축하공연,선택,20,20,25,35,40
서울,2월,예식장,축가/축하공연,선택,17,20,30,58,83
경인,2월,예식장,축가/축하공연,선택,18,20,25,30,33
5대 광역시,2월,예식장,축가/축하공연,선택,17,20,22,36,46
이외 지역,2월,예식장,축가/축하공연,선택,20,20,25,35,40
전국,1월,예식장,축가/축하공연,선택,18,20,25,39,60
수도권,1월,예식장,축가/축하공연,선택,18,22,28,44,75
비수도권,1월,예식장,축가/축하공연,선택,19,20,25,35,43
서울,1월,예식장,축가/축하공연,선택,17,22,30,55,80
경인,1월,예식장,축가/축하공연,선택,19,21,25,30,48
5대 광역시,1월,예식장,축가/축하공연,선택,16,20,22,37,48
이외 지역,1월,예식장,축가/축하공연,선택,19,20,25,35,45
전국,12월,예식장,축가/축하공연,선택,18,20,25,38,51
수도권,12월,예식장,축가/축하공연,선택,18,21,30,40,72
비수도권,12월,예식장,축가/축하공연,선택,18,20,25,35,40
서울,12월,예식장,축가/축하공연,선택,17,22,33,50,80
경인,12월,예식장,축가/축하공연,선택,19,20,24,30,41
5대 광역시,12월,예식장,축가/축하공연,선택,16,20,22,33,40
이외 지역,12월,예식장,축가/축하공연,선택,17,20,25,36,40
전국,11월,예식장,축가/축하공연,선택,18,20,25,39,52
수도권,11월,예식장,축가/축하공연,선택,18,22,30,40,68
비수도권,11월,예식장,축가/축하공연,선택,19,20,25,34,40
서울,11월,예식장,축가/축하공연,선택,17,22,33,50,77
경인,11월,예식장,축가/축하공연,선택,20,20,24,30,39
5대 광역시,11월,예식장,축가/축하공연,선택,19,20,24,33,40
이외 지역,11월,예식장,축가/축하공연,선택,17,20,25,36,40
전국,10월,예식장,축가/축하공연,선택,18,20,25,39,54
수도권,10월,예식장,축가/축하공연,선택,18,22,30,43,68
비수도권,10월,예식장,축가/축하공연,선택,19,20,25,34,40
서울,10월,예식장,축가/축하공연,선택,17,22,35,53,77
경인,10월,예식장,축가/축하공연,선택,20,20,24,30,39
5대 광역시,10월,예식장,축가/축하공연,선택,19,20,24,33,40
이외 지역,10월,예식장,축가/축하공연,선택,17,20,25,36,40
전국,9월,예식장,축가/축하공연,선택,19,20,25,39,54
수도권,9월,예식장,축가/축하공연,선택,19,22,30,40,69
비수도권,9월,예식장,축가/축하공연,선택,19,20,25,35,40
서울,9월,예식장,축가/축하공연,선택,17,22,35,53,77
경인,9월,예식장,축가/축하공연,선택,20,22,25,30,42
5대 광역시,9월,예식장,축가/축하공연,선택,19,20,24,33,40
이외 지역,9월,예식장,축가/축하공연,선택,17,20,25,38,51
전국,8월,예식장,축가/축하공연,선택,18,20,25,39,54
수도권,8월,예식장,축가/축하공연,선택,17,22,30,40,67
비수도권,8월,예식장,축가/축하공연,선택,19,20,25,34,40
서울,8월,예식장,축가/축하공연,선택,17,22,33,50,77
경인,8월,예식장,축가/축하공연,선택,20,22,25,30,42
5대 광역시,8월,예식장,축가/축하공연,선택,19,20,24,33,40
이외 지역,8월,예식장,축가/축하공연,선택,17,20,25,37,52
전국,7월,예식장,축가/축하공연,선택,18,20,25,39,51
수도권,7월,예식장,축가/축하공연,선택,17,20,28,40,61
비수도권,7월,예식장,축가/축하공연,선택,19,20,25,34,40
서울,7월,예식장,축가/축하공연,선택,17,20,33,50,74
경인,7월,예식장,축가/축하공연,선택,20,21,25,30,41
5대 광역시,7월,예식장,축가/축하공연,선택,19,20,24,33,40
이외 지역,7월,예식장,축가/축하공연,선택,17,20,25,36,52
전국,6월,예식장,축가/축하공연,선택,18,20,25,39,64
수도권,6월,예식장,축가/축하공연,선택,18,22,30,45,75
비수도권,6월,예식장,축가/축하공연,선택,17,20,25,33,40
서울,6월,예식장,축가/축하공연,선택,17,22,39,60,97
경인,6월,예식장,축가/축하공연,선택,20,21,25,30,41
5대 광역시,6월,예식장,축가/축하공연,선택,16,20,24,33,43
이외 지역,6월,예식장,축가/축하공연,선택,16,20,25,32,44
전국,5월,예식장,축가/축하공연,선택,18,20,25,39,63
수도권,5월,예식장,축가/축하공연,선택,18,22,30,45,75
비수도권,5월,예식장,축가/축하공연,선택,17,20,25,33,40
서울,5월,예식장,축가/축하공연,선택,17,22,39,60,95
경인,5월,예식장,축가/축하공연,선택,20,20,24,30,40
5대 광역시,5월,예식장,축가/축하공연,선택,16,20,24,33,43
이외 지역,5월,예식장,축가/축하공연,선택,16,20,25,32,44
전국,4월,예식장,본식 사회자,선택,20,23,30,33,40
수도권,4월,예식장,본식 사회자,선택,20,25,30,35,45
비수도권,4월,예식장,본식 사회자,선택,20,23,30,30,38
서울,4월,예식장,본식 사회자,선택,20,25,30,40,58
경인,4월,예식장,본식 사회자,선택,20,21,26,30,40
5대 광역시,4월,예식장,본식 사회자,선택,20,25,30,30,35
이외 지역,4월,예식장,본식 사회자,선택,20,21,30,31,38
전국,3월,예식장,본식 사회자,선택,20,23,30,33,40
수도권,3월,예식장,본식 사회자,선택,20,25,30,35,45
비수도권,3월,예식장,본식 사회자,선택,20,23,30,30,38
서울,3월,예식장,본식 사회자,선택,20,25,33,40,57
경인,3월,예식장,본식 사회자,선택,20,21,26,30,40
5대 광역시,3월,예식장,본식 사회자,선택,20,24,30,30,36
이외 지역,3월,예식장,본식 사회자,선택,20,21,30,31,38
전국,2월,예식장,본식 사회자,선택,20,23,30,33,42
수도권,2월,예식장,본식 사회자,선택,20,25,30,39,52
비수도권,2월,예식장,본식 사회자,선택,20,23,30,30,37
서울,2월,예식장,본식 사회자,선택,20,25,33,43,65
경인,2월,예식장,본식 사회자,선택,19,24,26,31,40
5대 광역시,2월,예식장,본식 사회자,선택,20,23,30,30,37
이외 지역,2월,예식장,본식 사회자,선택,20,22,30,30,37
전국,1월,예식장,본식 사회자,선택,20,25,30,33,44
수도권,1월,예식장,본식 사회자,선택,20,25,30,40,55
비수도권,1월,예식장,본식 사회자,선택,20,23,30,30,37
서울,1월,예식장,본식 사회자,선택,21,27,34,44,70
경인,1월,예식장,본식 사회자,선택,18,21,25,30,40
5대 광역시,1월,예식장,본식 사회자,선택,20,24,30,30,38
이외 지역,1월,예식장,본식 사회자,선택,20,23,30,30,37
전국,12월,예식장,본식 사회자,선택,20,23,30,33,43
수도권,12월,예식장,본식 사회자,선택,20,25,30,40,55
비수도권,12월,예식장,본식 사회자,선택,20,23,30,30,37
서울,12월,예식장,본식 사회자,선택,20,25,33,44,64
경인,12월,예식장,본식 사회자,선택,19,20,25,30,40
5대 광역시,12월,예식장,본식 사회자,선택,20,23,30,30,38
이외 지역,12월,예식장,본식 사회자,선택,20,23,30,30,36
전국,11월,예식장,본식 사회자,선택,20,24,30,33,42
수도권,11월,예식장,본식 사회자,선택,20,25,30,35,55
비수도권,11월,예식장,본식 사회자,선택,20,23,30,30,35
서울,11월,예식장,본식 사회자,선택,20,25,33,41,60
경인,11월,예식장,본식 사회자,선택,19,22,25,30,38
5대 광역시,11월,예식장,본식 사회자,선택,20,23,30,30,35
이외 지역,11월,예식장,본식 사회자,선택,20,23,30,30,36
전국,10월,예식장,본식 사회자,선택,20,25,30,33,43
수도권,10월,예식장,본식 사회자,선택,20,25,30,36,54
비수도권,10월,예식장,본식 사회자,선택,20,23,30,30,35
서울,10월,예식장,본식 사회자,선택,20,25,33,42,59
경인,10월,예식장,본식 사회자,선택,19,22,25,30,38
5대 광역시,10월,예식장,본식 사회자,선택,20,23,30,30,35
이외 지역,10월,예식장,본식 사회자,선택,20,23,30,30,36
전국,9월,예식장,본식 사회자,선택,20,25,30,33,43
수도권,9월,예식장,본식 사회자,선택,20,25,30,39,52
비수도권,9월,예식장,본식 사회자,선택,20,23,30,30,35
서울,9월,예식장,본식 사회자,선택,20,25,33,44,59
경인,9월,예식장,본식 사회자,선택,20,22,25,30,35
5대 광역시,9월,예식장,본식 사회자,선택,20,23,29,30,35
이외 지역,9월,예식장,본식 사회자,선택,20,23,30,30,36
전국,8월,예식장,본식 사회자,선택,20,24,30,33,43
수도권,8월,예식장,본식 사회자,선택,20,25,30,39,51
비수도권,8월,예식장,본식 사회자,선택,20,23,30,30,36
서울,8월,예식장,본식 사회자,선택,20,25,33,44,59
경인,8월,예식장,본식 사회자,선택,20,22,25,30,35
5대 광역시,8월,예식장,본식 사회자,선택,20,23,29,30,35
이외 지역,8월,예식장,본식 사회자,선택,20,23,30,30,37
전국,7월,예식장,본식 사회자,선택,20,23,30,33,42
수도권,7월,예식장,본식 사회자,선택,20,24,30,35,45
비수도권,7월,예식장,본식 사회자,선택,20,23,30,30,35
서울,7월,예식장,본식 사회자,선택,20,25,30,40,55
경인,7월,예식장,본식 사회자,선택,19,22,26,30,38
5대 광역시,7월,예식장,본식 사회자,선택,20,24,30,30,35
이외 지역,7월,예식장,본식 사회자,선택,20,23,30,30,36
전국,6월,예식장,본식 사회자,선택,20,23,30,33,44
수도권,6월,예식장,본식 사회자,선택,20,25,30,40,54
비수도권,6월,예식장,본식 사회자,선택,20,23,30,30,34
서울,6월,예식장,본식 사회자,선택,20,25,33,44,58
경인,6월,예식장,본식 사회자,선택,19,23,27,30,39
5대 광역시,6월,예식장,본식 사회자,선택,20,20,30,30,36
이외 지역,6월,예식장,본식 사회자,선택,20,23,30,30,34
전국,5월,예식장,본식 사회자,선택,20,23,30,33,44
수도권,5월,예식장,본식 사회자,선택,20,25,30,40,52
비수도권,5월,예식장,본식 사회자,선택,20,22,30,30,34
서울,5월,예식장,본식 사회자,선택,20,25,33,44,57
경인,5월,예식장,본식 사회자,선택,19,22,26,30,38
5대 광역시,5월,예식장,본식 사회자,선택,20,20,30,30,36
이외 지역,5월,예식장,본식 사회자,선택,18,23,30,30,34
전국,4월,예식장,본식 도우미,선택,15,17,30,35,40
수도권,4월,예식장,본식 도우미,선택,15,17,30,35,42
비수도권,4월,예식장,본식 도우미,선택,15,15,29,35,40
서울,4월,예식장,본식 도우미,선택,14,21,30,35,52
경인,4월,예식장,본식 도우미,선택,15,17,30,35,40
5대 광역시,4월,예식장,본식 도우미,선택,15,20,35,40,45
이외 지역,4월,예식장,본식 도우미,선택,13,15,24,34,35
전국,3월,예식장,본식 도우미,선택,15,17,30,35,40
수도권,3월,예식장,본식 도우미,선택,15,17,30,35,42
비수도권,3월,예식장,본식 도우미,선택,15,15,27,35,40
서울,3월,예식장,본식 도우미,선택,14,21,30,35,52
경인,3월,예식장,본식 도우미,선택,15,17,30,35,40
5대 광역시,3월,예식장,본식 도우미,선택,15,19,35,40,45
이외 지역,3월,예식장,본식 도우미,선택,13,15,24,34,35
전국,2월,예식장,본식 도우미,선택,15,17,30,35,40
수도권,2월,예식장,본식 도우미,선택,15,17,30,35,42
비수도권,2월,예식장,본식 도우미,선택,15,15,27,35,40
서울,2월,예식장,본식 도우미,선택,14,21,30,35,52
경인,2월,예식장,본식 도우미,선택,15,17,30,35,40
5대 광역시,2월,예식장,본식 도우미,선택,15,20,35,40,45
이외 지역,2월,예식장,본식 도우미,선택,13,15,24,34,35
전국,1월,예식장,본식 도우미,선택,15,20,30,35,40
수도권,1월,예식장,본식 도우미,선택,15,25,30,35,46
비수도권,1월,예식장,본식 도우미,선택,15,16,30,35,40
서울,1월,예식장,본식 도우미,선택,13,20,30,35,52
경인,1월,예식장,본식 도우미,선택,15,25,30,35,44
5대 광역시,1월,예식장,본식 도우미,선택,15,16,35,40,43
이외 지역,1월,예식장,본식 도우미,선택,15,16,25,35,35
전국,12월,예식장,본식 도우미,선택,15,20,30,35,40
수도권,12월,예식장,본식 도우미,선택,15,24,30,35,45
비수도권,12월,예식장,본식 도우미,선택,15,18,29,35,40
서울,12월,예식장,본식 도우미,선택,9,16,30,35,52
경인,12월,예식장,본식 도우미,선택,16,26,30,35,43
5대 광역시,12월,예식장,본식 도우미,선택,15,16,35,40,43
이외 지역,12월,예식장,본식 도우미,선택,15,18,25,34,35
전국,11월,예식장,본식 도우미,선택,15,20,30,35,40
수도권,11월,예식장,본식 도우미,선택,15,24,30,35,40
비수도권,11월,예식장,본식 도우미,선택,15,20,30,35,40
서울,11월,예식장,본식 도우미,선택,11,21,30,35,49
경인,11월,예식장,본식 도우미,선택,15,24,30,35,40
5대 광역시,11월,예식장,본식 도우미,선택,15,19,35,40,42
이외 지역,11월,예식장,본식 도우미,선택,15,20,25,35,35
전국,10월,예식장,본식 도우미,선택,15,20,30,35,40
수도권,10월,예식장,본식 도우미,선택,15,24,30,35,40
비수도권,10월,예식장,본식 도우미,선택,15,20,30,35,40
서울,10월,예식장,본식 도우미,선택,11,23,30,35,48
경인,10월,예식장,본식 도우미,선택,15,24,30,35,40
5대 광역시,10월,예식장,본식 도우미,선택,15,19,35,40,42
이외 지역,10월,예식장,본식 도우미,선택,15,20,25,35,35
전국,9월,예식장,본식 도우미,선택,15,20,30,35,40
수도권,9월,예식장,본식 도우미,선택,15,21,30,35,40
비수도권,9월,예식장,본식 도우미,선택,15,20,30,35,40
서울,9월,예식장,본식 도우미,선택,11,22,30,35,49
경인,9월,예식장,본식 도우미,선택,15,19,30,34,35
5대 광역시,9월,예식장,본식 도우미,선택,15,19,35,40,42
이외 지역,9월,예식장,본식 도우미,선택,15,20,25,35,35
전국,8월,예식장,본식 도우미,선택,15,20,30,35,40
수도권,8월,예식장,본식 도우미,선택,13,19,30,35,40
비수도권,8월,예식장,본식 도우미,선택,15,20,30,35,40
서울,8월,예식장,본식 도우미,선택,11,22,30,35,49
경인,8월,예식장,본식 도우미,선택,13,17,30,34,35
5대 광역시,8월,예식장,본식 도우미,선택,15,19,35,40,42
이외 지역,8월,예식장,본식 도우미,선택,15,20,25,35,35
전국,7월,예식장,본식 도우미,선택,15,20,30,35,40
수도권,7월,예식장,본식 도우미,선택,15,24,30,35,40
비수도권,7월,예식장,본식 도우미,선택,15,20,30,35,40
서울,7월,예식장,본식 도우미,선택,12,24,30,35,47
경인,7월,예식장,본식 도우미,선택,15,21,30,34,40
5대 광역시,7월,예식장,본식 도우미,선택,15,19,35,40,42
이외 지역,7월,예식장,본식 도우미,선택,15,20,25,34,35
전국,6월,예식장,본식 도우미,선택,14,20,30,35,40
수도권,6월,예식장,본식 도우미,선택,12,21,30,35,40
비수도권,6월,예식장,본식 도우미,선택,14,19,30,35,40
서울,6월,예식장,본식 도우미,선택,9,20,30,35,46
경인,6월,예식장,본식 도우미,선택,15,21,30,34,40
5대 광역시,6월,예식장,본식 도우미,선택,15,20,33,39,40
이외 지역,6월,예식장,본식 도우미,선택,10,15,25,34,35
전국,5월,예식장,본식 도우미,선택,14,20,30,35,40
수도권,5월,예식장,본식 도우미,선택,12,22,30,35,40
비수도권,5월,예식장,본식 도우미,선택,14,19,30,35,40
서울,5월,예식장,본식 도우미,선택,9,21,30,35,45
경인,5월,예식장,본식 도우미,선택,15,21,30,34,40
5대 광역시,5월,예식장,본식 도우미,선택,15,20,33,39,40
이외 지역,5월,예식장,본식 도우미,선택,10,15,25,34,35
전국,4월,예식장,주례비,선택,14,15,16,20,24
수도권,4월,예식장,주례비,선택,15,15,20,20,25
비수도권,4월,예식장,주례비,선택,10,15,15,20,21
서울,4월,예식장,주례비,선택,15,16,20,22,25
경인,4월,예식장,주례비,선택,14,15,17,20,32
5대 광역시,4월,예식장,주례비,선택,10,15,15,20,20
이외 지역,4월,예식장,주례비,선택,10,15,15,20,30
전국,3월,예식장,주례비,선택,14,15,16,20,24
수도권,3월,예식장,주례비,선택,15,15,20,20,25
비수도권,3월,예식장,주례비,선택,10,15,15,20,21
서울,3월,예식장,주례비,선택,15,16,20,22,25
경인,3월,예식장,주례비,선택,14,15,17,20,32
5대 광역시,3월,예식장,주례비,선택,10,15,15,20,20
이외 지역,3월,예식장,주례비,선택,10,15,15,20,30
전국,2월,예식장,주례비,선택,14,15,16,20,25
수도권,2월,예식장,주례비,선택,15,15,19,20,26
비수도권,2월,예식장,주례비,선택,10,15,15,20,22
서울,2월,예식장,주례비,선택,15,16,20,22,25
경인,2월,예식장,주례비,선택,14,15,16,20,33
5대 광역시,2월,예식장,주례비,선택,14,15,15,20,20
이외 지역,2월,예식장,주례비,선택,10,15,15,20,30
전국,1월,예식장,주례비,선택,10,15,16,20,22
수도권,1월,예식장,주례비,선택,14,15,17,20,22
비수도권,1월,예식장,주례비,선택,10,15,15,20,22
서울,1월,예식장,주례비,선택,15,16,20,22,45
경인,1월,예식장,주례비,선택,10,15,16,20,20
5대 광역시,1월,예식장,주례비,선택,10,15,15,20,20
이외 지역,1월,예식장,주례비,선택,10,15,15,20,30
전국,12월,예식장,주례비,선택,10,15,16,20,22
수도권,12월,예식장,주례비,선택,12,15,17,20,22
비수도권,12월,예식장,주례비,선택,10,15,15,20,21
서울,12월,예식장,주례비,선택,15,16,20,22,40
경인,12월,예식장,주례비,선택,10,15,16,20,20
5대 광역시,12월,예식장,주례비,선택,10,15,15,20,20
이외 지역,12월,예식장,주례비,선택,10,15,15,20,30
전국,11월,예식장,주례비,선택,10,15,16,20,22
수도권,11월,예식장,주례비,선택,14,15,17,20,22
비수도권,11월,예식장,주례비,선택,10,15,15,20,21
서울,11월,예식장,주례비,선택,15,16,20,22,39
경인,11월,예식장,주례비,선택,10,15,16,20,20
5대 광역시,11월,예식장,주례비,선택,10,15,15,20,20
이외 지역,11월,예식장,주례비,선택,10,14,16,20,30
전국,10월,예식장,주례비,선택,10,15,16,20,22
수도권,10월,예식장,주례비,선택,14,15,17,20,31
비수도권,10월,예식장,주례비,선택,10,15,15,20,21
서울,10월,예식장,주례비,선택,15,16,20,22,45
경인,10월,예식장,주례비,선택,10,15,16,20,20
5대 광역시,10월,예식장,주례비,선택,10,15,15,20,20
이외 지역,10월,예식장,주례비,선택,10,14,16,20,30
전국,9월,예식장,주례비,선택,10,15,16,20,22
수도권,9월,예식장,주례비,선택,15,15,17,20,32
비수도권,9월,예식장,주례비,선택,10,15,15,20,20
서울,9월,예식장,주례비,선택,15,15,20,22,45
경인,9월,예식장,주례비,선택,12,15,16,20,20
5대 광역시,9월,예식장,주례비,선택,10,15,15,20,20
이외 지역,9월,예식장,주례비,선택,10,13,15,20,30
전국,8월,예식장,주례비,선택,10,15,16,20,22
수도권,8월,예식장,주례비,선택,15,15,17,20,32
비수도권,8월,예식장,주례비,선택,10,15,15,20,20
서울,8월,예식장,주례비,선택,15,15,20,22,45
경인,8월,예식장,주례비,선택,12,15,16,20,20
5대 광역시,8월,예식장,주례비,선택,10,15,15,20,20
이외 지역,8월,예식장,주례비,선택,10,11,15,20,30
전국,7월,예식장,주례비,선택,10,15,16,20,22
수도권,7월,예식장,주례비,선택,14,15,17,20,31
비수도권,7월,예식장,주례비,선택,10,15,15,20,21
서울,7월,예식장,주례비,선택,15,16,20,22,46
경인,7월,예식장,주례비,선택,10,15,16,20,20
5대 광역시,7월,예식장,주례비,선택,10,15,15,20,20
이외 지역,7월,예식장,주례비,선택,10,13,15,20,30
전국,6월,예식장,주례비,선택,10,15,16,20,22
수도권,6월,예식장,주례비,선택,12,15,17,20,24
비수도권,6월,예식장,주례비,선택,10,15,15,19,20
서울,6월,예식장,주례비,선택,14,16,20,22,45
경인,6월,예식장,주례비,선택,10,15,16,20,20
5대 광역시,6월,예식장,주례비,선택,10,15,15,16,20
이외 지역,6월,예식장,주례비,선택,10,10,15,20,30
전국,5월,예식장,주례비,선택,10,15,16,20,22
수도권,5월,예식장,주례비,선택,14,15,17,20,31
비수도권,5월,예식장,주례비,선택,10,15,15,19,20
서울,5월,예식장,주례비,선택,15,16,20,22,43
경인,5월,예식장,주례비,선택,10,15,16,20,20
5대 광역시,5월,예식장,주례비,선택,10,15,15,16,20
이외 지역,5월,예식장,주례비,선택,10,10,15,20,30
전국,4월,예식장,폐백 음식,선택,15,20,30,48,61
수도권,4월,예식장,폐백 음식,선택,23,29,37,51,61
비수도권,4월,예식장,폐백 음식,선택,15,15,22,40,61
서울,4월,예식장,폐백 음식,선택,24,29,36,53,67
경인,4월,예식장,폐백 음식,선택,11,27,38,51,62
5대 광역시,4월,예식장,폐백 음식,선택,15,15,17,29,50
이외 지역,4월,예식장,폐백 음식,선택,12,20,28,49,88
전국,3월,예식장,폐백 음식,선택,15,20,30,48,61
수도권,3월,예식장,폐백 음식,선택,24,29,38,52,61
비수도권,3월,예식장,폐백 음식,선택,15,15,21,40,61
서울,3월,예식장,폐백 음식,선택,24,30,38,54,63
경인,3월,예식장,폐백 음식,선택,11,27,38,51,62
5대 광역시,3월,예식장,폐백 음식,선택,15,15,17,24,51
이외 지역,3월,예식장,폐백 음식,선택,12,20,28,49,88
전국,2월,예식장,폐백 음식,선택,15,20,30,48,61
수도권,2월,예식장,폐백 음식,선택,23,28,37,52,61
비수도권,2월,예식장,폐백 음식,선택,15,15,21,38,60
서울,2월,예식장,폐백 음식,선택,24,28,37,54,69
경인,2월,예식장,폐백 음식,선택,11,26,36,51,63
5대 광역시,2월,예식장,폐백 음식,선택,15,15,17,28,51
이외 지역,2월,예식장,폐백 음식,선택,12,20,27,48,88
전국,1월,예식장,폐백 음식,선택,15,20,30,48,61
수도권,1월,예식장,폐백 음식,선택,24,30,38,53,65
비수도권,1월,예식장,폐백 음식,선택,15,15,20,39,60
서울,1월,예식장,폐백 음식,선택,24,30,39,55,74
경인,1월,예식장,폐백 음식,선택,25,30,38,52,65
5대 광역시,1월,예식장,폐백 음식,선택,15,15,17,22,46
이외 지역,1월,예식장,폐백 음식,선택,13,20,29,49,80
전국,12월,예식장,폐백 음식,선택,15,20,30,47,62
수도권,12월,예식장,폐백 음식,선택,24,30,38,51,64
비수도권,12월,예식장,폐백 음식,선택,15,15,20,36,60
서울,12월,예식장,폐백 음식,선택,24,30,39,50,60
경인,12월,예식장,폐백 음식,선택,24,28,36,53,65
5대 광역시,12월,예식장,폐백 음식,선택,15,15,17,22,38
이외 지역,12월,예식장,폐백 음식,선택,12,19,29,49,85
전국,11월,예식장,폐백 음식,선택,15,20,30,47,61
수도권,11월,예식장,폐백 음식,선택,24,28,38,51,62
비수도권,11월,예식장,폐백 음식,선택,15,15,20,35,60
서울,11월,예식장,폐백 음식,선택,24,28,38,50,60
경인,11월,예식장,폐백 음식,선택,24,29,38,54,65
5대 광역시,11월,예식장,폐백 음식,선택,15,15,17,24,42
이외 지역,11월,예식장,폐백 음식,선택,12,18,28,50,88
전국,10월,예식장,폐백 음식,선택,15,20,30,47,62
수도권,10월,예식장,폐백 음식,선택,24,28,38,51,64
비수도권,10월,예식장,폐백 음식,선택,15,15,20,35,60
서울,10월,예식장,폐백 음식,선택,24,28,39,50,61
경인,10월,예식장,폐백 음식,선택,24,29,38,54,65
5대 광역시,10월,예식장,폐백 음식,선택,15,15,17,24,42
이외 지역,10월,예식장,폐백 음식,선택,12,18,28,50,88
전국,9월,예식장,폐백 음식,선택,15,20,30,47,61
수도권,9월,예식장,폐백 음식,선택,24,30,39,51,65
비수도권,9월,예식장,폐백 음식,선택,15,15,20,34,60
서울,9월,예식장,폐백 음식,선택,23,27,39,50,62
경인,9월,예식장,폐백 음식,선택,24,30,40,53,65
5대 광역시,9월,예식장,폐백 음식,선택,15,15,17,24,42
이외 지역,9월,예식장,폐백 음식,선택,12,18,27,49,66
전국,8월,예식장,폐백 음식,선택,15,19,30,47,61
수도권,8월,예식장,폐백 음식,선택,24,30,39,50,65
비수도권,8월,예식장,폐백 음식,선택,15,15,20,35,60
서울,8월,예식장,폐백 음식,선택,23,25,39,50,61
경인,8월,예식장,폐백 음식,선택,24,30,40,53,65
5대 광역시,8월,예식장,폐백 음식,선택,15,15,17,24,42
이외 지역,8월,예식장,폐백 음식,선택,12,17,28,49,70
전국,7월,예식장,폐백 음식,선택,15,20,30,47,61
수도권,7월,예식장,폐백 음식,선택,24,28,38,50,62
비수도권,7월,예식장,폐백 음식,선택,15,15,20,35,60
서울,7월,예식장,폐백 음식,선택,23,26,37,50,60
경인,7월,예식장,폐백 음식,선택,24,30,40,54,65
5대 광역시,7월,예식장,폐백 음식,선택,15,15,17,24,42
이외 지역,7월,예식장,폐백 음식,선택,12,18,29,50,89
전국,6월,예식장,폐백 음식,선택,15,20,30,47,61
수도권,6월,예식장,폐백 음식,선택,24,28,37,51,64
비수도권,6월,예식장,폐백 음식,선택,15,15,20,31,60
서울,6월,예식장,폐백 음식,선택,23,28,37,50,62
경인,6월,예식장,폐백 음식,선택,24,29,39,53,65
5대 광역시,6월,예식장,폐백 음식,선택,15,15,17,22,43
이외 지역,6월,예식장,폐백 음식,선택,12,17,28,48,68
전국,5월,예식장,폐백 음식,선택,15,20,30,47,61
수도권,5월,예식장,폐백 음식,선택,24,30,37,51,64
비수도권,5월,예식장,폐백 음식,선택,15,15,20,31,60
서울,5월,예식장,폐백 음식,선택,23,29,36,50,61
경인,5월,예식장,폐백 음식,선택,24,30,40,53,65
5대 광역시,5월,예식장,폐백 음식,선택,15,15,17,22,43
이외 지역,5월,예식장,폐백 음식,선택,12,17,28,48,68
전국,4월,예식장,폐백 수모비,선택,5,10,10,15,22
수도권,4월,예식장,폐백 수모비,선택,5,10,15,20,33
비수도권,4월,예식장,폐백 수모비,선택,5,8,10,15,15
서울,4월,예식장,폐백 수모비,선택,0,10,15,30,33
경인,4월,예식장,폐백 수모비,선택,10,10,15,20,22
5대 광역시,4월,예식장,폐백 수모비,선택,5,6,10,15,15
이외 지역,4월,예식장,폐백 수모비,선택,7,10,10,12,15
전국,3월,예식장,폐백 수모비,선택,5,10,11,15,22
수도권,3월,예식장,폐백 수모비,선택,5,10,15,20,33
비수도권,3월,예식장,폐백 수모비,선택,5,8,10,15,15
서울,3월,예식장,폐백 수모비,선택,0,10,15,30,33
경인,3월,예식장,폐백 수모비,선택,10,10,15,20,22
5대 광역시,3월,예식장,폐백 수모비,선택,5,5,12,15,15
이외 지역,3월,예식장,폐백 수모비,선택,7,10,10,12,15
전국,2월,예식장,폐백 수모비,선택,5,10,11,15,22
수도권,2월,예식장,폐백 수모비,선택,5,10,15,20,33
비수도권,2월,예식장,폐백 수모비,선택,5,8,10,15,15
서울,2월,예식장,폐백 수모비,선택,0,10,15,30,34
경인,2월,예식장,폐백 수모비,선택,10,10,14,20,22
5대 광역시,2월,예식장,폐백 수모비,선택,5,5,12,15,15
이외 지역,2월,예식장,폐백 수모비,선택,7,10,10,12,15
전국,1월,예식장,폐백 수모비,선택,5,10,10,15,24
수도권,1월,예식장,폐백 수모비,선택,7,10,15,20,33
비수도권,1월,예식장,폐백 수모비,선택,5,8,10,15,15
서울,1월,예식장,폐백 수모비,선택,5,10,15,31,35
경인,1월,예식장,폐백 수모비,선택,10,10,11,16,20
5대 광역시,1월,예식장,폐백 수모비,선택,5,5,11,15,15
이외 지역,1월,예식장,폐백 수모비,선택,6,9,10,12,15
전국,12월,예식장,폐백 수모비,선택,5,10,10,15,21
수도권,12월,예식장,폐백 수모비,선택,8,10,15,20,32
비수도권,12월,예식장,폐백 수모비,선택,5,7,10,14,15
서울,12월,예식장,폐백 수모비,선택,5,10,17,22,33
경인,12월,예식장,폐백 수모비,선택,10,10,11,18,20
5대 광역시,12월,예식장,폐백 수모비,선택,5,5,10,15,15
이외 지역,12월,예식장,폐백 수모비,선택,5,9,10,12,15
전국,11월,예식장,폐백 수모비,선택,5,10,10,15,20
수도권,11월,예식장,폐백 수모비,선택,9,10,15,20,31
비수도권,11월,예식장,폐백 수모비,선택,5,6,10,12,15
서울,11월,예식장,폐백 수모비,선택,5,10,16,22,33
경인,11월,예식장,폐백 수모비,선택,10,10,10,16,20
5대 광역시,11월,예식장,폐백 수모비,선택,5,5,10,15,15
이외 지역,11월,예식장,폐백 수모비,선택,5,8,10,10,15
전국,10월,예식장,폐백 수모비,선택,5,10,10,15,20
수도권,10월,예식장,폐백 수모비,선택,10,10,15,20,30
비수도권,10월,예식장,폐백 수모비,선택,5,6,10,12,15
서울,10월,예식장,폐백 수모비,선택,5,10,17,22,33
경인,10월,예식장,폐백 수모비,선택,10,10,10,16,20
5대 광역시,10월,예식장,폐백 수모비,선택,5,5,10,15,15
이외 지역,10월,예식장,폐백 수모비,선택,5,8,10,10,15
전국,9월,예식장,폐백 수모비,선택,5,10,10,15,20
수도권,9월,예식장,폐백 수모비,선택,10,10,15,20,30
비수도권,9월,예식장,폐백 수모비,선택,5,7,10,14,15
서울,9월,예식장,폐백 수모비,선택,5,10,17,22,33
경인,9월,예식장,폐백 수모비,선택,10,10,10,16,20
5대 광역시,9월,예식장,폐백 수모비,선택,5,5,10,15,15
이외 지역,9월,예식장,폐백 수모비,선택,5,8,10,10,15
전국,8월,예식장,폐백 수모비,선택,5,10,10,15,20
수도권,8월,예식장,폐백 수모비,선택,6,10,15,20,30
비수도권,8월,예식장,폐백 수모비,선택,5,6,10,14,15
서울,8월,예식장,폐백 수모비,선택,5,10,17,21,33
경인,8월,예식장,폐백 수모비,선택,9,10,10,15,20
5대 광역시,8월,예식장,폐백 수모비,선택,5,5,10,15,15
이외 지역,8월,예식장,폐백 수모비,선택,5,8,10,11,15
전국,7월,예식장,폐백 수모비,선택,5,10,10,15,20
수도권,7월,예식장,폐백 수모비,선택,6,10,15,20,30
비수도권,7월,예식장,폐백 수모비,선택,5,6,10,14,15
서울,7월,예식장,폐백 수모비,선택,4,10,15,20,33
경인,7월,예식장,폐백 수모비,선택,10,10,10,16,20
5대 광역시,7월,예식장,폐백 수모비,선택,5,5,10,15,15
이외 지역,7월,예식장,폐백 수모비,선택,5,8,10,11,15
전국,6월,예식장,폐백 수모비,선택,5,8,10,15,20
수도권,6월,예식장,폐백 수모비,선택,6,10,15,20,30
비수도권,6월,예식장,폐백 수모비,선택,5,5,10,12,15
서울,6월,예식장,폐백 수모비,선택,4,10,17,22,33
경인,6월,예식장,폐백 수모비,선택,10,10,10,15,20
5대 광역시,6월,예식장,폐백 수모비,선택,5,5,9,15,15
이외 지역,6월,예식장,폐백 수모비,선택,5,8,10,10,15
전국,5월,예식장,폐백 수모비,선택,5,8,10,15,20
수도권,5월,예식장,폐백 수모비,선택,6,10,14,20,30
비수도권,5월,예식장,폐백 수모비,선택,5,5,10,12,15
서울,5월,예식장,폐백 수모비,선택,4,10,16,22,33
경인,5월,예식장,폐백 수모비,선택,10,10,10,15,20
5대 광역시,5월,예식장,폐백 수모비,선택,5,5,9,15,15
이외 지역,5월,예식장,폐백 수모비,선택,5,8,10,10,15
전국,4월,예식장,혼주 헤어/메이크업,선택,12,13,15,22,32
수도권,4월,예식장,혼주 헤어/메이크업,선택,12,14,18,25,33
비수도권,4월,예식장,혼주 헤어/메이크업,선택,12,13,14,20,25
서울,4월,예식장,혼주 헤어/메이크업,선택,11,14,17,28,34
경인,4월,예식장,혼주 헤어/메이크업,선택,12,14,18,22,32
5대 광역시,4월,예식장,혼주 헤어/메이크업,선택,11,13,15,20,25
이외 지역,4월,예식장,혼주 헤어/메이크업,선택,12,13,14,20,26
전국,3월,예식장,혼주 헤어/메이크업,선택,12,13,15,22,32
수도권,3월,예식장,혼주 헤어/메이크업,선택,12,14,18,25,33
비수도권,3월,예식장,혼주 헤어/메이크업,선택,12,13,14,20,25
서울,3월,예식장,혼주 헤어/메이크업,선택,11,13,17,27,34
경인,3월,예식장,혼주 헤어/메이크업,선택,12,14,18,22,32
5대 광역시,3월,예식장,혼주 헤어/메이크업,선택,12,13,15,20,25
이외 지역,3월,예식장,혼주 헤어/메이크업,선택,12,13,14,20,26
전국,2월,예식장,혼주 헤어/메이크업,선택,12,13,15,22,31
수도권,2월,예식장,혼주 헤어/메이크업,선택,12,14,18,24,32
비수도권,2월,예식장,혼주 헤어/메이크업,선택,12,13,14,20,26
서울,2월,예식장,혼주 헤어/메이크업,선택,11,13,17,27,34
경인,2월,예식장,혼주 헤어/메이크업,선택,12,14,18,22,32
5대 광역시,2월,예식장,혼주 헤어/메이크업,선택,11,13,14,20,26
이외 지역,2월,예식장,혼주 헤어/메이크업,선택,12,13,14,21,28
전국,1월,예식장,혼주 헤어/메이크업,선택,12,13,14,22,30
수도권,1월,예식장,혼주 헤어/메이크업,선택,12,14,16,24,32
비수도권,1월,예식장,혼주 헤어/메이크업,선택,12,13,14,20,26
서울,1월,예식장,혼주 헤어/메이크업,선택,11,13,14,27,33
경인,1월,예식장,혼주 헤어/메이크업,선택,12,14,18,22,31
5대 광역시,1월,예식장,혼주 헤어/메이크업,선택,12,13,15,20,25
이외 지역,1월,예식장,혼주 헤어/메이크업,선택,12,13,14,20,28
전국,12월,예식장,혼주 헤어/메이크업,선택,12,14,15,24,30
수도권,12월,예식장,혼주 헤어/메이크업,선택,12,14,18,25,33
비수도권,12월,예식장,혼주 헤어/메이크업,선택,12,14,14,21,26
서울,12월,예식장,혼주 헤어/메이크업,선택,11,14,17,27,33
경인,12월,예식장,혼주 헤어/메이크업,선택,12,14,18,22,31
5대 광역시,12월,예식장,혼주 헤어/메이크업,선택,12,13,15,20,25
이외 지역,12월,예식장,혼주 헤어/메이크업,선택,12,14,14,23,28
전국,11월,예식장,혼주 헤어/메이크업,선택,12,14,17,24,31
수도권,11월,예식장,혼주 헤어/메이크업,선택,12,14,18,27,33
비수도권,11월,예식장,혼주 헤어/메이크업,선택,12,14,14,21,26
서울,11월,예식장,혼주 헤어/메이크업,선택,12,14,18,27,34
경인,11월,예식장,혼주 헤어/메이크업,선택,12,14,18,24,31
5대 광역시,11월,예식장,혼주 헤어/메이크업,선택,11,13,15,20,25
이외 지역,11월,예식장,혼주 헤어/메이크업,선택,12,14,14,23,27
전국,10월,예식장,혼주 헤어/메이크업,선택,12,14,18,24,31
수도권,10월,예식장,혼주 헤어/메이크업,선택,12,14,18,27,34
비수도권,10월,예식장,혼주 헤어/메이크업,선택,12,14,15,21,26
서울,10월,예식장,혼주 헤어/메이크업,선택,12,14,18,29,34
경인,10월,예식장,혼주 헤어/메이크업,선택,12,14,18,24,31
5대 광역시,10월,예식장,혼주 헤어/메이크업,선택,11,13,15,20,25
이외 지역,10월,예식장,혼주 헤어/메이크업,선택,13,14,14,23,28
전국,9월,예식장,혼주 헤어/메이크업,선택,12,14,17,24,31
수도권,9월,예식장,혼주 헤어/메이크업,선택,12,14,18,27,33
비수도권,9월,예식장,혼주 헤어/메이크업,선택,12,14,14,21,26
서울,9월,예식장,혼주 헤어/메이크업,선택,12,14,19,30,34
경인,9월,예식장,혼주 헤어/메이크업,선택,12,14,18,22,31
5대 광역시,9월,예식장,혼주 헤어/메이크업,선택,11,13,15,20,25
이외 지역,9월,예식장,혼주 헤어/메이크업,선택,13,14,14,23,27
전국,8월,예식장,혼주 헤어/메이크업,선택,12,14,17,24,31
수도권,8월,예식장,혼주 헤어/메이크업,선택,12,14,18,27,33
비수도권,8월,예식장,혼주 헤어/메이크업,선택,12,14,14,21,25
서울,8월,예식장,혼주 헤어/메이크업,선택,12,14,19,30,34
경인,8월,예식장,혼주 헤어/메이크업,선택,12,14,18,22,31
5대 광역시,8월,예식장,혼주 헤어/메이크업,선택,11,13,15,20,25
이외 지역,8월,예식장,혼주 헤어/메이크업,선택,13,14,14,23,26
전국,7월,예식장,혼주 헤어/메이크업,선택,12,14,17,24,31
수도권,7월,예식장,혼주 헤어/메이크업,선택,12,14,18,27,34
비수도권,7월,예식장,혼주 헤어/메이크업,선택,12,14,14,21,25
서울,7월,예식장,혼주 헤어/메이크업,선택,12,14,19,30,34
경인,7월,예식장,혼주 헤어/메이크업,선택,12,14,18,22,31
5대 광역시,7월,예식장,혼주 헤어/메이크업,선택,11,13,15,20,25
이외 지역,7월,예식장,혼주 헤어/메이크업,선택,13,14,14,23,26
전국,6월,예식장,혼주 헤어/메이크업,선택,12,14,18,24,31
수도권,6월,예식장,혼주 헤어/메이크업,선택,12,14,18,27,33
비수도권,6월,예식장,혼주 헤어/메이크업,선택,12,14,15,20,25
서울,6월,예식장,혼주 헤어/메이크업,선택,12,14,18,28,34
경인,6월,예식장,혼주 헤어/메이크업,선택,13,14,18,24,31
5대 광역시,6월,예식장,혼주 헤어/메이크업,선택,12,14,18,20,25
이외 지역,6월,예식장,혼주 헤어/메이크업,선택,12,14,14,23,26
전국,5월,예식장,혼주 헤어/메이크업,선택,12,14,18,24,31
수도권,5월,예식장,혼주 헤어/메이크업,선택,12,14,18,27,34
비수도권,5월,예식장,혼주 헤어/메이크업,선택,12,14,15,20,25
서울,5월,예식장,혼주 헤어/메이크업,선택,12,14,18,30,34
경인,5월,예식장,혼주 헤어/메이크업,선택,12,14,18,24,33
5대 광역시,5월,예식장,혼주 헤어/메이크업,선택,11,14,18,20,25
이외 지역,5월,예식장,혼주 헤어/메이크업,선택,12,14,14,23,26
전국,4월,예식장,부케,선택,10,19,25,29,45
수도권,4월,예식장,부케,선택,18,20,29,33,75
비수도권,4월,예식장,부케,선택,5,10,20,28,29
서울,4월,예식장,부케,선택,15,26,29,43,75
경인,4월,예식장,부케,선택,19,20,25,29,62
5대 광역시,4월,예식장,부케,선택,5,10,19,22,29
이외 지역,4월,예식장,부케,선택,10,20,25,29,32
전국,3월,예식장,부케,선택,10,19,25,29,46
수도권,3월,예식장,부케,선택,18,20,29,33,75
비수도권,3월,예식장,부케,선택,5,10,20,28,29
서울,3월,예식장,부케,선택,15,26,29,42,75
경인,3월,예식장,부케,선택,19,20,25,29,62
5대 광역시,3월,예식장,부케,선택,5,7,19,22,29
이외 지역,3월,예식장,부케,선택,10,20,25,29,32
전국,2월,예식장,부케,선택,10,19,25,29,46
수도권,2월,예식장,부케,선택,18,20,29,32,75
비수도권,2월,예식장,부케,선택,5,10,20,28,29
서울,2월,예식장,부케,선택,15,26,29,40,75
경인,2월,예식장,부케,선택,19,20,25,29,62
5대 광역시,2월,예식장,부케,선택,5,7,19,22,29
이외 지역,2월,예식장,부케,선택,10,20,25,29,32
전국,1월,예식장,부케,선택,10,19,25,29,37
수도권,1월,예식장,부케,선택,18,22,29,29,70
비수도권,1월,예식장,부케,선택,5,11,20,28,30
서울,1월,예식장,부케,선택,17,27,29,37,75
경인,1월,예식장,부케,선택,18,20,25,29,32
5대 광역시,1월,예식장,부케,선택,5,7,19,22,29
이외 지역,1월,예식장,부케,선택,10,20,25,29,32
전국,12월,예식장,부케,선택,10,19,26,29,33
수도권,12월,예식장,부케,선택,19,22,29,29,70
비수도권,12월,예식장,부케,선택,5,10,20,29,29
서울,12월,예식장,부케,선택,21,29,29,36,75
경인,12월,예식장,부케,선택,18,19,25,29,29
5대 광역시,12월,예식장,부케,선택,5,6,19,22,29
이외 지역,12월,예식장,부케,선택,10,20,25,29,32
전국,11월,예식장,부케,선택,10,19,25,29,33
수도권,11월,예식장,부케,선택,19,22,29,29,64
비수도권,11월,예식장,부케,선택,5,10,20,29,29
서울,11월,예식장,부케,선택,21,29,29,33,75
경인,11월,예식장,부케,선택,18,20,25,29,29
5대 광역시,11월,예식장,부케,선택,5,6,19,22,29
이외 지역,11월,예식장,부케,선택,12,20,25,29,32
전국,10월,예식장,부케,선택,10,20,26,29,34
수도권,10월,예식장,부케,선택,19,22,29,29,62
비수도권,10월,예식장,부케,선택,5,10,20,29,29
서울,10월,예식장,부케,선택,21,29,29,36,75
경인,10월,예식장,부케,선택,18,20,25,29,29
5대 광역시,10월,예식장,부케,선택,5,6,19,22,29
이외 지역,10월,예식장,부케,선택,11,20,25,29,32
전국,9월,예식장,부케,선택,10,19,28,29,40
수도권,9월,예식장,부케,선택,19,23,29,29,62
비수도권,9월,예식장,부케,선택,5,10,20,29,31
서울,9월,예식장,부케,선택,22,29,29,42,75
경인,9월,예식장,부케,선택,18,19,25,29,29
5대 광역시,9월,예식장,부케,선택,5,5,15,22,29
이외 지역,9월,예식장,부케,선택,13,20,25,29,32
전국,8월,예식장,부케,선택,10,19,28,29,40
수도권,8월,예식장,부케,선택,19,23,29,29,62
비수도권,8월,예식장,부케,선택,5,10,20,29,31
서울,8월,예식장,부케,선택,22,29,29,42,75
경인,8월,예식장,부케,선택,18,19,25,29,29
5대 광역시,8월,예식장,부케,선택,5,5,11,21,29
이외 지역,8월,예식장,부케,선택,12,20,25,29,32
전국,7월,예식장,부케,선택,10,20,28,29,33
수도권,7월,예식장,부케,선택,19,22,29,29,50
비수도권,7월,예식장,부케,선택,5,10,22,29,31
서울,7월,예식장,부케,선택,21,29,29,32,70
경인,7월,예식장,부케,선택,18,20,25,29,29
5대 광역시,7월,예식장,부케,선택,5,5,15,22,29
이외 지역,7월,예식장,부케,선택,12,20,28,29,32
전국,6월,예식장,부케,선택,10,20,28,29,37
수도권,6월,예식장,부케,선택,19,22,29,29,60
비수도권,6월,예식장,부케,선택,5,10,22,29,32
서울,6월,예식장,부케,선택,20,29,29,36,75
경인,6월,예식장,부케,선택,18,19,25,29,29
5대 광역시,6월,예식장,부케,선택,5,5,19,22,29
이외 지역,6월,예식장,부케,선택,11,20,28,29,32
전국,5월,예식장,부케,선택,10,20,28,29,41
수도권,5월,예식장,부케,선택,19,22,29,29,61
비수도권,5월,예식장,부케,선택,5,10,22,29,32
서울,5월,예식장,부케,선택,20,27,29,39,75
경인,5월,예식장,부케,선택,19,19,25,29,29
5대 광역시,5월,예식장,부케,선택,5,5,19,22,29
이외 지역,5월,예식장,부케,선택,11,20,28,29,32
전국,4월,예식장,본식 촬영 비용,선택,50,62,77,90,122
수도권,4월,예식장,본식 촬영 비용,선택,60,67,85,116,158
비수도권,4월,예식장,본식 촬영 비용,선택,45,56,66,85,95
서울,4월,예식장,본식 촬영 비용,선택,56,79,85,122,165
경인,4월,예식장,본식 촬영 비용,선택,60,66,70,84,116
5대 광역시,4월,예식장,본식 촬영 비용,선택,45,56,66,85,104
이외 지역,4월,예식장,본식 촬영 비용,선택,47,56,66,85,90
전국,3월,예식장,본식 촬영 비용,선택,50,62,77,90,122
수도권,3월,예식장,본식 촬영 비용,선택,60,67,85,116,158
비수도권,3월,예식장,본식 촬영 비용,선택,45,56,66,85,95
서울,3월,예식장,본식 촬영 비용,선택,56,80,85,122,165
경인,3월,예식장,본식 촬영 비용,선택,60,66,70,84,116
5대 광역시,3월,예식장,본식 촬영 비용,선택,45,56,66,85,106
이외 지역,3월,예식장,본식 촬영 비용,선택,47,56,66,85,90
전국,2월,예식장,본식 촬영 비용,선택,50,62,77,90,122
수도권,2월,예식장,본식 촬영 비용,선택,60,70,85,116,158
비수도권,2월,예식장,본식 촬영 비용,선택,45,56,65,85,95
서울,2월,예식장,본식 촬영 비용,선택,56,81,85,122,165
경인,2월,예식장,본식 촬영 비용,선택,60,66,70,85,116
5대 광역시,2월,예식장,본식 촬영 비용,선택,45,56,65,87,107
이외 지역,2월,예식장,본식 촬영 비용,선택,44,56,66,85,90
전국,1월,예식장,본식 촬영 비용,선택,50,63,80,90,126
수도권,1월,예식장,본식 촬영 비용,선택,61,70,85,116,156
비수도권,1월,예식장,본식 촬영 비용,선택,45,56,66,85,93
서울,1월,예식장,본식 촬영 비용,선택,61,85,85,122,165
경인,1월,예식장,본식 촬영 비용,선택,63,66,73,80,108
5대 광역시,1월,예식장,본식 촬영 비용,선택,45,56,66,85,99
이외 지역,1월,예식장,본식 촬영 비용,선택,45,56,66,85,90
전국,12월,예식장,본식 촬영 비용,선택,50,62,80,89,123
수도권,12월,예식장,본식 촬영 비용,선택,60,70,85,116,153
비수도권,12월,예식장,본식 촬영 비용,선택,45,56,66,85,93
서울,12월,예식장,본식 촬영 비용,선택,61,85,85,122,165
경인,12월,예식장,본식 촬영 비용,선택,56,65,70,80,116
5대 광역시,12월,예식장,본식 촬영 비용,선택,45,56,70,85,99
이외 지역,12월,예식장,본식 촬영 비용,선택,50,60,66,85,90
전국,11월,예식장,본식 촬영 비용,선택,52,62,80,88,122
수도권,11월,예식장,본식 촬영 비용,선택,59,67,85,116,146
비수도권,11월,예식장,본식 촬영 비용,선택,45,56,66,85,92
서울,11월,예식장,본식 촬영 비용,선택,57,85,85,122,164
경인,11월,예식장,본식 촬영 비용,선택,58,65,70,80,114
5대 광역시,11월,예식장,본식 촬영 비용,선택,45,56,65,85,97
이외 지역,11월,예식장,본식 촬영 비용,선택,50,60,66,85,90
전국,10월,예식장,본식 촬영 비용,선택,53,62,80,88,122
수도권,10월,예식장,본식 촬영 비용,선택,59,69,85,116,150
비수도권,10월,예식장,본식 촬영 비용,선택,45,56,66,85,92
서울,10월,예식장,본식 촬영 비용,선택,59,85,85,122,165
경인,10월,예식장,본식 촬영 비용,선택,58,65,70,80,114
5대 광역시,10월,예식장,본식 촬영 비용,선택,45,56,65,85,97
이외 지역,10월,예식장,본식 촬영 비용,선택,50,60,66,85,88
전국,9월,예식장,본식 촬영 비용,선택,50,62,80,85,122
수도권,9월,예식장,본식 촬영 비용,선택,59,67,85,116,142
비수도권,9월,예식장,본식 촬영 비용,선택,45,56,66,85,92
서울,9월,예식장,본식 촬영 비용,선택,59,85,85,122,165
경인,9월,예식장,본식 촬영 비용,선택,57,65,70,80,116
5대 광역시,9월,예식장,본식 촬영 비용,선택,45,56,63,85,97
이외 지역,9월,예식장,본식 촬영 비용,선택,50,60,66,85,90
전국,8월,예식장,본식 촬영 비용,선택,50,62,80,85,122
수도권,8월,예식장,본식 촬영 비용,선택,57,67,85,116,141
비수도권,8월,예식장,본식 촬영 비용,선택,45,56,66,85,92
서울,8월,예식장,본식 촬영 비용,선택,56,83,85,122,165
경인,8월,예식장,본식 촬영 비용,선택,57,65,70,80,116
5대 광역시,8월,예식장,본식 촬영 비용,선택,44,55,63,85,97
이외 지역,8월,예식장,본식 촬영 비용,선택,51,60,66,85,90
전국,7월,예식장,본식 촬영 비용,선택,50,62,80,87,122
수도권,7월,예식장,본식 촬영 비용,선택,58,69,85,116,147
비수도권,7월,예식장,본식 촬영 비용,선택,45,56,66,85,91
서울,7월,예식장,본식 촬영 비용,선택,56,85,85,122,165
경인,7월,예식장,본식 촬영 비용,선택,58,65,70,80,113
5대 광역시,7월,예식장,본식 촬영 비용,선택,44,56,64,85,97
이외 지역,7월,예식장,본식 촬영 비용,선택,51,60,66,85,88
전국,6월,예식장,본식 촬영 비용,선택,51,62,80,88,122
수도권,6월,예식장,본식 촬영 비용,선택,60,70,85,116,146
비수도권,6월,예식장,본식 촬영 비용,선택,45,56,66,85,95
서울,6월,예식장,본식 촬영 비용,선택,56,85,85,122,165
경인,6월,예식장,본식 촬영 비용,선택,60,65,70,80,111
5대 광역시,6월,예식장,본식 촬영 비용,선택,45,55,64,85,97
이외 지역,6월,예식장,본식 촬영 비용,선택,50,61,66,85,88
전국,5월,예식장,본식 촬영 비용,선택,50,62,80,88,122
수도권,5월,예식장,본식 촬영 비용,선택,58,70,85,116,149
비수도권,5월,예식장,본식 촬영 비용,선택,45,56,66,85,95
서울,5월,예식장,본식 촬영 비용,선택,56,85,85,122,165
경인,5월,예식장,본식 촬영 비용,선택,59,66,73,81,114
5대 광역시,5월,예식장,본식 촬영 비용,선택,45,55,64,85,97
이외 지역,5월,예식장,본식 촬영 비용,선택,50,62,66,85,88
전국,4월,예식장,본식 원판 구매,선택,20,31,50,65,89
수도권,4월,예식장,본식 원판 구매,선택,22,34,50,75,118
비수도권,4월,예식장,본식 원판 구매,선택,9,24,50,60,75
서울,4월,예식장,본식 원판 구매,선택,25,40,50,76,134
경인,4월,예식장,본식 원판 구매,선택,20,25,51,75,105
5대 광역시,4월,예식장,본식 원판 구매,선택,26,49,50,70,77
이외 지역,4월,예식장,본식 원판 구매,선택,7,20,49,53,75
전국,3월,예식장,본식 원판 구매,선택,20,28,50,65,90
수도권,3월,예식장,본식 원판 구매,선택,22,34,50,75,118
비수도권,3월,예식장,본식 원판 구매,선택,9,21,50,60,75
서울,3월,예식장,본식 원판 구매,선택,25,40,50,76,134
경인,3월,예식장,본식 원판 구매,선택,20,25,51,75,105
5대 광역시,3월,예식장,본식 원판 구매,선택,20,49,50,74,78
이외 지역,3월,예식장,본식 원판 구매,선택,7,20,49,53,75
전국,2월,예식장,본식 원판 구매,선택,20,28,50,65,93
수도권,2월,예식장,본식 원판 구매,선택,22,36,50,75,120
비수도권,2월,예식장,본식 원판 구매,선택,8,20,50,60,75
서울,2월,예식장,본식 원판 구매,선택,25,40,50,83,135
경인,2월,예식장,본식 원판 구매,선택,20,25,51,75,105
5대 광역시,2월,예식장,본식 원판 구매,선택,17,49,50,74,78
이외 지역,2월,예식장,본식 원판 구매,선택,7,20,49,51,70
전국,1월,예식장,본식 원판 구매,선택,20,39,50,71,100
수도권,1월,예식장,본식 원판 구매,선택,22,39,51,80,127
비수도권,1월,예식장,본식 원판 구매,선택,10,36,50,60,77
서울,1월,예식장,본식 원판 구매,선택,24,40,50,90,136
경인,1월,예식장,본식 원판 구매,선택,20,27,51,80,113
5대 광역시,1월,예식장,본식 원판 구매,선택,20,49,50,73,78
이외 지역,1월,예식장,본식 원판 구매,선택,9,20,49,60,78
전국,12월,예식장,본식 원판 구매,선택,25,48,51,75,100
수도권,12월,예식장,본식 원판 구매,선택,28,50,51,89,131
비수도권,12월,예식장,본식 원판 구매,선택,17,48,50,65,80
서울,12월,예식장,본식 원판 구매,선택,33,44,51,100,138
경인,12월,예식장,본식 원판 구매,선택,20,50,56,82,114
5대 광역시,12월,예식장,본식 원판 구매,선택,23,49,50,73,77
이외 지역,12월,예식장,본식 원판 구매,선택,12,42,50,64,80
전국,11월,예식장,본식 원판 구매,선택,25,48,50,73,100
수도권,11월,예식장,본식 원판 구매,선택,25,50,51,82,127
비수도권,11월,예식장,본식 원판 구매,선택,21,48,50,65,80
서울,11월,예식장,본식 원판 구매,선택,25,44,51,90,136
경인,11월,예식장,본식 원판 구매,선택,20,50,55,80,113
5대 광역시,11월,예식장,본식 원판 구매,선택,28,49,50,67,76
이외 지역,11월,예식장,본식 원판 구매,선택,18,47,50,65,80
전국,10월,예식장,본식 원판 구매,선택,25,48,50,73,100
수도권,10월,예식장,본식 원판 구매,선택,25,50,51,82,127
비수도권,10월,예식장,본식 원판 구매,선택,21,48,50,65,80
서울,10월,예식장,본식 원판 구매,선택,25,44,51,90,136
경인,10월,예식장,본식 원판 구매,선택,20,50,55,80,113
5대 광역시,10월,예식장,본식 원판 구매,선택,28,49,50,67,76
이외 지역,10월,예식장,본식 원판 구매,선택,18,47,50,65,80
전국,9월,예식장,본식 원판 구매,선택,25,48,50,73,108
수도권,9월,예식장,본식 원판 구매,선택,25,47,51,89,131
비수도권,9월,예식장,본식 원판 구매,선택,22,48,50,65,80
서울,9월,예식장,본식 원판 구매,선택,30,44,51,108,137
경인,9월,예식장,본식 원판 구매,선택,20,50,51,79,116
5대 광역시,9월,예식장,본식 원판 구매,선택,28,49,50,67,76
이외 지역,9월,예식장,본식 원판 구매,선택,18,47,50,64,80
전국,8월,예식장,본식 원판 구매,선택,19,44,50,73,103
수도권,8월,예식장,본식 원판 구매,선택,20,44,51,88,129
비수도권,8월,예식장,본식 원판 구매,선택,12,47,50,64,80
서울,8월,예식장,본식 원판 구매,선택,19,43,51,104,137
경인,8월,예식장,본식 원판 구매,선택,16,39,51,78,115
5대 광역시,8월,예식장,본식 원판 구매,선택,5,48,50,65,75
이외 지역,8월,예식장,본식 원판 구매,선택,13,44,50,63,80
전국,7월,예식장,본식 원판 구매,선택,20,46,50,73,100
수도권,7월,예식장,본식 원판 구매,선택,20,42,51,84,125
비수도권,7월,예식장,본식 원판 구매,선택,12,47,50,64,80
서울,7월,예식장,본식 원판 구매,선택,25,42,51,95,135
경인,7월,예식장,본식 원판 구매,선택,20,33,51,80,111
5대 광역시,7월,예식장,본식 원판 구매,선택,5,48,50,65,75
이외 지역,7월,예식장,본식 원판 구매,선택,13,44,50,63,80
전국,6월,예식장,본식 원판 구매,선택,20,48,50,65,100
수도권,6월,예식장,본식 원판 구매,선택,20,41,51,79,121
비수도권,6월,예식장,본식 원판 구매,선택,17,48,50,65,80
서울,6월,예식장,본식 원판 구매,선택,25,44,51,90,133
경인,6월,예식장,본식 원판 구매,선택,20,25,51,78,110
5대 광역시,6월,예식장,본식 원판 구매,선택,5,49,50,67,76
이외 지역,6월,예식장,본식 원판 구매,선택,18,48,50,63,80
전국,5월,예식장,본식 원판 구매,선택,20,48,50,65,103
수도권,5월,예식장,본식 원판 구매,선택,20,38,51,79,126
비수도권,5월,예식장,본식 원판 구매,선택,17,48,50,65,80
서울,5월,예식장,본식 원판 구매,선택,23,41,51,90,135
경인,5월,예식장,본식 원판 구매,선택,20,23,51,79,111
5대 광역시,5월,예식장,본식 원판 구매,선택,5,49,50,67,76
이외 지역,5월,예식장,본식 원판 구매,선택,18,48,50,63,80
전국,4월,예식장,플라워 샤워,선택,10,10,14,20,27
수도권,4월,예식장,플라워 샤워,선택,11,15,20,30,38
비수도권,4월,예식장,플라워 샤워,선택,6,10,10,20,21
서울,4월,예식장,플라워 샤워,선택,15,17,22,33,50
경인,4월,예식장,플라워 샤워,선택,11,11,12,15,-
5대 광역시,4월,예식장,플라워 샤워,선택,6,10,10,20,21
이외 지역,4월,예식장,플라워 샤워,선택,8,10,10,14,22
전국,3월,예식장,플라워 샤워,선택,10,10,14,20,28
수도권,3월,예식장,플라워 샤워,선택,11,15,20,30,38
비수도권,3월,예식장,플라워 샤워,선택,6,10,10,20,20
서울,3월,예식장,플라워 샤워,선택,15,17,22,33,50
경인,3월,예식장,플라워 샤워,선택,11,11,12,15,-
5대 광역시,3월,예식장,플라워 샤워,선택,6,10,10,20,20
이외 지역,3월,예식장,플라워 샤워,선택,8,10,10,14,22
전국,2월,예식장,플라워 샤워,선택,10,10,14,20,30
수도권,2월,예식장,플라워 샤워,선택,11,14,20,30,41
비수도권,2월,예식장,플라워 샤워,선택,6,10,10,20,21
서울,2월,예식장,플라워 샤워,선택,14,17,22,33,63
경인,2월,예식장,플라워 샤워,선택,11,11,12,15,-
5대 광역시,2월,예식장,플라워 샤워,선택,6,10,10,20,20
이외 지역,2월,예식장,플라워 샤워,선택,5,10,10,14,23
전국,1월,예식장,플라워 샤워,선택,10,10,15,20,30
수도권,1월,예식장,플라워 샤워,선택,11,15,20,30,44
비수도권,1월,예식장,플라워 샤워,선택,6,10,10,20,21
서울,1월,예식장,플라워 샤워,선택,14,18,22,33,75
경인,1월,예식장,플라워 샤워,선택,11,11,12,15,-
5대 광역시,1월,예식장,플라워 샤워,선택,6,10,10,20,20
이외 지역,1월,예식장,플라워 샤워,선택,3,10,10,20,24
전국,12월,예식장,플라워 샤워,선택,10,10,15,20,30
수도권,12월,예식장,플라워 샤워,선택,11,15,21,30,41
비수도권,12월,예식장,플라워 샤워,선택,7,10,10,20,21
서울,12월,예식장,플라워 샤워,선택,15,20,22,33,50
경인,12월,예식장,플라워 샤워,선택,11,11,12,15,-
5대 광역시,12월,예식장,플라워 샤워,선택,6,10,10,20,20
이외 지역,12월,예식장,플라워 샤워,선택,4,10,10,20,23
전국,11월,예식장,플라워 샤워,선택,10,10,15,21,32
수도권,11월,예식장,플라워 샤워,선택,11,15,21,32,50
비수도권,11월,예식장,플라워 샤워,선택,10,10,10,20,21
서울,11월,예식장,플라워 샤워,선택,15,20,22,33,50
경인,11월,예식장,플라워 샤워,선택,11,11,13,15,-
5대 광역시,11월,예식장,플라워 샤워,선택,7,10,10,20,21
이외 지역,11월,예식장,플라워 샤워,선택,10,10,10,20,24
전국,10월,예식장,플라워 샤워,선택,10,10,15,21,33
수도권,10월,예식장,플라워 샤워,선택,11,15,21,33,50
비수도권,10월,예식장,플라워 샤워,선택,10,10,10,20,21
서울,10월,예식장,플라워 샤워,선택,15,20,22,34,50
경인,10월,예식장,플라워 샤워,선택,11,11,13,15,-
5대 광역시,10월,예식장,플라워 샤워,선택,7,10,10,20,21
이외 지역,10월,예식장,플라워 샤워,선택,10,10,10,20,24
전국,9월,예식장,플라워 샤워,선택,10,10,15,21,33
수도권,9월,예식장,플라워 샤워,선택,11,15,21,31,50
비수도권,9월,예식장,플라워 샤워,선택,10,10,10,20,21
서울,9월,예식장,플라워 샤워,선택,12,20,22,33,50
경인,9월,예식장,플라워 샤워,선택,11,11,13,15,-
5대 광역시,9월,예식장,플라워 샤워,선택,8,10,10,20,21
이외 지역,9월,예식장,플라워 샤워,선택,10,10,10,20,24
전국,8월,예식장,플라워 샤워,선택,0,10,13,20,30
수도권,8월,예식장,플라워 샤워,선택,0,9,16,24,50
비수도권,8월,예식장,플라워 샤워,선택,0,10,10,20,21
서울,8월,예식장,플라워 샤워,선택,0,11,21,32,50
경인,8월,예식장,플라워 샤워,선택,0,0,12,15,15
5대 광역시,8월,예식장,플라워 샤워,선택,5,10,10,20,21
이외 지역,8월,예식장,플라워 샤워,선택,0,10,10,16,22
전국,7월,예식장,플라워 샤워,선택,0,10,14,20,33
수도권,7월,예식장,플라워 샤워,선택,0,10,18,30,50
비수도권,7월,예식장,플라워 샤워,선택,0,10,10,20,21
서울,7월,예식장,플라워 샤워,선택,0,15,21,33,50
경인,7월,예식장,플라워 샤워,선택,0,0,12,15,15
5대 광역시,7월,예식장,플라워 샤워,선택,5,10,10,20,21
이외 지역,7월,예식장,플라워 샤워,선택,0,10,10,16,22
전국,6월,예식장,플라워 샤워,선택,0,10,13,20,31
수도권,6월,예식장,플라워 샤워,선택,0,9,17,26,38
비수도권,6월,예식장,플라워 샤워,선택,3,10,10,20,21
서울,6월,예식장,플라워 샤워,선택,0,15,21,33,50
경인,6월,예식장,플라워 샤워,선택,0,0,12,15,15
5대 광역시,6월,예식장,플라워 샤워,선택,6,10,10,20,21
이외 지역,6월,예식장,플라워 샤워,선택,0,10,10,16,22
전국,5월,예식장,플라워 샤워,선택,0,10,14,20,33
수도권,5월,예식장,플라워 샤워,선택,0,10,16,28,49
비수도권,5월,예식장,플라워 샤워,선택,3,10,10,20,21
서울,5월,예식장,플라워 샤워,선택,0,15,21,33,50
경인,5월,예식장,플라워 샤워,선택,0,0,11,15,15
5대 광역시,5월,예식장,플라워 샤워,선택,6,10,10,20,21
이외 지역,5월,예식장,플라워 샤워,선택,0,10,10,16,22
전국,4월,예식장,축주비,선택,30,30,40,50,70
수도권,4월,예식장,축주비,선택,30,37,40,61,75
비수도권,4월,예식장,축주비,선택,16,30,30,42,69
서울,4월,예식장,축주비,선택,30,33,43,66,99
경인,4월,예식장,축주비,선택,30,40,40,46,57
5대 광역시,4월,예식장,축주비,선택,10,30,30,44,69
이외 지역,4월,예식장,축주비,선택,30,30,35,39,97
전국,3월,예식장,축주비,선택,30,30,40,50,70
수도권,3월,예식장,축주비,선택,30,38,40,61,75
비수도권,3월,예식장,축주비,선택,14,30,30,40,63
서울,3월,예식장,축주비,선택,30,33,45,66,99
경인,3월,예식장,축주비,선택,30,40,40,46,57
5대 광역시,3월,예식장,축주비,선택,10,30,30,41,63
이외 지역,3월,예식장,축주비,선택,30,30,35,39,97
전국,2월,예식장,축주비,선택,30,30,40,50,70
수도권,2월,예식장,축주비,선택,30,38,40,61,75
비수도권,2월,예식장,축주비,선택,18,30,30,40,60
서울,2월,예식장,축주비,선택,30,34,43,66,99
경인,2월,예식장,축주비,선택,30,40,40,46,57
5대 광역시,2월,예식장,축주비,선택,10,30,30,41,63
이외 지역,2월,예식장,축주비,선택,30,30,33,38,85
전국,1월,예식장,축주비,선택,30,30,40,55,70
수도권,1월,예식장,축주비,선택,30,37,42,63,79
비수도권,1월,예식장,축주비,선택,28,30,30,42,66
서울,1월,예식장,축주비,선택,30,34,50,66,99
경인,1월,예식장,축주비,선택,30,40,40,50,66
5대 광역시,1월,예식장,축주비,선택,10,30,30,44,66
이외 지역,1월,예식장,축주비,선택,30,30,33,39,97
전국,12월,예식장,축주비,선택,30,30,40,55,71
수도권,12월,예식장,축주비,선택,30,37,40,61,76
비수도권,12월,예식장,축주비,선택,30,30,30,43,70
서울,12월,예식장,축주비,선택,30,35,45,66,99
경인,12월,예식장,축주비,선택,28,38,40,50,64
5대 광역시,12월,예식장,축주비,선택,10,30,30,43,66
이외 지역,12월,예식장,축주비,선택,30,30,35,43,103
전국,11월,예식장,축주비,선택,30,30,40,55,74
수도권,11월,예식장,축주비,선택,30,38,40,61,75
비수도권,11월,예식장,축주비,선택,30,30,30,43,83
서울,11월,예식장,축주비,선택,30,35,45,66,99
경인,11월,예식장,축주비,선택,29,39,40,49,62
5대 광역시,11월,예식장,축주비,선택,14,30,30,46,69
이외 지역,11월,예식장,축주비,선택,30,30,35,43,103
전국,10월,예식장,축주비,선택,30,30,40,54,73
수도권,10월,예식장,축주비,선택,30,38,40,59,74
비수도권,10월,예식장,축주비,선택,30,30,30,43,83
서울,10월,예식장,축주비,선택,30,36,45,66,99
경인,10월,예식장,축주비,선택,29,39,40,49,62
5대 광역시,10월,예식장,축주비,선택,14,30,30,46,69
이외 지역,10월,예식장,축주비,선택,30,30,35,43,103
전국,9월,예식장,축주비,선택,30,30,40,55,78
수도권,9월,예식장,축주비,선택,30,38,40,61,86
비수도권,9월,예식장,축주비,선택,30,30,30,47,81
서울,9월,예식장,축주비,선택,30,35,44,66,99
경인,9월,예식장,축주비,선택,28,40,40,46,66
5대 광역시,9월,예식장,축주비,선택,14,30,30,46,69
이외 지역,9월,예식장,축주비,선택,30,30,35,60,103
전국,8월,예식장,축주비,선택,30,30,40,55,79
수도권,8월,예식장,축주비,선택,30,38,40,61,86
비수도권,8월,예식장,축주비,선택,30,30,30,48,83
서울,8월,예식장,축주비,선택,30,35,44,66,99
경인,8월,예식장,축주비,선택,28,40,40,46,66
5대 광역시,8월,예식장,축주비,선택,14,30,30,46,69
이외 지역,8월,예식장,축주비,선택,30,30,35,66,103
전국,7월,예식장,축주비,선택,30,30,40,51,71
수도권,7월,예식장,축주비,선택,30,36,40,59,74
비수도권,7월,예식장,축주비,선택,30,30,30,43,70
서울,7월,예식장,축주비,선택,30,36,45,66,99
경인,7월,예식장,축주비,선택,29,32,40,49,62
5대 광역시,7월,예식장,축주비,선택,14,30,30,46,69
이외 지역,7월,예식장,축주비,선택,30,30,35,41,-
전국,6월,예식장,축주비,선택,30,30,40,55,76
수도권,6월,예식장,축주비,선택,30,37,40,60,84
비수도권,6월,예식장,축주비,선택,30,30,30,47,77
서울,6월,예식장,축주비,선택,30,37,45,66,99
경인,6월,예식장,축주비,선택,29,34,40,48,59
5대 광역시,6월,예식장,축주비,선택,30,30,30,48,70
이외 지역,6월,예식장,축주비,선택,30,30,35,73,-
전국,5월,예식장,축주비,선택,30,30,40,55,75
수도권,5월,예식장,축주비,선택,30,38,40,61,81
비수도권,5월,예식장,축주비,선택,30,30,30,47,77
서울,5월,예식장,축주비,선택,30,38,45,66,99
경인,5월,예식장,축주비,선택,29,34,40,48,59
5대 광역시,5월,예식장,축주비,선택,30,30,30,48,70
이외 지역,5월,예식장,축주비,선택,30,30,35,73,-
전국,4월,예식장,포토테이블,선택,20,26,37,37,50
수도권,4월,예식장,포토테이블,선택,19,30,37,40,77
비수도권,4월,예식장,포토테이블,선택,18,26,37,37,37
서울,4월,예식장,포토테이블,선택,22,30,37,50,77
경인,4월,예식장,포토테이블,선택,10,13,25,37,-
5대 광역시,4월,예식장,포토테이블,선택,16,37,37,37,54
이외 지역,4월,예식장,포토테이블,선택,15,26,37,37,37
전국,3월,예식장,포토테이블,선택,20,26,37,37,50
수도권,3월,예식장,포토테이블,선택,19,30,37,40,77
비수도권,3월,예식장,포토테이블,선택,18,26,37,37,37
서울,3월,예식장,포토테이블,선택,22,30,37,50,77
경인,3월,예식장,포토테이블,선택,10,13,25,37,-
5대 광역시,3월,예식장,포토테이블,선택,16,37,37,37,54
이외 지역,3월,예식장,포토테이블,선택,15,26,37,37,37
전국,2월,예식장,포토테이블,선택,20,26,37,37,50
수도권,2월,예식장,포토테이블,선택,18,30,37,40,68
비수도권,2월,예식장,포토테이블,선택,16,26,37,37,37
서울,2월,예식장,포토테이블,선택,22,30,37,43,79
경인,2월,예식장,포토테이블,선택,10,13,25,37,-
5대 광역시,2월,예식장,포토테이블,선택,15,37,37,37,55
이외 지역,2월,예식장,포토테이블,선택,13,26,37,37,37
전국,1월,예식장,포토테이블,선택,22,26,37,37,50
수도권,1월,예식장,포토테이블,선택,22,29,37,40,70
비수도권,1월,예식장,포토테이블,선택,21,26,37,37,37
서울,1월,예식장,포토테이블,선택,22,30,37,43,79
경인,1월,예식장,포토테이블,선택,15,18,31,37,-
5대 광역시,1월,예식장,포토테이블,선택,14,37,37,37,56
이외 지역,1월,예식장,포토테이블,선택,22,26,37,37,37
전국,12월,예식장,포토테이블,선택,22,26,37,37,50
수도권,12월,예식장,포토테이블,선택,22,30,37,40,68
비수도권,12월,예식장,포토테이블,선택,22,26,37,37,37
서울,12월,예식장,포토테이블,선택,22,30,37,40,77
경인,12월,예식장,포토테이블,선택,15,18,31,37,-
5대 광역시,12월,예식장,포토테이블,선택,15,37,37,37,55
이외 지역,12월,예식장,포토테이블,선택,24,26,37,37,37
전국,11월,예식장,포토테이블,선택,20,26,37,37,50
수도권,11월,예식장,포토테이블,선택,16,25,37,40,59
비수도권,11월,예식장,포토테이블,선택,20,26,37,37,37
서울,11월,예식장,포토테이블,선택,18,29,36,43,70
경인,11월,예식장,포토테이블,선택,15,20,37,44,-
5대 광역시,11월,예식장,포토테이블,선택,16,37,37,37,54
이외 지역,11월,예식장,포토테이블,선택,24,26,37,37,37
전국,10월,예식장,포토테이블,선택,20,26,37,37,50
수도권,10월,예식장,포토테이블,선택,16,25,37,40,59
비수도권,10월,예식장,포토테이블,선택,20,26,37,37,37
서울,10월,예식장,포토테이블,선택,18,29,36,43,70
경인,10월,예식장,포토테이블,선택,15,20,37,44,-
5대 광역시,10월,예식장,포토테이블,선택,16,37,37,37,54
이외 지역,10월,예식장,포토테이블,선택,24,26,37,37,37
전국,9월,예식장,포토테이블,선택,20,26,37,37,50
수도권,9월,예식장,포토테이블,선택,16,25,36,43,62
비수도권,9월,예식장,포토테이블,선택,20,26,37,37,37
서울,9월,예식장,포토테이블,선택,18,28,35,45,73
경인,9월,예식장,포토테이블,선택,15,20,37,44,-
5대 광역시,9월,예식장,포토테이블,선택,16,37,37,37,54
이외 지역,9월,예식장,포토테이블,선택,21,25,36,37,37
전국,8월,예식장,포토테이블,선택,18,25,37,37,50
수도권,8월,예식장,포토테이블,선택,16,25,36,43,62
비수도권,8월,예식장,포토테이블,선택,17,25,37,37,37
서울,8월,예식장,포토테이블,선택,18,28,35,45,73
경인,8월,예식장,포토테이블,선택,15,20,37,44,-
5대 광역시,8월,예식장,포토테이블,선택,7,24,37,37,53
이외 지역,8월,예식장,포토테이블,선택,21,25,36,37,37
전국,7월,예식장,포토테이블,선택,17,26,37,37,50
수도권,7월,예식장,포토테이블,선택,16,28,37,45,64
비수도권,7월,예식장,포토테이블,선택,16,26,37,37,37
서울,7월,예식장,포토테이블,선택,17,30,37,48,75
경인,7월,예식장,포토테이블,선택,15,20,37,44,-
5대 광역시,7월,예식장,포토테이블,선택,7,24,37,37,53
이외 지역,7월,예식장,포토테이블,선택,25,26,37,37,37
전국,6월,예식장,포토테이블,선택,22,28,37,37,50
수도권,6월,예식장,포토테이블,선택,20,29,37,43,62
비수도권,6월,예식장,포토테이블,선택,21,26,37,37,37
서울,6월,예식장,포토테이블,선택,22,30,37,45,73
경인,6월,예식장,포토테이블,선택,15,20,37,44,-
5대 광역시,6월,예식장,포토테이블,선택,20,37,37,37,55
이외 지역,6월,예식장,포토테이블,선택,22,26,37,37,37
전국,5월,예식장,포토테이블,선택,20,26,37,37,50
수도권,5월,예식장,포토테이블,선택,16,26,37,40,57
비수도권,5월,예식장,포토테이블,선택,21,26,37,37,37
서울,5월,예식장,포토테이블,선택,19,30,37,40,68
경인,5월,예식장,포토테이블,선택,15,20,37,44,-
5대 광역시,5월,예식장,포토테이블,선택,20,37,37,37,55
이외 지역,5월,예식장,포토테이블,선택,22,26,37,37,37
전국,4월,예식장,한복대여,선택,20,23,28,33,39
수도권,4월,예식장,한복대여,선택,20,20,28,33,41
비수도권,4월,예식장,한복대여,선택,19,27,29,33,40
서울,4월,예식장,한복대여,선택,20,23,33,35,44
경인,4월,예식장,한복대여,선택,20,20,25,30,40
5대 광역시,4월,예식장,한복대여,선택,19,29,30,33,36
이외 지역,4월,예식장,한복대여,선택,18,27,27,28,43
전국,3월,예식장,한복대여,선택,20,23,28,33,40
수도권,3월,예식장,한복대여,선택,20,20,28,33,41
비수도권,3월,예식장,한복대여,선택,19,27,28,33,39
서울,3월,예식장,한복대여,선택,20,23,33,35,44
경인,3월,예식장,한복대여,선택,20,20,25,30,40
5대 광역시,3월,예식장,한복대여,선택,18,28,30,33,33
이외 지역,3월,예식장,한복대여,선택,18,27,27,28,43
전국,2월,예식장,한복대여,선택,20,21,27,33,41
수도권,2월,예식장,한복대여,선택,20,20,26,33,42
비수도권,2월,예식장,한복대여,선택,19,26,27,32,38
서울,2월,예식장,한복대여,선택,19,22,33,35,51
경인,2월,예식장,한복대여,선택,20,20,25,30,40
5대 광역시,2월,예식장,한복대여,선택,18,28,30,33,33
이외 지역,2월,예식장,한복대여,선택,18,20,27,27,43
전국,1월,예식장,한복대여,선택,19,20,28,33,41
수도권,1월,예식장,한복대여,선택,20,21,30,34,44
비수도권,1월,예식장,한복대여,선택,16,20,27,32,33
서울,1월,예식장,한복대여,선택,16,23,33,35,62
경인,1월,예식장,한복대여,선택,18,20,25,30,48
5대 광역시,1월,예식장,한복대여,선택,17,27,30,33,33
이외 지역,1월,예식장,한복대여,선택,15,19,24,27,41
전국,12월,예식장,한복대여,선택,19,21,29,33,40
수도권,12월,예식장,한복대여,선택,20,22,30,34,44
비수도권,12월,예식장,한복대여,선택,16,20,27,33,33
서울,12월,예식장,한복대여,선택,18,24,33,35,56
경인,12월,예식장,한복대여,선택,18,20,25,30,48
5대 광역시,12월,예식장,한복대여,선택,17,27,30,33,33
이외 지역,12월,예식장,한복대여,선택,16,20,27,28,41
전국,11월,예식장,한복대여,선택,20,22,30,33,41
수도권,11월,예식장,한복대여,선택,20,22,30,33,43
비수도권,11월,예식장,한복대여,선택,16,21,29,33,40
서울,11월,예식장,한복대여,선택,20,26,33,35,44
경인,11월,예식장,한복대여,선택,20,20,25,30,43
5대 광역시,11월,예식장,한복대여,선택,19,29,30,33,44
이외 지역,11월,예식장,한복대여,선택,16,20,27,28,41
전국,10월,예식장,한복대여,선택,20,22,30,33,43
수도권,10월,예식장,한복대여,선택,20,22,30,33,45
비수도권,10월,예식장,한복대여,선택,16,21,29,33,40
서울,10월,예식장,한복대여,선택,20,27,33,35,57
경인,10월,예식장,한복대여,선택,20,20,25,30,43
5대 광역시,10월,예식장,한복대여,선택,19,29,30,33,44
이외 지역,10월,예식장,한복대여,선택,16,20,27,28,41
전국,9월,예식장,한복대여,선택,20,25,30,33,41
수도권,9월,예식장,한복대여,선택,20,24,30,33,47
비수도권,9월,예식장,한복대여,선택,17,23,30,33,40
서울,9월,예식장,한복대여,선택,22,29,33,35,59
경인,9월,예식장,한복대여,선택,19,20,26,30,39
5대 광역시,9월,예식장,한복대여,선택,19,29,30,33,44
이외 지역,9월,예식장,한복대여,선택,16,20,27,32,40
전국,8월,예식장,한복대여,선택,20,25,30,33,41
수도권,8월,예식장,한복대여,선택,20,24,30,33,47
비수도권,8월,예식장,한복대여,선택,16,26,30,33,40
서울,8월,예식장,한복대여,선택,22,29,33,35,59
경인,8월,예식장,한복대여,선택,19,20,26,30,39
5대 광역시,8월,예식장,한복대여,선택,19,29,30,33,44
이외 지역,8월,예식장,한복대여,선택,16,20,27,33,41
전국,7월,예식장,한복대여,선택,20,23,30,33,43
수도권,7월,예식장,한복대여,선택,20,22,30,33,45
비수도권,7월,예식장,한복대여,선택,16,25,30,33,41
서울,7월,예식장,한복대여,선택,20,27,33,35,57
경인,7월,예식장,한복대여,선택,20,20,26,30,42
5대 광역시,7월,예식장,한복대여,선택,19,29,30,33,44
이외 지역,7월,예식장,한복대여,선택,15,19,27,29,42
전국,6월,예식장,한복대여,선택,20,24,30,33,43
수도권,6월,예식장,한복대여,선택,20,22,30,33,45
비수도권,6월,예식장,한복대여,선택,15,26,30,33,42
서울,6월,예식장,한복대여,선택,20,27,33,34,57
경인,6월,예식장,한복대여,선택,20,20,26,30,42
5대 광역시,6월,예식장,한복대여,선택,18,28,30,33,45
이외 지역,6월,예식장,한복대여,선택,15,18,27,32,-
전국,5월,예식장,한복대여,선택,20,24,30,33,43
수도권,5월,예식장,한복대여,선택,20,22,30,33,44
비수도권,5월,예식장,한복대여,선택,15,26,30,33,42
서울,5월,예식장,한복대여,선택,21,25,33,34,56
경인,5월,예식장,한복대여,선택,20,20,26,30,42
5대 광역시,5월,예식장,한복대여,선택,18,28,30,33,45
이외 지역,5월,예식장,한복대여,선택,15,18,27,32,-
전국,4월,예식장,웨딩케이크,선택,10,20,38,44,58
수도권,4월,예식장,웨딩케이크,선택,17,33,41,45,75
비수도권,4월,예식장,웨딩케이크,선택,10,10,30,38,38
서울,4월,예식장,웨딩케이크,선택,33,40,44,53,89
경인,4월,예식장,웨딩케이크,선택,11,13,20,29,-
5대 광역시,4월,예식장,웨딩케이크,선택,10,16,30,38,-
이외 지역,4월,예식장,웨딩케이크,선택,10,10,29,38,38
전국,3월,예식장,웨딩케이크,선택,10,20,38,44,57
수도권,3월,예식장,웨딩케이크,선택,18,33,41,45,73
비수도권,3월,예식장,웨딩케이크,선택,10,10,30,38,38
서울,3월,예식장,웨딩케이크,선택,33,40,44,50,85
경인,3월,예식장,웨딩케이크,선택,11,13,20,29,-
5대 광역시,3월,예식장,웨딩케이크,선택,10,16,30,38,-
이외 지역,3월,예식장,웨딩케이크,선택,10,10,29,38,38
전국,2월,예식장,웨딩케이크,선택,10,20,38,44,60
수도권,2월,예식장,웨딩케이크,선택,17,32,43,53,84
비수도권,2월,예식장,웨딩케이크,선택,10,10,30,38,38
서울,2월,예식장,웨딩케이크,선택,32,41,44,60,92
경인,2월,예식장,웨딩케이크,선택,11,13,20,29,-
5대 광역시,2월,예식장,웨딩케이크,선택,10,16,30,38,-
이외 지역,2월,예식장,웨딩케이크,선택,10,10,29,38,38
전국,1월,예식장,웨딩케이크,선택,10,20,38,44,72
수도권,1월,예식장,웨딩케이크,선택,20,33,44,60,85
비수도권,1월,예식장,웨딩케이크,선택,10,10,30,38,38
서울,1월,예식장,웨딩케이크,선택,32,41,45,60,99
경인,1월,예식장,웨딩케이크,선택,11,13,20,34,-
5대 광역시,1월,예식장,웨딩케이크,선택,10,15,30,38,-
이외 지역,1월,예식장,웨딩케이크,선택,10,10,29,38,-
전국,12월,예식장,웨딩케이크,선택,10,20,38,44,67
수도권,12월,예식장,웨딩케이크,선택,20,33,44,60,85
비수도권,12월,예식장,웨딩케이크,선택,10,10,30,38,38
서울,12월,예식장,웨딩케이크,선택,32,41,45,60,99
경인,12월,예식장,웨딩케이크,선택,11,13,20,34,-
5대 광역시,12월,예식장,웨딩케이크,선택,10,16,30,38,-
이외 지역,12월,예식장,웨딩케이크,선택,10,10,20,38,-
전국,11월,예식장,웨딩케이크,선택,10,20,38,44,76
수도권,11월,예식장,웨딩케이크,선택,14,26,43,58,103
비수도권,11월,예식장,웨딩케이크,선택,10,10,25,38,38
서울,11월,예식장,웨딩케이크,선택,23,38,45,60,89
경인,11월,예식장,웨딩케이크,선택,11,15,20,91,-
5대 광역시,11월,예식장,웨딩케이크,선택,10,17,30,38,-
이외 지역,11월,예식장,웨딩케이크,선택,10,10,20,38,-
전국,10월,예식장,웨딩케이크,선택,10,20,38,45,84
수도권,10월,예식장,웨딩케이크,선택,15,29,44,60,124
비수도권,10월,예식장,웨딩케이크,선택,10,10,25,38,38
서울,10월,예식장,웨딩케이크,선택,25,40,45,60,117
경인,10월,예식장,웨딩케이크,선택,11,15,20,91,-
5대 광역시,10월,예식장,웨딩케이크,선택,10,17,30,38,-
이외 지역,10월,예식장,웨딩케이크,선택,10,10,20,38,-
전국,9월,예식장,웨딩케이크,선택,10,20,38,48,85
수도권,9월,예식장,웨딩케이크,선택,18,31,45,60,126
비수도권,9월,예식장,웨딩케이크,선택,10,13,30,38,38
서울,9월,예식장,웨딩케이크,선택,30,40,45,60,120
경인,9월,예식장,웨딩케이크,선택,11,14,20,135,-
5대 광역시,9월,예식장,웨딩케이크,선택,15,19,30,38,-
이외 지역,9월,예식장,웨딩케이크,선택,10,10,20,38,-
전국,8월,예식장,웨딩케이크,선택,10,20,38,48,85
수도권,8월,예식장,웨딩케이크,선택,18,31,45,60,126
비수도권,8월,예식장,웨딩케이크,선택,10,13,30,38,38
서울,8월,예식장,웨딩케이크,선택,30,40,45,60,120
경인,8월,예식장,웨딩케이크,선택,11,14,20,135,-
5대 광역시,8월,예식장,웨딩케이크,선택,15,19,30,38,-
이외 지역,8월,예식장,웨딩케이크,선택,10,10,20,38,-
전국,7월,예식장,웨딩케이크,선택,10,20,38,44,75
수도권,7월,예식장,웨딩케이크,선택,14,27,41,55,125
비수도권,7월,예식장,웨딩케이크,선택,10,10,25,38,38
서울,7월,예식장,웨딩케이크,선택,25,40,44,60,120
경인,7월,예식장,웨딩케이크,선택,11,15,20,91,-
5대 광역시,7월,예식장,웨딩케이크,선택,10,17,30,38,-
이외 지역,7월,예식장,웨딩케이크,선택,10,10,20,38,-
전국,6월,예식장,웨딩케이크,선택,10,20,38,45,83
수도권,6월,예식장,웨딩케이크,선택,15,25,41,60,122
비수도권,6월,예식장,웨딩케이크,선택,10,11,30,38,38
서울,6월,예식장,웨딩케이크,선택,21,34,44,60,113
경인,6월,예식장,웨딩케이크,선택,11,15,20,91,-
5대 광역시,6월,예식장,웨딩케이크,선택,10,17,30,38,-
이외 지역,6월,예식장,웨딩케이크,선택,10,10,38,38,56
전국,5월,예식장,웨딩케이크,선택,10,20,38,45,83
수도권,5월,예식장,웨딩케이크,선택,16,27,41,60,120
비수도권,5월,예식장,웨딩케이크,선택,10,11,30,38,38
서울,5월,예식장,웨딩케이크,선택,22,35,44,60,106
경인,5월,예식장,웨딩케이크,선택,11,15,20,91,-
5대 광역시,5월,예식장,웨딩케이크,선택,10,17,30,38,-
이외 지역,5월,예식장,웨딩케이크,선택,10,10,38,38,56
전국,4월,예식장,본식드레스도우미,선택,10,12,15,19,34
수도권,4월,예식장,본식드레스도우미,선택,10,15,18,20,34
비수도권,4월,예식장,본식드레스도우미,선택,9,10,15,18,30
서울,4월,예식장,본식드레스도우미,선택,10,16,32,61,-
경인,4월,예식장,본식드레스도우미,선택,10,15,15,20,20
5대 광역시,4월,예식장,본식드레스도우미,선택,9,10,15,15,28
이외 지역,4월,예식장,본식드레스도우미,선택,8,10,15,19,32
전국,3월,예식장,본식드레스도우미,선택,10,12,15,19,34
수도권,3월,예식장,본식드레스도우미,선택,10,15,17,20,38
비수도권,3월,예식장,본식드레스도우미,선택,9,10,15,18,31
서울,3월,예식장,본식드레스도우미,선택,10,15,34,70,-
경인,3월,예식장,본식드레스도우미,선택,10,15,15,20,20
5대 광역시,3월,예식장,본식드레스도우미,선택,9,10,15,15,31
이외 지역,3월,예식장,본식드레스도우미,선택,8,10,15,19,32
전국,2월,예식장,본식드레스도우미,선택,10,12,15,19,34
수도권,2월,예식장,본식드레스도우미,선택,10,15,18,20,34
비수도권,2월,예식장,본식드레스도우미,선택,9,10,15,18,32
서울,2월,예식장,본식드레스도우미,선택,10,16,32,61,-
경인,2월,예식장,본식드레스도우미,선택,10,15,15,20,20
5대 광역시,2월,예식장,본식드레스도우미,선택,9,10,15,15,31
이외 지역,2월,예식장,본식드레스도우미,선택,8,10,15,18,33
전국,1월,예식장,본식드레스도우미,선택,10,13,15,19,35
수도권,1월,예식장,본식드레스도우미,선택,11,15,17,20,44
비수도권,1월,예식장,본식드레스도우미,선택,9,10,15,18,35
서울,1월,예식장,본식드레스도우미,선택,10,14,26,55,-
경인,1월,예식장,본식드레스도우미,선택,12,15,15,20,21
5대 광역시,1월,예식장,본식드레스도우미,선택,10,11,15,15,34
이외 지역,1월,예식장,본식드레스도우미,선택,8,10,15,20,35
전국,12월,예식장,본식드레스도우미,선택,10,14,15,19,35
수도권,12월,예식장,본식드레스도우미,선택,11,15,17,20,40
비수도권,12월,예식장,본식드레스도우미,선택,9,10,15,18,35
서울,12월,예식장,본식드레스도우미,선택,10,15,30,50,-
경인,12월,예식장,본식드레스도우미,선택,12,15,16,19,21
5대 광역시,12월,예식장,본식드레스도우미,선택,10,12,15,15,32
이외 지역,12월,예식장,본식드레스도우미,선택,8,10,15,20,35
전국,11월,예식장,본식드레스도우미,선택,10,15,15,20,35
수도권,11월,예식장,본식드레스도우미,선택,12,15,17,24,43
비수도권,11월,예식장,본식드레스도우미,선택,9,10,15,18,34
서울,11월,예식장,본식드레스도우미,선택,11,17,32,46,68
경인,11월,예식장,본식드레스도우미,선택,12,15,15,19,20
5대 광역시,11월,예식장,본식드레스도우미,선택,9,11,15,15,28
이외 지역,11월,예식장,본식드레스도우미,선택,8,10,15,22,35
전국,10월,예식장,본식드레스도우미,선택,10,15,15,20,35
수도권,10월,예식장,본식드레스도우미,선택,12,15,17,24,43
비수도권,10월,예식장,본식드레스도우미,선택,9,10,15,18,34
서울,10월,예식장,본식드레스도우미,선택,11,17,32,46,68
경인,10월,예식장,본식드레스도우미,선택,12,15,15,19,20
5대 광역시,10월,예식장,본식드레스도우미,선택,9,11,15,15,28
이외 지역,10월,예식장,본식드레스도우미,선택,8,10,15,22,35
전국,9월,예식장,본식드레스도우미,선택,10,15,15,20,35
수도권,9월,예식장,본식드레스도우미,선택,12,15,17,25,49
비수도권,9월,예식장,본식드레스도우미,선택,9,10,15,18,34
서울,9월,예식장,본식드레스도우미,선택,11,15,30,50,70
경인,9월,예식장,본식드레스도우미,선택,12,15,15,19,20
5대 광역시,9월,예식장,본식드레스도우미,선택,9,11,15,15,28
이외 지역,9월,예식장,본식드레스도우미,선택,8,10,15,22,35
전국,8월,예식장,본식드레스도우미,선택,10,14,15,20,35
수도권,8월,예식장,본식드레스도우미,선택,12,15,17,25,49
비수도권,8월,예식장,본식드레스도우미,선택,8,10,15,18,34
서울,8월,예식장,본식드레스도우미,선택,11,15,30,50,70
경인,8월,예식장,본식드레스도우미,선택,12,15,15,19,20
5대 광역시,8월,예식장,본식드레스도우미,선택,9,11,15,15,28
이외 지역,8월,예식장,본식드레스도우미,선택,7,10,15,20,35
전국,7월,예식장,본식드레스도우미,선택,10,15,15,20,35
수도권,7월,예식장,본식드레스도우미,선택,12,15,18,28,48
비수도권,7월,예식장,본식드레스도우미,선택,8,10,15,18,34
서울,7월,예식장,본식드레스도우미,선택,11,18,34,50,70
경인,7월,예식장,본식드레스도우미,선택,12,15,15,19,20
5대 광역시,7월,예식장,본식드레스도우미,선택,9,11,15,15,28
이외 지역,7월,예식장,본식드레스도우미,선택,7,10,15,20,35
전국,6월,예식장,본식드레스도우미,선택,10,15,15,20,35
수도권,6월,예식장,본식드레스도우미,선택,12,15,17,26,49
비수도권,6월,예식장,본식드레스도우미,선택,9,10,15,18,35
서울,6월,예식장,본식드레스도우미,선택,11,17,37,55,70
경인,6월,예식장,본식드레스도우미,선택,12,15,15,18,20
5대 광역시,6월,예식장,본식드레스도우미,선택,10,12,15,15,31
이외 지역,6월,예식장,본식드레스도우미,선택,8,10,15,20,35
전국,5월,예식장,본식드레스도우미,선택,10,15,15,20,35
수도권,5월,예식장,본식드레스도우미,선택,12,15,17,25,49
비수도권,5월,예식장,본식드레스도우미,선택,9,10,15,18,35
서울,5월,예식장,본식드레스도우미,선택,11,15,34,50,70
경인,5월,예식장,본식드레스도우미,선택,12,15,15,18,20
5대 광역시,5월,예식장,본식드레스도우미,선택,10,12,15,15,31
이외 지역,5월,예식장,본식드레스도우미,선택,8,10,15,20,35